master_record_number,agency,agency_tracking_number,county,city,collision_date,vehicles_involved,number_injured,number_dead,latitude,longitude,roadway_name,roadway_suffix,roadway_number,roadway_local_id,distance_from_reference,miles-feet_indicator,direction_from_reference,intersection_road_name,intersection_road_name_suffix,intersection_road_number,intersection_local_id,mile_marker,intersection_indicator,intersect_type,interchange_related_indicator,relation_to_junction,work_zone_type,construction_maintenance_zone,construction_maintenance_zone_location,fatal_case_number,officer_first_name,officer_last_name,weather_condition(s),manner_of_crash,pedestrian,bicycle,scooter,parking,hitrun,mou
101602384,METROPOLITAN NASHVILLE POLICE DEPT,20170294076,Davidson,Nashville,4/3/2017 2:47:00 PM,2,0,0,36.095580,-86.825400,BURTON HILLS BLVD,,,,0.00,,,HILLSBORO PKE,,,,0.00,Y,T-Intersection, ,Non-Junction,None,,,         ,Katelin,Ehrhardt,Clear,Angle,no,no,no,no,no,False
101602385,METROPOLITAN NASHVILLE POLICE DEPT,20170294550,Davidson,Goodlettsville,4/3/2017 5:11:00 PM,2,0,0,36.302750,-86.691850,GALLATIN PKEN,,,,0.00,,,CONFERENCE DR,,,,0.00,Y,Four-Way,Y,Intersection-Related,None,,,         ,Samuel,Miller,Cloudy,Angle,no,no,no,no,yes,False
101602386,METROPOLITAN NASHVILLE POLICE DEPT,20170294563,Davidson,Nashville,4/3/2017 4:32:00 PM,2,0,0,36.123280,-86.751300,NOLENSVILLE PKE,,,,0.00,,,I440 W ENT RAMP,,,,0.00,Y,OTHER, ,Intersection,None,,,         ,Ralph,Smith IV,Clear,Angle,no,no,no,no,no,False
101602389,METROPOLITAN NASHVILLE POLICE DEPT,20170294687,Davidson,Nashville,4/3/2017 6:11:00 PM,1,0,0,36.045240,-86.725140,AMALIE DR,,,,184.00,Feet,North,OLD HICKORY BLVD,,,,0.00,N,Not at Intersection,N,Non-Junction,None,,,         ,Edin,Plancic,Cloudy,Not Collision with Motor Vehicle in Transport,no,no,no,no,yes,False
101602396,METROPOLITAN NASHVILLE POLICE DEPT,20170294711,Davidson,Nashville,4/3/2017 6:14:00 PM,2,0,0,36.067110,-86.724390,NORTHCREST DR,,,,0.00,,,COTTON LN,,,,0.00,Y,T-Intersection, ,Intersection-Related,None,,,         ,Tien,Nguyen,Rain,Front to Rear,no,no,no,no,no,False
101602398,VANDERBILT UNIVERSITY POLICE,17-0294414,Davidson,Nashville,4/3/2017 4:18:00 PM,2,1,0,36.141790,-86.810350,NATCHEZ TRC,,,,460.00,Feet,South,JESS NEELY DR,,,,0.00,N,Not at Intersection,N,Non-Junction,None,,,         ,Cedric,Edwards,Cloudy,Front to Rear,no,no,no,no,no,Campus
101602402,METROPOLITAN NASHVILLE POLICE DEPT,20170294619,Davidson,Nashville,4/3/2017 5:50:00 PM,2,0,0,36.126560,-86.727810,I 24,,,,0.00,,,,,,,51.40,N,Not at Intersection,N,Non-Junction,None,,,         ,Jessie,Meadows,Clear,Front to Rear,no,no,no,no,no,False
101602409,METROPOLITAN NASHVILLE POLICE DEPT,20170294660,Davidson,Nashville,4/3/2017 5:50:00 PM,2,0,0,36.123960,-86.705840,VULTEE BLVD,,,,486.00,Feet,East,MURFREESBORO PKE,,,,0.00,N,Not at Intersection,N,Non-Junction,None,,,         ,Reuben,Hewit,Unknown,Front to Rear,no,no,no,no,yes,False
101602410,METROPOLITAN NASHVILLE POLICE DEPT,20170294511,Davidson,Nashville,4/3/2017 5:05:00 PM,2,0,0,36.084810,-86.763310,I 65,,,,0.00,,,,,,,78.00,N,Not at Intersection, ,Non-Junction,None,,,         ,Katelin,Ehrhardt,Clear,Front to Rear,no,no,no,no,no,False
101602412,METROPOLITAN NASHVILLE POLICE DEPT,20170294612,Davidson,Nashville,4/3/2017 12:00:00 AM,2,0,0,36.168470,-86.814130,JEFFERSON ST,,,,46.00,Feet,West,I40 E EXT RAMP,,,,0.00,N,Not at Intersection,Y,Non-Junction,None,,,         ,Melvin,Taylor,Rain,Angle,no,no,no,no,no,False
101602416,METROPOLITAN NASHVILLE POLICE DEPT,20170294459,Davidson,Nashville,4/3/2017 4:54:00 PM,2,1,0,36.154600,-86.786200,12TH AVS,,,,0.00,,,DEMONBREUN ST,,,,0.00,Y,Four-Way,N,Intersection,None,,,         ,Jacob,Paul,Clear,Front to Rear,no,no,no,no,no,False
101602419,METROPOLITAN NASHVILLE POLICE DEPT,20170294475,Davidson,Nashville,4/3/2017 4:54:00 PM,2,0,0,36.194670,-86.795200,VENTURE CIR,,,,441.00,Feet,East,FRENCH LANDING DR,,,,0.00,N,Not at Intersection,N,Non-Junction,None,,,         ,Michael,Brooks,Cloudy,Front to Rear,no,no,no,no,no,False
101602420,METROPOLITAN NASHVILLE POLICE DEPT,20170294620,Davidson,Nashville,4/3/2017 5:47:00 PM,2,1,0,36.186930,-86.860780,COUNTY HOSPITAL RD,,,,33.00,Feet,East,STEWARTS LN,,,,0.00,N,Not at Intersection,N,Non-Junction,None,,,         ,Michael,Brooks,Rain,"Sideswipe, Same Direction",no,no,no,no,no,False
101602421,METROPOLITAN NASHVILLE POLICE DEPT,20170294507,Davidson,Nashville,4/3/2017 4:40:00 PM,2,0,0,36.193660,-86.831220,CLARKSVILLE PKE,,,,0.00,,,BUENA VISTA PKE,,,,0.00,Y,Four-Way, ,Non-Junction,None,,,         ,Michael,Brooks,Cloudy,Front to Rear,no,no,no,no,no,False
101602425,METROPOLITAN NASHVILLE POLICE DEPT,20170294816,Davidson,Nashville,4/3/2017 7:01:00 PM,2,0,0,36.176040,-86.750090,S 11TH ST,,,,70.00,Feet,South,HOLLY ST,,,,0.00,N,Not at Intersection, ,,None,,,         ,Cressie,Prill,,,no,no,no,no,no,False
101602429,METROPOLITAN NASHVILLE POLICE DEPT,20170294832,Davidson,Nashville,4/3/2017 5:47:00 PM,2,0,0,36.095160,-86.654190,MURFREESBORO PKE,,,,24.00,Feet,West,MURFREESBORO PKE RAMP,,,,0.00,N,Not at Intersection,N,Non-Junction,None,,,         ,Matthew,Johnson,Clear,Other,no,no,no,no,yes,False
101602438,METROPOLITAN NASHVILLE POLICE DEPT,20170294740,Davidson,Nashville,4/3/2017 6:35:00 PM,2,0,0,36.031640,-86.712660,NOLENSVILLE PKE,,,,224.00,Feet,North,KINHAWK DR,,,,0.00,N,Not at Intersection,N,Non-Junction,None,,,         ,Miguel,Garcia,Rain,Front to Rear,no,no,no,no,no,False
101602456,METROPOLITAN NASHVILLE POLICE DEPT,20170294968,Davidson,Nashville,4/3/2017 8:00:00 PM,2,0,0,36.080620,-86.764400,I 65,,,,0.00,,,,,,,77.70,N,Not at Intersection, ,Non-Junction,None,,,         ,Tien,Nguyen,Clear,"Sideswipe, Same Direction",no,no,no,no,no,False
101602466,METROPOLITAN NASHVILLE POLICE DEPT,20170294668,Davidson,Nashville,4/3/2017 5:55:00 PM,3,0,0,36.206000,-86.679740,MCGAVOCK PKE,,,,0.00,,,KIMBERLY DR,,,,0.00,Y,OTHER, ,Non-Junction,None,,,         ,Thomas,Miller,Rain,Front to Rear,no,no,no,no,no,False
101602467,METROPOLITAN NASHVILLE POLICE DEPT,20170294666,Davidson,Nashville,4/3/2017 6:06:00 PM,2,2,0,36.155830,-86.783310,DEMONBREUN ST,,,,183.00,Feet,West,10TH AVS,,,,0.00,N,Not at Intersection,N,Non-Junction,None,,,         ,Pedro,Rivera Chaparro,Clear,Front to Rear,no,no,no,no,no,False
101602478,METROPOLITAN NASHVILLE POLICE DEPT,20170295037,Davidson,Nashville,4/3/2017 8:23:00 PM,2,0,0,36.058880,-86.716680,TUSCULUM RD,,,,0.00,,,TUSCULUM SQUARE DR,,,,0.00,Y,Four-Way, ,Intersection,None,,,         ,Tien,Nguyen,Clear,Angle,no,no,no,no,no,False
101602484,METROPOLITAN NASHVILLE POLICE DEPT,20170294306,Davidson,Nashville,4/3/2017 3:34:00 PM,2,1,0,36.057160,-86.901670,OLD HICKORY BLVD,,,,1470.00,Feet,North,VAUGHN RD,,,,0.00,N,Not at Intersection,N,Non-Junction,None,,,         ,Walter,Gray II,Clear,Front to Rear,no,no,no,no,no,False
101602485,METROPOLITAN NASHVILLE POLICE DEPT,20170294639,Davidson,Nashville,4/3/2017 5:34:00 PM,2,0,0,36.050350,-86.875400,OLD HICKORY BLVD,,,,383.00,Feet,East,CHICKERING RD,,,,0.00,N,Not at Intersection, ,Non-Junction,None,,,         ,Walter,Gray II,Cloudy,Front to Rear,no,no,no,no,no,False
101602488,METROPOLITAN NASHVILLE POLICE DEPT,20170294725,Davidson,Nashville,4/3/2017 6:28:00 PM,2,0,0,36.160440,-86.776830,4TH AVS,,,,208.00,Feet,North,SYMPHONY PL,,,,0.00,N,Not at Intersection, ,Non-Junction,None,,,         ,Brian,Woodard,Rain,Angle,no,no,no,no,no,False
101602498,METROPOLITAN NASHVILLE POLICE DEPT,20170295058,Davidson,Not in City Limit,4/3/2017 8:31:00 PM,1,0,0,36.328620,-86.893140,I 24,,,,0.00,,,,,,,33.55,N,Not at Intersection,N,Non-Junction,None,,,         ,Michael,Brooks,Rain,Not Collision with Motor Vehicle in Transport,no,no,no,no,no,False
101602520,METROPOLITAN NASHVILLE POLICE DEPT,20170294794,Davidson,Nashville,4/3/2017 6:45:00 PM,2,0,0,36.200390,-86.736640,BRONTE AV,,,,636.00,Feet,South,GALLATIN PKE,,,,0.00,N,Not at Intersection,N,Non-Junction,None,,,         ,James,Smith,Rain,Front to Rear,no,no,no,yes,yes,False
101602524,METROPOLITAN NASHVILLE POLICE DEPT,20170295217,Davidson,Nashville,4/3/2017 9:38:00 PM,2,0,0,36.157930,-86.791610,14TH AVN,,,,0.00,,,CHURCH ST,,,,0.00,Y,Four-Way, ,Intersection,None,,,         ,Ralph,Smith IV,Clear,Front to Rear,no,no,no,no,no,False
101602525,BELLE MEADE POLICE DEPT,2017-0091,Davidson,Belle Meade,4/3/2017 8:26:00 PM,2,0,0,36.093100,-86.849210,HARDING PL,,,,0.00,,,LYNNWOOD BLVD,,,,0.00,Y,Four-Way, ,Intersection-Related,None,,,         ,Mack,Mangrum,Rain,Front to Rear,no,no,no,no,no,False
101602529,METROPOLITAN NASHVILLE POLICE DEPT,20170295213,Davidson,Nashville,4/3/2017 9:30:00 PM,2,0,0,36.151590,-86.766780,1ST AVS,,,,92.00,Feet,South,CARROLL ST,,,,0.00,N,Not at Intersection,N,Non-Junction,None,,,         ,Cory,Hale,Rain,HeadOn,no,no,no,no,yes,False
101602530,METROPOLITAN NASHVILLE POLICE DEPT,20170294931,Davidson,Nashville,4/3/2017 7:55:00 PM,1,1,0,36.127570,-86.843880,HARDING PKE,,,,0.00,,,BOSLEY SPRINGS RD,,,,0.00,Y,Four-Way,N,Intersection,None,,,         ,Walter,Gray II,Cloudy,Not Collision with Motor Vehicle in Transport,yes,no,no,no,no,False
101602532,METROPOLITAN NASHVILLE POLICE DEPT,20170295242,Davidson,Nashville,4/3/2017 9:45:00 PM,3,0,0,36.045460,-86.704030,OLD HICKORY BLVD,,,,124.00,Feet,West,EULALA DR,,,,0.00,N,Not at Intersection,N,Non-Junction,None,,,         ,Candice,Soper,Clear,Front to Rear,no,no,no,no,yes,False
101602540,METROPOLITAN NASHVILLE POLICE DEPT,20170295214,Davidson,Nashville,4/3/2017 9:14:00 PM,2,0,0,36.136630,-86.800990,BELCOURT AV,,,,35.00,Feet,West,21ST AVS,,,,0.00,N,Not at Intersection,N,Non-Junction,None,,,         ,Tien,Nguyen,Rain,Front to Rear,no,no,no,no,yes,Campus
101602549,METROPOLITAN NASHVILLE POLICE DEPT,20170295264,Davidson,Nashville,4/3/2017 9:54:00 PM,2,0,0,36.155550,-86.789930,BROADWAY,,,,70.00,Feet,West,I40 E ENT RAMP,,,,0.00,N,Not at Intersection,N,Non-Junction,None,,,         ,Katelin,Ehrhardt,Clear,Front to Rear,no,no,no,no,no,False
101602582,METROPOLITAN NASHVILLE POLICE DEPT,20170295082,Davidson,Nashville,4/3/2017 8:35:00 PM,2,2,0,36.065190,-86.626920,HAMILTON CHURCH RD,,,,482.00,Feet,East,MURFREESBORO PKE,,,,0.00,N,Not at Intersection,N,Non-Junction,None,,,         ,Nakia,Reid,Clear,"Sideswipe, Opposite Direction",no,no,no,no,no,False
101602583,METROPOLITAN NASHVILLE POLICE DEPT,20170295307,Davidson,Not in City Limit,4/3/2017 10:15:00 PM,2,2,0,36.263210,-86.757300,WESTCHESTER DR,,,,6.00,Feet,West,DICKERSON PKE,,,,0.00,N,Not at Intersection,N,Non-Junction,None,,,         ,Jordan,Vrbas,Cloudy,Angle,no,no,no,no,no,False
101602602,METROPOLITAN NASHVILLE POLICE DEPT,20170294953,Davidson,Nashville,4/3/2017 8:00:00 PM,1,1,0,36.153500,-86.622450,BELL RD,,,,0.00,,,BELL RD PVTDR,,,,0.00,Y,OTHER,N,Non-Junction,None,,,         ,Reuben,Hewit,Cloudy,Not Collision with Motor Vehicle in Transport,yes,no,no,no,no,False
101602605,METROPOLITAN NASHVILLE POLICE DEPT,20170294962,Davidson,Goodlettsville,4/3/2017 12:00:00 AM,4,0,0,36.297360,-86.698800,GALLATIN PKEN,,,,195.00,Feet,North,RIVERGATE PKWY,,,,0.00,N,Not at Intersection,N,Non-Junction,None,,,         ,Joel,Callies,Rain,Angle,no,no,no,no,no,False
101602606,METROPOLITAN NASHVILLE POLICE DEPT,20170294972,Davidson,Nashville,4/3/2017 7:55:00 PM,1,0,0,36.139440,-86.760970,CARNEY ST,,,,0.00,,,2ND AVS,,,,0.00,Y,Y-Intersection, ,Intersection,None,,,         ,Ryan,Cagle,Rain,Not Collision with Motor Vehicle in Transport,no,no,no,no,no,False
101602617,METROPOLITAN NASHVILLE POLICE DEPT,20170295384,Davidson,Nashville,4/3/2017 10:50:00 PM,3,1,0,36.025140,-86.632730,I 24,,,,0.00,,,,,,,61.60,N,Not at Intersection,N,Non-Junction,None,,,         ,Christopher,Dickerson,Clear,Front to Rear,no,no,no,no,no,False
101602634,METROPOLITAN NASHVILLE POLICE DEPT,20170295587,Davidson,Nashville,4/3/2017 11:00:00 PM,2,0,0,36.150370,-86.748930,I 40,,,,0.00,,,,,,,211.65,N,Not at Intersection,N,Non-Junction,None,,,         ,Jonathon,Sheppard,Clear,Front to Rear,no,no,no,no,yes,False
101602635,METROPOLITAN NASHVILLE POLICE DEPT,20170295447,Davidson,Nashville,4/3/2017 11:00:00 PM,1,1,0,36.150370,-86.748930,I 40,,,,0.00,,,,,,,211.65,N,Not at Intersection,N,Non-Junction,None,,,         ,Jonathon,Sheppard,Clear,Not Collision with Motor Vehicle in Transport,yes,no,no,no,no,False
101602637,METROPOLITAN NASHVILLE POLICE DEPT,2017-0295439,Davidson,Nashville,4/3/2017 11:05:00 PM,2,0,0,36.040650,-86.744580,OLD HICKORY BLVD,,,,0.00,,,,,,,0.00,,,N,Non-Junction,None,,,         ,Thomas,Miller,Clear,Front to Rear,no,no,no,yes,yes,False
101602645,METROPOLITAN NASHVILLE POLICE DEPT,20170290250,Davidson,Nashville,4/4/2017 12:33:00 AM,2,0,0,36.160420,-86.778400,5TH AVS,,,,0.00,,,BROADWAY,,,,0.00,Y,Four-Way, ,Non-Junction,None,,,         ,Hunter,Fikes,Clear,"Sideswipe, Same Direction",no,no,no,no,no,False
101602648,METROPOLITAN NASHVILLE POLICE DEPT,20170295421,Davidson,Nashville,4/3/2017 11:02:00 PM,2,0,0,36.145150,-86.624080,LINCOYA BAY DR,,,,32.00,Feet,South,LINCOYA CREEK DR,,,,0.00,N,Not at Intersection,N,Non-Junction,None,,,         ,Jamal,Jarvis,Clear,Rear to Rear,no,no,no,yes,no,False
101602654,METROPOLITAN NASHVILLE POLICE DEPT,20170295377,Davidson,Nashville,4/3/2017 9:00:00 PM,2,0,0,36.190360,-86.810840,14TH AVN,,,,71.00,Feet,North,KELLOW ST,,,,0.00,N,Not at Intersection,N,Non-Junction,None,,,         ,John,Tyree,Cloudy,"Sideswipe, Same Direction",no,no,no,no,yes,False
101602659,GOODLETTSVILLE POLICE DEPT,17-12018,Davidson,Goodlettsville,4/3/2017 6:40:00 PM,2,0,0,36.310378,-86.702306,,,I65 N,,0.00,,,,,,,96.00,N,Not at Intersection, ,Non-Junction,None,,,         ,Shane,Farrell,Rain,"Sideswipe, Same Direction",no,no,no,no,no,False
101602666,METROPOLITAN NASHVILLE POLICE DEPT,20170295648,Davidson,Not in City Limit,4/4/2017 12:00:00 AM,1,0,0,36.307430,-86.681060,RIVERCHASE BLVD,,,,0.00,,,NORTHSIDE MARKETPLACE PVTDR,,,,0.00,Y,OTHER,N,Non-Junction,None,,,         ,Rudy,Basaldua,Clear,Not Collision with Motor Vehicle in Transport,no,no,no,yes,yes,False
101602667,METROPOLITAN NASHVILLE POLICE DEPT,20170295491,Davidson,Not in City Limit,4/3/2017 11:30:00 PM,2,0,0,36.262820,-86.680970,STATE RT 45,,,,0.00,Feet,,RIO VISTA DR,,,,0.00,Y,Four-Way,N,Intersection,None,,,         ,Michael,Reid,Clear,Front to Rear,no,no,no,no,yes,False
101602701,METROPOLITAN NASHVILLE POLICE DEPT,20170296192,Davidson,Nashville,4/4/2017 5:59:00 AM,2,0,0,36.213380,-86.597880,ANDREW JACKSON PKWY,,,,86.00,Feet,South,TRENTON DR,,,,0.00,N,Not at Intersection, ,Non-Junction,None,,,         ,Brett,Johns,Clear,"Sideswipe, Same Direction",no,no,no,no,no,False
101602702,METROPOLITAN NASHVILLE POLICE DEPT,20170296005,Davidson,Nashville,4/4/2017 4:20:00 AM,2,1,0,36.169020,-86.766250,I 24,,,,0.00,,,,,,,48.75,N,Not at Intersection,N,Non-Junction,None,,,         ,Michael,Wolterbeek,Clear,Front to Rear,no,no,no,no,no,False
101602725,METROPOLITAN NASHVILLE POLICE DEPT,20170295932,Davidson,Nashville,4/4/2017 3:28:00 AM,2,1,0,36.118260,-86.700270,MURFREESBORO PKE,,,,17.00,Feet,East,BRILEY PKWYN,,,,0.00,N,Not at Intersection,N,OtherLocation,None,,,         ,Chad,Mahoney,Clear,HeadOn,no,no,no,no,no,False
101602766,GOODLETTSVILLE POLICE DEPT,17-12081,Davidson,Goodlettsville,4/4/2017 7:07:00 AM,2,0,0,36.326230,-86.700580,LONG HOLLOW PKE,,,,0.00,,,NORTHCREEK BLVD,,,,0.00,Y,T-Intersection, ,Intersection,None,,,         ,Jeremy,Baker,Clear,Front to Rear,no,no,no,no,no,False
101602779,METROPOLITAN NASHVILLE POLICE DEPT,2017-0296271,Davidson,Nashville,4/4/2017 6:47:00 AM,2,1,0,36.071640,-86.635930,MURFREESBORO PKE,,,,113.00,Feet,South,BELL RD,,,,0.00,N,Not at Intersection,N,Non-Junction,None,,,         ,William,Whitworth,Clear,Front to Rear,no,no,no,no,no,False
101602780,METROPOLITAN NASHVILLE POLICE DEPT,20170296287,Davidson,Nashville,4/4/2017 6:59:00 AM,1,1,0,36.266110,-86.737670,I65 S ENT RAMP,,,,0.00,Feet,East,I 65,,,,0.00,N,Not at Intersection,N,Entrance/Exit Ramp Related,None,,,         ,Joshua,Borum,Clear,Not Collision with Motor Vehicle in Transport,no,no,no,no,no,False
101602785,METROPOLITAN NASHVILLE POLICE DEPT,20170296257,Davidson,Nashville,4/4/2017 6:24:00 AM,2,1,0,36.083650,-86.647220,MURFREESBORO PKE,,,,0.00,,,BROOKSBORO PL,,,,0.00,Y,T-Intersection,N,Intersection,None,,,         ,James,Curtis,Clear,Angle,no,no,no,no,no,False
101602790,METROPOLITAN NASHVILLE POLICE DEPT,20170296370,Davidson,Nashville,4/4/2017 7:32:00 AM,2,1,0,36.046620,-86.863310,HILLSBORO PKE,,,,299.00,Feet,South,OLD HICKORY BLVD,,,,0.00,N,Not at Intersection,N,Non-Junction,None,,,         ,Nathan,Kemp,Clear,Front to Rear,no,no,no,no,no,False
101602796,METROPOLITAN NASHVILLE POLICE DEPT,20170296327,Davidson,Nashville,4/4/2017 6:55:00 AM,2,0,0,36.088620,-86.701910,I 24,,,,0.00,,,,,,,55.50,N,Not at Intersection,N,Non-Junction,None,,,         ,David,Smith,Clear,Front to Rear,no,no,no,no,no,False
101602798,METROPOLITAN NASHVILLE POLICE DEPT,20170296329,Davidson,Nashville,4/4/2017 7:10:00 AM,2,0,0,36.167960,-86.664300,LEBANON PKE,,,,83.00,Feet,West,OLD LEBANON PKE,,,,0.00,N,Not at Intersection,N,Non-Junction,None,,,         ,Larry,Benz,Clear,Angle,no,no,no,no,no,False
101602814,METROPOLITAN NASHVILLE POLICE DEPT,20170296355,Davidson,Nashville,4/4/2017 7:32:00 AM,2,0,0,36.161730,-86.760820,I 24,,,,0.00,,,,,,,49.35,N,Not at Intersection,N,Non-Junction,None,,,         ,Bryan,Birdwell,Clear,Front to Rear,no,no,no,no,no,False
101602827,METROPOLITAN NASHVILLE POLICE DEPT,20170296434,Davidson,Nashville,4/4/2017 7:50:00 AM,2,0,0,36.115890,-86.785000,I 440,,,,0.00,,,,,,,4.25,N,Not at Intersection, ,Non-Junction,None,,,         ,Abbey,Sawl,Clear,Front to Rear,no,no,no,no,no,False
101602833,METROPOLITAN NASHVILLE POLICE DEPT,20170296442,Davidson,Not in City Limit,4/4/2017 8:03:00 AM,2,0,0,36.281480,-86.707840,MCKINLEY ST,,,,0.00,,,GALLATIN PKEN,,,,0.00,Y,OTHER, ,Non-Junction,None,,,         ,Eric,Richardson,Clear,Front to Rear,no,no,no,no,no,False
101602834,METROPOLITAN NASHVILLE POLICE DEPT,2017-0296304,Davidson,Nashville,4/4/2017 7:05:00 AM,2,0,0,36.043890,-86.656300,I 24,,,,0.00,,,,,,,59.60,N,Not at Intersection, ,,None,,,         ,Stanley,Collins,,,no,no,no,no,no,False
101602835,METROPOLITAN NASHVILLE POLICE DEPT,2017-0296466,Davidson,Nashville,4/4/2017 8:05:00 AM,2,0,0,36.269110,-86.755020,OLD HICKORY BLVDW,,,,218.00,Feet,East,DICKERSON PKE,,,,0.00,N,Not at Intersection,N,Non-Junction,None,,,         ,Chad,Wilkinson,Clear,Front to Rear,no,no,no,no,yes,False
101602843,METROPOLITAN NASHVILLE POLICE DEPT,20170296345,Davidson,Not in City Limit,4/4/2017 7:24:00 AM,3,0,0,36.320900,-86.853010,I 24,,,,0.00,,,,,,,35.80,N,Not at Intersection, ,Non-Junction,None,,,         ,Jeanine,Sarno,Clear,Front to Rear,no,no,no,no,no,False
101602846,METROPOLITAN NASHVILLE POLICE DEPT,20170296504,Davidson,Nashville,4/4/2017 8:29:00 AM,2,0,0,36.083570,-86.757140,TIMBERHILL DR,,,,15.00,Feet,South,TROUSDALE DR,,,,0.00,N,Not at Intersection,N,Non-Junction,None,,,         ,Nathan,Kemp,Clear,Front to Rear,no,no,no,no,no,False
101602848,METROPOLITAN NASHVILLE POLICE DEPT,20170296450,Davidson,Nashville,4/4/2017 8:05:00 AM,2,0,0,36.206000,-86.811370,W TRINITY LN,,,,109.00,Feet,West,YOUNGS LN,,,,0.00,N,Not at Intersection, ,Non-Junction,None,,,         ,Michael,Parman,Clear,Front to Rear,no,no,no,no,no,False
101602849,THP District 9 - Administrative,317019095,Davidson,Nashville,4/4/2017 6:55:00 AM,2,0,0,36.143960,-86.690780,I 40,,,,0.00,,,,,,,215.25,N,Not at Intersection, ,Non-Junction,None,,,         ,Michael,Morgan,Clear,Front to Rear,no,no,no,no,no,False
101602858,METROPOLITAN NASHVILLE POLICE DEPT,20170296534,Davidson,Not in City Limit,4/4/2017 8:38:00 AM,2,0,0,36.077470,-87.020730,I40 W EXT RAMP,,,,0.00,Feet,East,I 40,,,,0.00,N,Not at Intersection, ,Entrance/Exit Ramp Related,None,,,         ,Douglas,Atwood,Clear,HeadOn,no,no,no,no,no,False
101602860,METROPOLITAN NASHVILLE POLICE DEPT,20170296483,Davidson,Nashville,4/4/2017 8:16:00 AM,2,0,0,36.133520,-86.696890,BRILEY PKWYS,,,,179.00,Feet,North,BRILEY PKWYN,,,,0.00,N,Not at Intersection, ,Non-Junction,None,,,         ,Seth,Vaughn,Clear,Front to Rear,no,no,no,no,no,False
101602861,METROPOLITAN NASHVILLE POLICE DEPT,20170296427,Davidson,Nashville,4/4/2017 7:50:00 AM,2,0,0,36.115840,-86.783770,I 440,,,,0.00,,,,,,,4.30,N,Not at Intersection, ,Non-Junction,None,,,         ,Abbey,Sawl,Clear,Front to Rear,no,no,no,no,no,False
101602864,METROPOLITAN NASHVILLE POLICE DEPT,20170296515,Davidson,Nashville,4/4/2017 8:15:00 AM,2,0,0,36.152990,-86.765010,I 40,,,,0.00,,,,,,,210.70,N,Not at Intersection, ,Entrance/Exit Ramp Related,None,,,         ,Charles,Coe,Clear,Front to Rear,no,no,no,no,no,False
101602871,METROPOLITAN NASHVILLE POLICE DEPT,2017-0296478,Davidson,Not in City Limit,4/4/2017 6:47:00 AM,2,0,0,36.021640,-86.654540,HASKELL DR,,,,61.00,Feet,South,BLAIRFIELD DR,,,,0.00,N,Not at Intersection,N,Non-Junction,None,,,         ,William,Whitworth,Clear,"Sideswipe, Opposite Direction",no,no,no,no,no,False
101602874,METROPOLITAN NASHVILLE POLICE DEPT,20170296365,Davidson,Nashville,4/4/2017 7:35:00 AM,3,1,0,36.101790,-86.740550,NOLENSVILLE PKE,,,,0.00,,,ANTIOCH PKE,,,,0.00,Y,T-Intersection,N,Intersection-Related,None,,,         ,Stephen,Soule,Clear,Front to Rear,no,no,no,no,no,False
101602878,METROPOLITAN NASHVILLE POLICE DEPT,20170296383,Davidson,Nashville,4/4/2017 7:33:00 AM,2,0,0,36.151740,-86.691150,ELM HILL PKE WB EXT RAMP,,,,0.00,Feet,East,ELM HILL PKE,,,,0.00,N,Not at Intersection,N,Non-Junction,None,,,         ,Kayla,Castro,Clear,"Sideswipe, Same Direction",no,no,no,no,no,False
101602880,METROPOLITAN NASHVILLE POLICE DEPT,20170296367,Davidson,Nashville,4/4/2017 7:20:00 AM,2,0,0,36.154610,-86.818430,28TH AVN,,,,200.00,Feet,North,CHARLOTTE AV,,,,0.00,N,Not at Intersection, ,,None,,,         ,Garren,Hoskins,,,no,no,no,no,no,False
101602886,GOODLETTSVILLE POLICE DEPT,17-12087,Davidson,Goodlettsville,4/4/2017 8:25:00 AM,2,0,0,36.292920,-86.719780,I 65,,,,0.00,,,,,,,94.50,N,Not at Intersection, ,Non-Junction,None,,,         ,David,Read,Clear,Front to Rear,no,no,no,no,no,False
101602887,METROPOLITAN NASHVILLE POLICE DEPT,20170296639,Davidson,Nashville,4/4/2017 9:25:00 AM,2,0,0,36.078300,-86.744380,HARDING PL,,,,274.00,Feet,East,DANBY DR,,,,0.00,N,Not at Intersection, ,Non-Junction,None,,,         ,Nathan,Kemp,Clear,Front to Rear,no,no,no,no,no,False
101602888,METROPOLITAN NASHVILLE POLICE DEPT,20170296710,Davidson,Nashville,4/4/2017 9:46:00 AM,2,0,0,36.082100,-86.761700,I65 N EXT RAMP,,,,0.00,,,HARDING PL,,,,0.00,Y,Four-Way, ,Intersection,None,,,         ,Nathan,Kemp,Clear,Front to Rear,no,no,no,no,no,False
101602889,METROPOLITAN NASHVILLE POLICE DEPT,20170296521,Davidson,Nashville,4/4/2017 7:50:00 AM,2,0,0,36.050670,-86.647130,BELL RD,,,,68.00,Feet,West,HICKORY HOLLOW TER,,,,0.00,N,Not at Intersection, ,Non-Junction,None,,,         ,Roy,McElwee,Clear,Front to Rear,no,no,no,no,no,False
101602890,METROPOLITAN NASHVILLE POLICE DEPT,20170296393,Davidson,Nashville,4/4/2017 7:40:00 AM,2,0,0,36.168860,-86.608290,I40 W ENT RAMP,,,,502.00,Feet,West,I 40,,,,0.00,N,Not at Intersection,N,Non-Junction,None,,,         ,Russell,Ward,Clear,Front to Rear,no,no,no,no,yes,False