master_record_number,agency,agency_tracking_number,county,city,collision_date,vehicles_involved,number_injured,number_dead,latitude,longitude,roadway_name,roadway_suffix,roadway_number,roadway_local_id,distance_from_reference,miles-feet_indicator,direction_from_reference,intersection_road_name,intersection_road_name_suffix,intersection_road_number,intersection_local_id,mile_marker,intersection_indicator,intersect_type,interchange_related_indicator,relation_to_junction,work_zone_type,construction_maintenance_zone,construction_maintenance_zone_location,fatal_case_number,officer_first_name,officer_last_name,weather_condition(s),manner_of_crash,pedestrian,bicycle,scooter,parking,hitrun,mou
101604216,METROPOLITAN NASHVILLE POLICE DEPT,2017-0299912,Davidson,Nashville,4/5/2017 7:30:00 AM,2,0,0,36.085240,-86.690530,ANTIOCH PKE,,,,121.00,Feet,South,PERIMETER HILL DR,,,,0.00,N,Not at Intersection, ,Non-Junction,None,,,         ,Stanley,Collins,Clear,"Sideswipe, Same Direction",no,no,no,no,no,False
101604234,METROPOLITAN NASHVILLE POLICE DEPT,20170300003,Davidson,Nashville,4/5/2017 8:30:00 AM,2,0,0,36.238780,-86.630010,PITTS AV,,,,0.00,,,LAKESHORE DR,,,,0.00,Y,Four-Way, ,Intersection,None,,,         ,Wesley,Young,Clear,Front to Rear,no,no,no,no,no,False
101604238,METROPOLITAN NASHVILLE POLICE DEPT,20170300286,Davidson,Nashville,4/5/2017 9:51:00 AM,2,0,0,36.136170,-86.698960,BRILEY PKWY,,,,80.00,Feet,North,ARBOR CREEK BLVD,,,,0.00,N,Not at Intersection, ,Non-Junction,None,,,         ,Scott,Toney,Clear,"Sideswipe, Same Direction",no,no,no,no,no,False
101604240,METROPOLITAN NASHVILLE POLICE DEPT,20170300199,Davidson,Nashville,4/5/2017 9:23:00 AM,2,3,0,36.205890,-86.768610,E TRINITY LN,,,,0.00,,,DICKERSON PKE,,,,0.00,Y,Four-Way,N,Intersection,None,,,         ,Richard,Conger,Clear,Angle,no,no,no,no,no,False
101604250,METROPOLITAN NASHVILLE POLICE DEPT,20170300294,Davidson,Nashville,4/5/2017 9:50:00 AM,1,0,0,36.205860,-86.860920,STEWARTS LN,,,,907.00,Feet,South,ASHLAND CITY HWY,,,,0.00,N,Not at Intersection,N,Non-Junction,None,,,         ,William,Caillouette,Clear,Not Collision with Motor Vehicle in Transport,no,no,no,no,no,False
101604253,METROPOLITAN NASHVILLE POLICE DEPT,20170300039,Davidson,Nashville,4/5/2017 8:32:00 AM,2,0,0,36.239910,-86.746040,BRILEY PKWYE,,,,166.00,Feet,West,BRILEY PKWY E EXT RAMP,,,,0.00,N,Not at Intersection, ,Entrance/Exit Ramp Related,None,,,         ,Richard,Conger,Clear,Front to Rear,no,no,no,no,no,False
101604287,METROPOLITAN NASHVILLE POLICE DEPT,20170300513,Davidson,Nashville,4/5/2017 11:20:00 AM,2,0,0,36.091430,-86.761450,SIDCO DR,,,,28.00,Feet,North,KENILWOOD DR,,,,0.00,N,Not at Intersection, ,Non-Junction,None,,,         ,Abbey,Sawl,Clear,Front to Rear,no,no,no,no,no,False
101604326,METROPOLITAN NASHVILLE POLICE DEPT,20170300437,Davidson,Nashville,4/5/2017 10:35:00 AM,2,0,0,36.151590,-86.852100,CHARLOTTE AV,,,,0.00,,,MORROW RD,,,,0.00,Y,T-Intersection, ,Intersection,None,,,         ,Gregory,McDaniel,Clear,"Sideswipe, Same Direction",no,no,no,no,no,False
101604335,METROPOLITAN NASHVILLE POLICE DEPT,20170300612,Davidson,Nashville,4/5/2017 12:13:00 PM,1,1,0,36.093320,-86.640860,LONGHUNTER CT,,,,84.00,Feet,West,LONGHUNTER LN,,,,0.00,N,Not at Intersection,N,Non-Junction,None,,,         ,James,Curtis,Clear,Not Collision with Motor Vehicle in Transport,no,no,no,no,no,False
101604336,METROPOLITAN NASHVILLE POLICE DEPT,20170300427,Davidson,Nashville,4/5/2017 11:00:00 AM,2,4,0,36.204780,-86.752590,E TRINITY LN,,,,0.00,,,OAKWOOD AV,,,,0.00,Y,T-Intersection,N,Intersection-Related,None,,,         ,Hillary,Sherman,Clear,Angle,no,no,no,no,no,False
101604339,METROPOLITAN NASHVILLE POLICE DEPT,20170299719,Davidson,Nashville,4/5/2017 7:30:00 AM,3,1,0,36.153390,-86.756030,I 40,,,,0.00,,,,,,,211.20,N,Not at Intersection,N,Non-Junction,None,,,         ,Jason,Smith,Clear,Front to Rear,no,no,no,no,no,False
101604344,METROPOLITAN NASHVILLE POLICE DEPT,20170300550,Davidson,Nashville,4/5/2017 11:40:00 AM,1,0,0,36.159920,-86.881210,ROBERTSON AV,,,,213.00,Feet,East,BASSWOOD AV,,,,0.00,N,Not at Intersection,N,Non-Junction,None,,,         ,Paul,Junkmann,Cloudy,Not Collision with Motor Vehicle in Transport,no,no,no,no,no,False
101604351,METROPOLITAN NASHVILLE POLICE DEPT,2017-0300662,Davidson,Nashville,4/5/2017 12:36:00 PM,2,0,0,36.153130,-86.765130,I 40,,,,0.00,,,,,,,210.70,N,Not at Intersection, ,Non-Junction,None,,,         ,Jacob,West,Clear,"Sideswipe, Same Direction",no,no,no,no,no,False
101604354,METROPOLITAN NASHVILLE POLICE DEPT,20170300561,Davidson,Nashville,4/5/2017 11:05:00 AM,2,0,0,36.143960,-86.722570,SPENCE LN,,,,0.00,,,ELM HILL PKE,,,,0.00,Y,Four-Way, ,Intersection,None,,,         ,Scott,Toney,Clear,"Sideswipe, Same Direction",no,no,no,no,no,False
101604375,METROPOLITAN NASHVILLE POLICE DEPT,20170300346,Davidson,Nashville,4/5/2017 10:25:00 AM,2,0,0,36.133660,-86.775210,I 65,,,,0.00,,,,,,,81.35,N,Not at Intersection,N,Non-Junction,None,,,         ,Brent,Bauer,Clear,"Sideswipe, Same Direction",no,no,no,no,yes,False
101604380,METROPOLITAN NASHVILLE POLICE DEPT,20170300574,Davidson,Nashville,4/5/2017 11:45:00 AM,2,0,0,36.146830,-86.666460,DONELSON PKE,,,,323.00,Feet,North,ROYAL PKWY,,,,0.00,N,Not at Intersection, ,Non-Junction,None,,,         ,Wesley,Young,Clear,Angle,no,no,no,no,no,False
101604382,METROPOLITAN NASHVILLE POLICE DEPT,20170300265,Davidson,Nashville,4/5/2017 8:18:00 AM,2,0,0,36.267090,-86.757540,DARBYTOWN DR,,,,274.00,Feet,West,DICKERSON PKE,,,,0.00,N,Not at Intersection, ,"Driveway, Alley Access, etc",None,,,         ,Jack,Crouch,Clear,Unknown,no,no,no,no,no,False
101604383,METROPOLITAN NASHVILLE POLICE DEPT,20170300752,Davidson,Nashville,4/5/2017 1:22:00 PM,2,1,0,36.187080,-86.773400,DICKERSON PKE,,,,129.00,Feet,South,CLEVELAND ST,,,,0.00,N,Not at Intersection,N,Non-Junction,None,,,         ,Richard,Conger,Clear,Front to Rear,no,no,no,no,no,False
101604384,METROPOLITAN NASHVILLE POLICE DEPT,20170299749,Davidson,Nashville,4/5/2017 6:48:00 AM,3,2,0,36.142190,-86.677980,I 40,,,,0.00,,,,,,,216.00,N,Not at Intersection,N,Non-Junction,None,,,         ,James,Curtis,Clear,Front to Rear,no,no,no,no,no,False
101604386,METROPOLITAN NASHVILLE POLICE DEPT,20170300755,Davidson,Nashville,4/5/2017 12:30:00 PM,2,0,0,36.112270,-86.766390,THOMPSON LN,,,,184.00,Feet,East,BRANSFORD AV,,,,0.00,N,Not at Intersection, ,Non-Junction,None,,,         ,Abbey,Sawl,Clear,Front to Rear,no,no,no,no,no,False
101604387,METROPOLITAN NASHVILLE POLICE DEPT,20170300781,Davidson,Not in City Limit,4/5/2017 1:20:00 PM,2,0,0,35.996870,-86.689890,NOLENSVILLE PKE,,,,0.00,Feet,East,CONCORD RD,,,,0.00,N,Not at Intersection, ,Non-Junction,None,,,         ,Gary,Peters,Clear,Angle,no,no,no,no,no,False
101604396,METROPOLITAN NASHVILLE POLICE DEPT,20170299903,Davidson,Nashville,4/5/2017 7:51:00 AM,2,2,0,36.231750,-86.770060,I 65,,,,0.00,,,,,,,89.10,N,Not at Intersection,N,Non-Junction,None,,,         ,Jack,Crouch,Clear,Front to Rear,no,no,no,no,no,False
101604412,METROPOLITAN NASHVILLE POLICE DEPT,20170299849,Davidson,Nashville,4/5/2017 7:30:00 AM,2,0,0,36.072130,-86.732890,EDMONDSON PKE,,,,0.00,,,BLACKMAN RD,,,,0.00,Y,Four-Way, ,Intersection,None,,,         ,Darrell,Osment,Clear,Front to Rear,no,no,no,no,no,False
101604419,METROPOLITAN NASHVILLE POLICE DEPT,20170300773,Davidson,Nashville,4/5/2017 1:18:00 PM,2,0,0,36.195490,-86.776150,I 65,,,,0.00,,,,,,,86.55,N,Not at Intersection, ,,None,,,         ,Brandon,Evans,,,no,no,no,no,no,False
101604435,THP District 3 - Nashville,317018990,Davidson,Nashville,4/3/2017 4:30:00 PM,2,0,0,36.179910,-86.800460,I 65,,,,0.00,,,,,,,85.00,N,Not at Intersection,N,Non-Junction,None,,,         ,Kevin,Smith,Clear,Front to Rear,no,no,no,no,yes,False
101604514,METROPOLITAN NASHVILLE POLICE DEPT,20170300568,Davidson,Nashville,4/5/2017 12:09:00 PM,2,0,0,36.103900,-86.715610,I 24,,,,0.00,,,,,,,54.25,N,Not at Intersection,N,Non-Junction,None,,,         ,Jessie,Meadows,Clear,Other,no,no,no,no,yes,False
101604515,METROPOLITAN NASHVILLE POLICE DEPT,20170300671,Davidson,Nashville,4/5/2017 1:20:00 PM,2,0,0,36.111300,-86.712450,BRILEY PKWYS,,,,50.00,Feet,East,DRUMMOND DR,,,,0.00,N,Not at Intersection, ,Non-Junction,None,,,         ,Jessie,Meadows,Clear,"Sideswipe, Same Direction",no,no,no,no,no,False
101604516,METROPOLITAN NASHVILLE POLICE DEPT,20170300787,Davidson,Nashville,4/5/2017 2:03:00 PM,2,0,0,36.104240,-86.716140,I 24,,,,0.00,,,,,,,54.20,N,Not at Intersection, ,,None,,,         ,Jessie,Meadows,,,no,no,no,no,no,False
101604531,METROPOLITAN NASHVILLE POLICE DEPT,20170300120,Davidson,Nashville,4/5/2017 8:59:00 AM,1,0,0,36.165860,-86.781910,CHARLOTTE AV,,,,0.00,,,5TH AVN,,,,0.00,Y,Four-Way, ,Intersection,None,,,         ,Trenton,Searcy,Clear,Not Collision with Motor Vehicle in Transport,no,no,no,no,no,False
101604535,METROPOLITAN NASHVILLE POLICE DEPT,20170300713,Davidson,Nashville,4/5/2017 12:53:00 PM,4,0,0,36.111080,-86.788430,WOODMONT BLVD,,,,270.00,Feet,West,LEALAND LN,,,,0.00,N,Not at Intersection, ,Non-Junction,None,,,         ,Phillip,Murphy,Clear,Front to Rear,no,no,no,no,no,False
101604549,Metro Park Police,20170300654,Davidson,Nashville,4/5/2017 12:15:00 PM,1,0,0,36.074750,-86.880960,HIGHWAY 100,,,,0.00,,,,,,,0.00,,, ,Non-Junction,None,,,         ,Jerry,"Moore, Jr.",Clear,Not Collision with Motor Vehicle in Transport,no,no,no,no,no,False
101604560,METROPOLITAN NASHVILLE POLICE DEPT,20170300848,Davidson,Nashville,4/5/2017 1:20:00 PM,2,0,0,36.047300,-86.862740,OLD HICKORY BLVD,,,,0.00,,,HILLSBORO PKE,,,,0.00,Y,Four-Way,N,Intersection,None,,,         ,Darrell,Osment,Cloudy,Front to Rear,no,no,no,no,no,False
101604578,METROPOLITAN NASHVILLE POLICE DEPT,20170300434,Davidson,Nashville,4/5/2017 1:22:00 PM,2,0,0,36.098890,-86.871890,HIGHWAY 100,,,,0.00,,,HEADY DR,,,,0.00,Y,Four-Way, ,Non-Junction,None,,,         ,Walter,Gray II,Clear,Angle,no,no,no,no,no,False
101604589,METROPOLITAN NASHVILLE POLICE DEPT,20170301113,Davidson,Nashville,4/5/2017 3:40:00 PM,2,0,0,36.186180,-86.613290,OLD HICKORY BLVD,,,,1231.00,Feet,North,DODSON CHAPEL RD,,,,0.00,N,Not at Intersection,N,Non-Junction,None,,,         ,Wesley,Young,Clear,Front to Rear,no,no,no,no,no,False
101604594,METROPOLITAN NASHVILLE POLICE DEPT,20170301047,Davidson,Nashville,4/5/2017 2:57:00 PM,3,0,0,36.174820,-86.787750,5TH AVN,,,,217.00,Feet,North,JEFFERSON ST,,,,0.00,N,Not at Intersection,N,Non-Junction,None,,,         ,Michael,Brooks,Cloudy,"Sideswipe, Same Direction",no,no,no,no,no,False
101604597,METROPOLITAN NASHVILLE POLICE DEPT,20170300860,Davidson,Nashville,4/5/2017 1:55:00 PM,2,1,0,36.169510,-86.770960,WOODLAND ST,,,,0.00,,,S 2ND ST,,,,0.00,Y,Four-Way,N,Intersection,None,,,         ,Frank,Campbell,Clear,Angle,no,no,no,no,no,False
101604622,METROPOLITAN NASHVILLE POLICE DEPT,20170301164,Davidson,Nashville,4/5/2017 3:55:00 PM,1,0,0,36.159930,-86.772940,1ST AVS,,,,125.00,Feet,South,DEMONBREUN ST,,,,0.00,N,Not at Intersection, ,,Construction Zone,,,         ,Derek,Betty,,,no,no,no,no,no,False
101604636,METROPOLITAN NASHVILLE POLICE DEPT,20170300889,Davidson,Nashville,4/5/2017 4:01:00 PM,2,0,0,36.087170,-86.692010,ANTIOCH PKE,,,,110.00,Feet,South,HARDING PL,,,,0.00,N,Not at Intersection, ,Non-Junction,None,,,         ,Jessie,Meadows,Clear,Front to Rear,no,no,no,no,no,False
101604637,METROPOLITAN NASHVILLE POLICE DEPT,20170301055,Davidson,Nashville,4/5/2017 4:09:00 PM,2,0,0,36.148260,-86.766360,2ND AVS,,,,104.00,Feet,South,CAMERON ST,,,,0.00,N,Not at Intersection, ,Non-Junction,None,,,         ,Jessie,Meadows,Clear,"Sideswipe, Same Direction",no,no,no,no,no,False
101604640,METROPOLITAN NASHVILLE POLICE DEPT,20170301205,Davidson,Nashville,4/5/2017 4:22:00 PM,3,0,0,36.082660,-86.764910,HARDING PL,,,,50.00,Feet,East,I65 S ENT RAMP,,,,0.00,N,Not at Intersection, ,Non-Junction,None,,,         ,Miguel,Garcia,Clear,Front to Rear,no,no,no,no,no,False
101604646,METROPOLITAN NASHVILLE POLICE DEPT,20170301267,Davidson,Nashville,4/5/2017 3:41:00 PM,2,0,0,36.143500,-86.794410,EDGEHILL AV,,,,0.00,,,17TH AVS,,,,0.00,Y,Four-Way, ,Intersection,None,,,         ,Nicholas,Smith,Clear,"Sideswipe, Same Direction",no,no,no,no,no,Campus
101604647,METROPOLITAN NASHVILLE POLICE DEPT,20170301191,Davidson,Nashville,4/5/2017 4:14:00 PM,2,0,0,36.131020,-86.801590,21ST AVS,,,,102.00,Feet,South,BERNARD AV,,,,0.00,N,Not at Intersection, ,Non-Junction,None,,,         ,Eric,Burford,Clear,Angle,no,no,no,no,no,False
101604655,METROPOLITAN NASHVILLE POLICE DEPT,20170301369,Davidson,Nashville,4/5/2017 5:18:00 PM,1,0,0,36.119730,-86.787280,LEALAND LN,,,,0.00,,,KIRKWOOD AV,,,,0.00,Y,Four-Way, ,Intersection-Related,None,,,         ,Tien,Nguyen,Clear,Not Collision with Motor Vehicle in Transport,no,no,no,no,no,False
101604659,METROPOLITAN NASHVILLE POLICE DEPT,20170301237,Davidson,Not in City Limit,4/5/2017 4:32:00 PM,2,0,0,36.078080,-87.034820,I 40,,,,0.00,,,,,,,191.70,N,Not at Intersection, ,Non-Junction,None,,,         ,Walter,Gray II,Clear,"Sideswipe, Same Direction",no,no,no,no,no,False
101604660,METROPOLITAN NASHVILLE POLICE DEPT,20170301194,Davidson,Nashville,4/5/2017 4:20:00 PM,2,0,0,36.245880,-86.721640,GALLATIN PKES,,,,322.00,Feet,South,BERKLEY DR,,,,0.00,N,Not at Intersection, ,Non-Junction,None,,,         ,Johnathon,Birdwell,Clear,Angle,no,no,no,no,no,False
101604677,METROPOLITAN NASHVILLE POLICE DEPT,20170301268,Davidson,Nashville,4/5/2017 4:28:00 PM,2,0,0,36.164710,-86.763560,I 24,,,,0.00,,,,,,,49.10,N,Not at Intersection, ,Non-Junction,None,,,         ,Jason,King,Clear,Front to Rear,no,no,no,no,no,False
101604679,METROPOLITAN NASHVILLE POLICE DEPT,20170301361,Davidson,Nashville,4/5/2017 4:45:00 PM,2,0,0,36.164790,-86.784370,7TH AVN,,,,0.00,,,CHARLOTTE AV,,,,0.00,Y,Four-Way, ,Non-Junction,None,,,         ,Jacob,Paul,Clear,"Sideswipe, Same Direction",no,no,no,no,no,False
101604682,GOODLETTSVILLE POLICE DEPT,17-12277,Davidson,Goodlettsville,4/5/2017 4:45:00 PM,2,0,0,36.320860,-86.713220,S MAIN ST,,,,60.00,Feet,South,EAST AV,,,,0.00,N,Not at Intersection, ,Non-Junction,None,,,         ,Rico,Jones,Cloudy,Front to Rear,no,no,no,no,no,False
101604685,GOODLETTSVILLE POLICE DEPT,17-12281,Davidson,Goodlettsville,4/5/2017 5:23:00 PM,2,0,0,36.295700,-86.716280,I 65,,,,0.00,,,,,,,94.75,N,Not at Intersection, ,Non-Junction,None,,,         ,Brian,Hajdu,Cloudy,"Sideswipe, Same Direction",no,no,no,no,no,False
101604686,METROPOLITAN NASHVILLE POLICE DEPT,20170301422,Davidson,Nashville,4/5/2017 4:26:00 PM,2,0,0,36.147720,-86.806880,WEST END AV,,,,143.00,Feet,West,24TH AVS,,,,0.00,N,Not at Intersection, ,Non-Junction,None,,,         ,Nicholas,Smith,Clear,Front to Rear,no,no,no,no,no,Campus
101604698,METROPOLITAN NASHVILLE POLICE DEPT,20170301343,Davidson,Nashville,4/5/2017 5:10:00 PM,2,0,0,36.037400,-86.786570,FRANKLIN PKE,,,,0.00,,,OLD HICKORY BLVD,,,,0.00,Y,Four-Way, ,Intersection-Related,None,,,         ,Miguel,Garcia,Clear,Front to Rear,no,no,no,no,no,False
101604701,BERRY HILL POLICE DEPT,17-1129,Davidson,Berry Hill,4/4/2017 12:00:00 AM,2,0,0,36.123500,-86.760910,ROSEDALE AV,,,,0.00,,,,,,,0.00,,, ,Non-Junction,None,,,         ,John,Gleixner,Clear,Angle,no,no,no,yes,no,False
101604719,METROPOLITAN NASHVILLE POLICE DEPT,20170301221,Davidson,Nashville,4/5/2017 5:07:00 PM,2,0,0,36.132790,-86.721210,PAVILION BLVD,,,,135.00,Feet,South,MURFREESBORO PKE,,,,0.00,N,Not at Intersection, ,Non-Junction,None,,,         ,Jessie,Meadows,Clear,Front to Rear,no,no,no,no,no,False
101604720,METROPOLITAN NASHVILLE POLICE DEPT,20170301350,Davidson,Nashville,4/5/2017 5:29:00 PM,2,0,0,36.107250,-86.719890,I 24,,,,0.00,,,,,,,53.90,N,Not at Intersection, ,Entrance/Exit Ramp Related,None,,,         ,Jessie,Meadows,Clear,"Sideswipe, Same Direction",no,no,no,no,no,False
101604721,METROPOLITAN NASHVILLE POLICE DEPT,20170301293,Davidson,Nashville,4/5/2017 6:00:00 PM,2,0,0,36.090170,-86.703430,I 24,,,,0.00,,,,,,,55.35,N,Not at Intersection,N,Non-Junction,None,,,         ,Jessie,Meadows,Clear,Front to Rear,no,no,no,no,no,False
101604723,METROPOLITAN NASHVILLE POLICE DEPT,20170301463,Davidson,Nashville,4/5/2017 5:50:00 PM,2,0,0,36.170400,-86.768450,INTERSTATE DR,,,,0.00,,,WOODLAND ST,,,,0.00,Y,Four-Way, ,Intersection,None,,,         ,Michael,Baron,Clear,Angle,no,no,no,no,no,False
101604730,METROPOLITAN NASHVILLE POLICE DEPT,20170301494,Davidson,Not in City Limit,4/5/2017 6:00:00 PM,2,0,0,36.081770,-86.957240,I40 W EXT RAMP,,,,50.00,Feet,West,HIGHWAY 70S,,,,0.00,N,Not at Intersection, ,Non-Junction,None,,,         ,Walter,Gray II,Clear,Front to Rear,no,no,no,no,no,False
101604731,METROPOLITAN NASHVILLE POLICE DEPT,20170301539,Davidson,Nashville,4/5/2017 6:05:00 PM,2,0,0,36.168000,-86.765630,I 24,,,,0.00,,,,,,,48.85,N,Not at Intersection, ,Non-Junction,None,,,         ,Michael,Moss,Clear,Front to Rear,no,no,no,no,no,False
101604741,METROPOLITAN NASHVILLE POLICE DEPT,20170301482,Davidson,Nashville,4/5/2017 5:36:00 PM,2,0,0,36.141070,-86.877970,CHARLOTTE PKE,,,,50.00,Feet,East,CHARLOTTE ROAD CIR,,,,0.00,N,Not at Intersection, ,,None,,,         ,Walter,Gray II,,,no,no,no,no,no,False
101604762,METROPOLITAN NASHVILLE POLICE DEPT,20170301576,Davidson,Nashville,4/5/2017 5:42:00 PM,2,0,0,36.154070,-86.758710,I 40,,,,0.00,,,,,,,211.05,N,Not at Intersection, ,Non-Junction,None,,,         ,Jaby,Djabbarov,Clear,"Sideswipe, Same Direction",no,no,no,no,no,False
101604763,Metro Park Police,2017-0298104,Davidson,Nashville,4/4/2017 6:10:00 PM,2,0,0,36.154430,-86.621220,BELL RD,,,,498.00,Feet,East,BELL RD PVTDR,,,,0.00,N,Not at Intersection, ,Unknown,None,,,         ,Bryan,Crutchfield,Clear,Rear to Side,no,no,no,yes,no,False
101604764,METROPOLITAN NASHVILLE POLICE DEPT,20170301353,Davidson,Nashville,4/5/2017 12:00:00 AM,2,0,0,36.142560,-86.735500,I 40,,,,0.00,,,,,,,212.80,N,Not at Intersection,N,Non-Junction,None,,,         ,Craig,Gentry,Clear,Front to Rear,no,no,no,no,yes,False
101604765,METROPOLITAN NASHVILLE POLICE DEPT,20170301659,Davidson,Nashville,4/5/2017 12:00:00 AM,1,0,0,36.140640,-86.725310,I 40,,,,0.00,,,,,,,213.40,N,Not at Intersection,N,Non-Junction,None,,,         ,Craig,Gentry,Clear,Not Collision with Motor Vehicle in Transport,no,no,no,no,no,False
101604770,METROPOLITAN NASHVILLE POLICE DEPT,20170301250,Davidson,Nashville,4/5/2017 4:38:00 PM,2,0,0,36.193660,-86.831220,CLARKSVILLE PKE,,,,0.00,,,BUENA VISTA PKE,,,,0.00,Y,Four-Way,N,Non-Junction,None,,,         ,Michael,Brooks,Cloudy,Front to Rear,no,no,no,no,yes,False
101604771,METROPOLITAN NASHVILLE POLICE DEPT,20170301338,Davidson,Nashville,4/5/2017 5:12:00 PM,2,2,0,36.218050,-86.837170,CLARKSVILLE PKE,,,,168.00,Feet,South,KINGS LN,,,,0.00,N,Not at Intersection,N,Non-Junction,None,,,         ,Michael,Brooks,Clear,Angle,no,no,no,no,no,False
101604787,METROPOLITAN NASHVILLE POLICE DEPT,20170301578,Davidson,Nashville,4/5/2017 5:50:00 PM,2,0,0,36.228170,-86.737600,MAPLEWOOD LN,,,,0.00,,,HUTSON AV,,,,0.00,Y,T-Intersection, ,Intersection,None,,,         ,Christopher,Valdez,Cloudy,Angle,no,no,no,no,no,False
101604792,METROPOLITAN NASHVILLE POLICE DEPT,20170301813,Davidson,Nashville,4/5/2017 8:24:00 PM,2,0,0,36.167560,-86.798220,IRELAND ST,,,,236.00,Feet,East,14TH AVN,,,,0.00,N,Not at Intersection,N,Non-Junction,None,,,         ,Michael,Brooks,Clear,Unknown,no,no,no,no,yes,False
101604794,METROPOLITAN NASHVILLE POLICE DEPT,20170301591,Davidson,Nashville,4/5/2017 6:45:00 PM,1,0,0,36.111620,-86.745580,NOLENSVILLE PKE,,,,257.00,Feet,North,ELIZABETH ST,,,,0.00,N,Not at Intersection,N,OtherLocation,None,,,         ,Tien,Nguyen,Clear,Not Collision with Motor Vehicle in Transport,no,no,no,no,yes,False
101604800,VANDERBILT UNIVERSITY POLICE,17-0301719,Davidson,Nashville,4/5/2017 3:30:00 PM,1,1,0,36.146970,-86.808360,WEST END AV,,,,0.00,,,25TH AVS,,,,0.00,Y,T-Intersection,N,Intersection,None,,,         ,Donald,Dennis,Cloudy,Not Collision with Motor Vehicle in Transport,yes,no,no,no,no,Campus
101604801,METROPOLITAN NASHVILLE POLICE DEPT,20170301774,Davidson,Nashville,4/5/2017 8:04:00 PM,1,1,0,36.065430,-86.685540,I 24,,,,0.00,,,,,,,57.35,N,Not at Intersection,N,Non-Junction,None,,,         ,Matthew,Johnson,Clear,Not Collision with Motor Vehicle in Transport,no,no,no,no,no,False
101604813,METROPOLITAN NASHVILLE POLICE DEPT,20170301769,Davidson,Nashville,4/5/2017 4:00:00 PM,1,1,0,36.105850,-86.813870,HILLSBORO PKE,,,,0.00,,,ABBOTT MARTIN RD,,,,0.00,Y,T-Intersection,N,Intersection-Related,None,,,         ,Jonathan,Frith,,Not Collision with Motor Vehicle in Transport,yes,no,no,no,no,False
101604814,METROPOLITAN NASHVILLE POLICE DEPT,20170301448,Davidson,Nashville,4/5/2017 5:40:00 PM,4,2,0,36.136810,-86.821270,I 440,,,,0.00,,,,,,,1.45,N,Not at Intersection,N,Non-Junction,None,,,         ,Akira,McSwain,Clear,Front to Rear,no,no,no,no,no,False
101604829,METROPOLITAN NASHVILLE POLICE DEPT,20170301803,Davidson,Nashville,4/5/2017 8:17:00 PM,2,1,0,36.124530,-86.696310,BRILEY PKWY,,,,87.00,Feet,North,VULTEE BLVD,,,,0.00,N,Not at Intersection,N,Non-Junction,None,,,         ,Tyler,Maupin,Cloudy,Angle,no,no,no,no,no,False
101604833,METROPOLITAN NASHVILLE POLICE DEPT,20170301902,Davidson,Nashville,4/5/2017 8:37:00 PM,2,0,0,36.153270,-86.769560,2ND AVS,,,,0.00,,,ASH ST,,,,0.00,Y,T-Intersection, ,,None,,,         ,Derek,Betty,,,no,no,no,no,no,False
101604837,METROPOLITAN NASHVILLE POLICE DEPT,20170301490,Davidson,Nashville,4/5/2017 5:46:00 PM,2,0,0,36.116840,-86.787000,LEALAND LN,,,,0.00,,,GALE LN,,,,0.00,Y,Four-Way,N,Intersection-Related,None,,,         ,Tien,Nguyen,Clear,Angle,no,no,no,no,no,False
101604883,METROPOLITAN NASHVILLE POLICE DEPT,20170301746,Davidson,Nashville,4/5/2017 5:00:00 PM,2,0,0,36.156370,-86.789820,I 40,,,,0.00,,,,,,,209.10,N,Not at Intersection,N,Non-Junction,None,,,         ,Maria,Cortez,Clear,Angle,no,no,no,no,yes,False
101604884,METROPOLITAN NASHVILLE POLICE DEPT,20170301962,Davidson,Not in City Limit,4/5/2017 8:46:00 PM,2,0,0,36.262820,-86.680970,STATE RT 45,,,,0.00,,,RIO VISTA DR,,,,0.00,Y,Four-Way, ,Intersection,None,,,         ,George,Oden,Clear,Front to Rear,no,no,no,no,no,False
101604926,METROPOLITAN NASHVILLE POLICE DEPT,20170301807,Davidson,Nashville,4/5/2017 8:20:00 PM,3,4,0,36.082100,-86.761700,HARDING PL,,,,0.00,,,SIDCO DR,,,,0.00,Y,Four-Way,N,Intersection,None,,,         ,Conner,Harris,Cloudy,Angle,no,no,no,no,no,False
101604934,METROPOLITAN NASHVILLE POLICE DEPT,20170301890,Davidson,Nashville,4/5/2017 8:52:00 PM,2,0,0,36.196820,-86.742170,GALLATIN AV,,,,62.00,Feet,North,CAHAL AV,,,,0.00,N,Not at Intersection,N,Non-Junction,None,,,         ,Jonathan,Hadley,Clear,"Sideswipe, Same Direction",no,no,no,no,yes,False
101604943,METROPOLITAN NASHVILLE POLICE DEPT,20170301835,Davidson,Not in City Limit,4/5/2017 7:40:00 PM,2,0,0,36.261240,-86.712530,GALLATIN PKES,,,,0.00,,,MAPLE ST,,,,0.00,Y,T-Intersection, ,Intersection,None,,,         ,Bradley,Campbell,Clear,"Sideswipe, Same Direction",no,no,no,no,no,False
101604947,METROPOLITAN NASHVILLE POLICE DEPT,20170301561,Davidson,Nashville,4/5/2017 6:31:00 PM,2,0,0,36.133230,-86.801310,PORTLAND AV,,,,0.00,,,MAGNOLIA BLVD,,,,0.00,Y,Four-Way,N,Intersection,None,,,         ,Nicholas,Smith,Clear,Angle,no,no,no,no,no,False