master_record_number,agency,agency_tracking_number,county,city,collision_date,vehicles_involved,number_injured,number_dead,latitude,longitude,roadway_name,roadway_suffix,roadway_number,roadway_local_id,distance_from_reference,miles-feet_indicator,direction_from_reference,intersection_road_name,intersection_road_name_suffix,intersection_road_number,intersection_local_id,mile_marker,intersection_indicator,intersect_type,interchange_related_indicator,relation_to_junction,work_zone_type,construction_maintenance_zone,construction_maintenance_zone_location,fatal_case_number,officer_first_name,officer_last_name,weather_condition(s),manner_of_crash,pedestrian,bicycle,scooter,parking,hitrun,mou
101604949,METROPOLITAN NASHVILLE POLICE DEPT,20170301277,Davidson,Antioch,4/5/2017 4:40:00 PM,2,1,0,36.016610,-86.617980,FIRESTONE PKWY,,,,570.00,Feet,East,OLD HICKORY BLVD,,,,0.00,N,Not at Intersection,N,Non-Junction,None,,,         ,Victoria,Cunningham,Cloudy,Angle,no,no,no,no,no,False
101604969,METROPOLITAN NASHVILLE POLICE DEPT,20170302307,Davidson,Not in City Limit,4/5/2017 11:47:00 PM,2,1,0,36.052040,-86.952190,OLD HARDING PKE,,,,68.00,Feet,North,SOUTH COLONY DR,,,,0.00,N,Not at Intersection,N,Non-Junction,None,,,         ,Albert,Wilson,Clear,Angle,no,no,no,no,no,False
101604992,METROPOLITAN NASHVILLE POLICE DEPT,20170302173,Davidson,Nashville,4/5/2017 11:48:00 PM,1,0,0,0.000000,0.000000,OLD HARDING,PIKE,,,100.00,Feet,North,S COLONY,DR,,,0.00,N,Not at Intersection,N,Non-Junction,None,,,         ,Jackson,Smythe,Cloudy,Not Collision with Motor Vehicle in Transport,no,no,no,no,no,False
101604999,METROPOLITAN NASHVILLE POLICE DEPT,20170302533,Davidson,Nashville,4/6/2017 1:00:00 AM,2,1,0,36.058600,-86.689170,CIMARRON WAY,,,,472.00,Feet,North,BART DR,,,,0.00,N,Not at Intersection,N,Non-Junction,None,,,         ,Dezmond,Hughes,Clear,Front to Rear,no,no,no,no,no,False
101605029,METROPOLITAN NASHVILLE POLICE DEPT,20170302383,Davidson,Nashville,4/5/2017 11:50:00 PM,2,0,0,36.078270,-86.695130,I 24,,,,0.00,,,,,,,56.35,N,Not at Intersection,N,Entrance/Exit Ramp Related,None,,,         ,William,Williams,Clear,"Sideswipe, Same Direction",no,no,no,no,no,False
101605044,METROPOLITAN NASHVILLE POLICE DEPT,20170302903,Davidson,Nashville,4/6/2017 12:00:00 AM,1,0,0,36.198990,-86.845220,ASHLAND CITY HWY,,,,0.00,,,HYDES FERRY RD,,,,0.00,Y,T-Intersection,N,Non-Junction,None,,,         ,Charles,Duke,Rain,Not Collision with Motor Vehicle in Transport,no,no,no,no,yes,False
101605050,METROPOLITAN NASHVILLE POLICE DEPT,20170303073,Davidson,Nashville,4/6/2017 5:29:00 AM,2,1,0,36.141140,-86.721950,I40 W EXT RAMP,,,,0.00,,,I 40,,,,0.00,Y,OTHER,N,Entrance/Exit Ramp Related,None,,,         ,Austin,Childress,Rain,Front to Rear,no,no,no,no,yes,False
101605073,METROPOLITAN NASHVILLE POLICE DEPT,20170303096,Davidson,Not in City Limit,4/6/2017 5:35:00 AM,2,0,0,36.261850,-86.712330,GALLATIN PKES,,,,133.00,Feet,South,E OLD HICKORY BLVD,,,,0.00,N,Not at Intersection,N,Non-Junction,None,,,         ,Nicholas,Diamond,Rain,"Sideswipe, Same Direction",no,no,no,no,no,False
101605083,METROPOLITAN NASHVILLE POLICE DEPT,20170303221,Davidson,Nashville,4/6/2017 6:56:00 AM,2,0,0,36.065240,-86.759230,HOGAN RD,,,,0.00,,,TROUSDALE DR,,,,0.00,Y,Four-Way, ,Non-Junction,None,,,         ,Nathan,Kemp,Rain,Front to Rear,no,no,no,no,no,False
101605111,METROPOLITAN NASHVILLE POLICE DEPT,20170303266,Davidson,Nashville,4/6/2017 7:20:00 AM,1,0,0,36.218900,-86.604310,MEADOWGREEN DR,,,,0.00,,,SHUTE LN,,,,0.00,Y,T-Intersection, ,Intersection-Related,None,,,         ,William,Mckay,Rain,Not Collision with Motor Vehicle in Transport,no,no,no,no,no,False
101605126,METROPOLITAN NASHVILLE POLICE DEPT,20170303330,Davidson,Not in City Limit,4/6/2017 7:40:00 AM,2,0,0,36.256780,-86.676860,CHEYENNE BLVD,,,,354.00,Feet,South,RIVER RETREAT PVTDR,,,,0.00,N,Not at Intersection, ,,None,,,         ,Brian,Otto,,,no,no,no,no,no,False
101605153,METROPOLITAN NASHVILLE POLICE DEPT,20170303305,Davidson,Nashville,4/6/2017 6:30:00 AM,1,0,0,36.084850,-86.894500,HARDING PKE,,,,29.00,Feet,North,PERCY WARNER BLVD,,,,0.00,N,Not at Intersection,N,Non-Junction,None,,,         ,Wesley,Tilley,Clear,Not Collision with Motor Vehicle in Transport,no,no,no,no,yes,False
101605154,METROPOLITAN NASHVILLE POLICE DEPT,20170303291,Davidson,Nashville,4/6/2017 7:25:00 AM,2,1,0,36.216400,-86.872190,BRILEY PKWYS,,,,1012.00,Feet,South,BRILEY PKWYN,,,,0.00,N,Not at Intersection,N,Non-Junction,None,,,         ,Jeanine,Sarno,Rain,Front to Rear,no,no,no,no,no,False
101605161,METROPOLITAN NASHVILLE POLICE DEPT,20170303295,Davidson,Nashville,4/6/2017 7:26:00 AM,2,0,0,36.132110,-86.727180,I 24,,,,0.00,,,,,,,52.00,N,Not at Intersection,N,Non-Junction,None,,,         ,Stephen,Soule,Rain,Front to Rear,no,no,no,no,no,False
101605163,METROPOLITAN NASHVILLE POLICE DEPT,20170303267,Davidson,Nashville,4/6/2017 7:10:00 AM,1,0,0,36.170290,-86.603290,I40 W ENT RAMP,,,,0.00,,,I 40,,,,0.00,Y,OTHER,Y,Entrance/Exit Ramp Related,None,,,         ,Gregory,Lindstrom,Rain,Not Collision with Motor Vehicle in Transport,no,no,no,no,no,False
101605166,METROPOLITAN NASHVILLE POLICE DEPT,20170303316,Davidson,Nashville,4/6/2017 6:30:00 AM,2,1,0,36.116410,-86.775170,I440 W ENT RAMP,,,,0.00,,,I 440,,,,0.00,Y,OTHER,Y,Entrance/Exit Ramp Related,None,,,         ,Brent,Bauer,Rain,Front to Rear,no,no,no,no,yes,False
101605172,METROPOLITAN NASHVILLE POLICE DEPT,20170303369,Davidson,Not in City Limit,4/6/2017 7:52:00 AM,2,1,0,36.306670,-86.818360,I 24,,,,0.00,,,,,,,38.20,N,Not at Intersection,N,Non-Junction,None,,,         ,Michael,McCord,Rain,Front to Rear,no,no,no,no,no,False
101605175,METROPOLITAN NASHVILLE POLICE DEPT,20170303335,Davidson,Not in City Limit,4/6/2017 7:47:00 AM,2,0,0,36.317310,-86.835560,I 24,,,,0.00,,,,,,,37.00,N,Not at Intersection, ,,None,,,         ,James,Wray,,,no,no,no,no,no,False
101605183,METROPOLITAN NASHVILLE POLICE DEPT,20170303343,Davidson,Nashville,4/6/2017 7:40:00 AM,1,0,0,36.167180,-86.608510,I40 E EXT RAMP,,,,0.00,,,I 40,,,,0.00,Y,OTHER,Y,Entrance/Exit Ramp Related,None,,,         ,Gregory,Lindstrom,Rain,Not Collision with Motor Vehicle in Transport,no,no,no,no,no,False
101605184,METROPOLITAN NASHVILLE POLICE DEPT,2017-0303253,Davidson,Nashville,4/6/2017 7:05:00 AM,2,0,0,36.125160,-86.734340,I 440,,,,0.00,,,,,,,7.15,N,Not at Intersection,N,Non-Junction,None,,,         ,Stanley,Collins,Rain,Angle,no,no,no,no,no,False
101605189,METROPOLITAN NASHVILLE POLICE DEPT,20170303356,Davidson,Nashville,4/6/2017 7:33:00 AM,2,0,0,36.045470,-86.724980,AMALIE DR,,,,136.00,Feet,South,VILLAGE WAY,,,,0.00,N,Not at Intersection, ,Non-Junction,None,,,         ,Darrell,Osment,Rain,Angle,no,no,no,no,no,False
101605190,METROPOLITAN NASHVILLE POLICE DEPT,20170303406,Davidson,Nashville,4/6/2017 8:20:00 AM,2,0,0,36.116230,-86.788680,I 440,,,,0.00,,,,,,,3.95,N,Not at Intersection, ,Non-Junction,None,,,         ,Brent,Bauer,Rain,Front to Rear,no,no,no,no,no,False
101605194,METROPOLITAN NASHVILLE POLICE DEPT,20170303205,Davidson,Nashville,4/6/2017 6:44:00 AM,2,0,0,36.192560,-86.778370,I 65,,,,0.00,,,,,,,86.40,N,Not at Intersection,N,Non-Junction,None,,,         ,Isaac,Wood,Rain,Angle,no,no,no,no,no,False
101605207,METROPOLITAN NASHVILLE POLICE DEPT,20170303401,Davidson,Nashville,4/6/2017 8:10:00 AM,2,0,0,36.012140,-86.703440,NOLENSVILLE PKE,,,,100.00,Feet,South,HOLT RD,,,,0.00,N,Not at Intersection, ,Non-Junction,None,,,         ,Randall,Combs,Rain,Front to Rear,no,no,no,no,no,False
101605216,METROPOLITAN NASHVILLE POLICE DEPT,20170303368,Davidson,Nashville,4/6/2017 7:25:00 AM,2,0,0,36.044770,-86.661530,CANE RIDGE RD,,,,0.00,,,BELL RD,,,,0.00,Y,Four-Way,N,Intersection,None,,,         ,Lee,Davis,Rain,"Sideswipe, Same Direction",no,no,no,no,yes,False
101605225,METROPOLITAN NASHVILLE POLICE DEPT,20170303501,Davidson,Nashville,4/6/2017 9:10:00 AM,2,0,0,36.045480,-86.647460,CROSSINGS BLVD,,,,51.00,Feet,West,MT VIEW RD,,,,0.00,N,Not at Intersection,N,Non-Junction,None,,,         ,Jason,Dudley,Rain,Angle,no,no,no,no,no,False
101605243,METROPOLITAN NASHVILLE POLICE DEPT,20170303459,Davidson,Nashville,4/6/2017 8:54:00 AM,1,0,0,36.041990,-86.782340,I 65,,,,0.00,,,,,,,74.80,N,Not at Intersection,Y,Entrance/Exit Ramp Related,None,,,         ,Abbey,Sawl,Rain,Not Collision with Motor Vehicle in Transport,no,no,no,no,no,False
101605247,METROPOLITAN NASHVILLE POLICE DEPT,20170303499,Davidson,Nashville,4/6/2017 8:53:00 AM,2,0,0,36.112910,-86.798290,WOODMONT BLVD,,,,516.00,Feet,East,BELMONT BLVD,,,,0.00,N,Not at Intersection,N,Non-Junction,None,,,         ,Benjamin,Williams,Rain,Front to Rear,no,no,no,no,no,False
101605251,METROPOLITAN NASHVILLE POLICE DEPT,20170303469,Davidson,Nashville,4/6/2017 8:50:00 AM,2,0,0,36.194680,-86.830300,BUENA VISTA PKE,,,,43.00,Feet,North,RESHA LN,,,,0.00,N,Not at Intersection, ,Non-Junction,None,,,         ,Jeanine,Sarno,Rain,"Sideswipe, Same Direction",no,no,no,no,no,False
101605252,METROPOLITAN NASHVILLE POLICE DEPT,20170303491,Davidson,Nashville,4/6/2017 7:15:00 AM,2,1,0,36.044000,-86.656500,I 24,,,,0.00,,,,,,,59.55,N,Not at Intersection,N,Non-Junction,None,,,         ,Blake,Lutz,Rain,Front to Rear,no,no,no,no,no,False
101605253,METROPOLITAN NASHVILLE POLICE DEPT,20170303556,Davidson,Nashville,4/6/2017 9:35:00 AM,3,0,0,36.105630,-86.767320,I 65,,,,0.00,,,,,,,79.50,N,Not at Intersection,N,Non-Junction,None,,,         ,Nathan,Kemp,Rain,Front to Rear,no,no,no,no,yes,False
101605267,METROPOLITAN NASHVILLE POLICE DEPT,20170303303,Davidson,Nashville,4/6/2017 7:35:00 AM,2,0,0,36.125270,-86.733910,I 440,,,,0.00,,,,,,,7.20,N,Not at Intersection, ,Non-Junction,None,,,         ,Brandon,O'Guin,Rain,Front to Rear,no,no,no,no,no,False
101605275,METROPOLITAN NASHVILLE POLICE DEPT,20170303284,Davidson,Nashville,4/6/2017 7:26:00 AM,3,0,0,36.074080,-86.922760,HIGHWAY 70S,,,,159.00,Feet,East,OLD HARDING PKE,,,,0.00,N,Not at Intersection, ,Non-Junction,None,,,         ,Ratavious,Williams,Rain,Front to Rear,no,no,no,no,no,False
101605286,METROPOLITAN NASHVILLE POLICE DEPT,20170303404,Davidson,Nashville,4/6/2017 8:19:00 AM,2,0,0,36.143570,-86.649140,I 40,,,,0.00,,,,,,,217.35,N,Not at Intersection, ,Non-Junction,None,,,         ,Wesley,Young,Rain,Front to Rear,no,no,no,no,no,False
101605288,METROPOLITAN NASHVILLE POLICE DEPT,20170303540,Davidson,Nashville,4/6/2017 9:26:00 AM,2,0,0,36.125580,-86.732920,I 440,,,,0.00,,,,,,,7.25,N,Not at Intersection,Y,Entrance/Exit Ramp Related,None,,,         ,Brian,Lamb,Rain,Front to Rear,no,no,no,no,no,False
101605307,METROPOLITAN NASHVILLE POLICE DEPT,20170303317,Davidson,Nashville,4/6/2017 7:41:00 AM,2,0,0,36.125080,-86.734650,I 440,,,,0.00,,,,,,,7.15,N,Not at Intersection,N,Non-Junction,None,,,         ,Brandon,O'Guin,Rain,Front to Rear,no,no,no,no,no,False
101605315,METROPOLITAN NASHVILLE POLICE DEPT,20170303666,Davidson,Nashville,4/6/2017 10:32:00 AM,1,0,0,36.096600,-86.644600,SMITH SPRINGS RD,,,,1068.00,Feet,West,UNA RECREATION RD,,,,0.00,N,Not at Intersection, ,Non-Junction,None,,,         ,Wesley,Young,Rain,Not Collision with Motor Vehicle in Transport,no,no,no,no,no,False
101605321,METROPOLITAN NASHVILLE POLICE DEPT,20170303652,Davidson,Nashville,4/6/2017 10:23:00 AM,2,0,0,36.212610,-86.775700,I 65,,,,0.00,,,,,,,87.80,N,Not at Intersection, ,Non-Junction,None,,,         ,Michael,Parman,Rain,"Sideswipe, Same Direction",no,no,no,no,no,False
101605324,METROPOLITAN NASHVILLE POLICE DEPT,20170303635,Davidson,Nashville,4/6/2017 10:09:00 AM,2,1,0,36.079600,-86.726320,NOLENSVILLE PKE,,,,0.00,,,HARDING PL,,,,0.00,Y,Four-Way,N,Intersection,None,,,         ,Darrell,Osment,Rain,Front to Rear,no,no,no,no,no,False
101605325,METROPOLITAN NASHVILLE POLICE DEPT,20170303573,Davidson,Nashville,4/6/2017 8:55:00 AM,3,0,0,36.045070,-86.671350,BELL RD,,,,300.00,Feet,West,HICKORY PARK DR,,,,0.00,N,Not at Intersection, ,Non-Junction,None,,,         ,Randall,Combs,Rain,"Sideswipe, Same Direction",no,no,no,no,yes,False
101605328,METROPOLITAN NASHVILLE POLICE DEPT,20170303516,Davidson,Nashville,4/6/2017 9:26:00 AM,2,1,0,36.126020,-86.731540,I 440,,,,0.00,,,,,,,7.30,N,Not at Intersection,N,Non-Junction,None,,,         ,Stephen,Soule,Rain,Front to Rear,no,no,no,no,no,False
101605329,METROPOLITAN NASHVILLE POLICE DEPT,2017-0303614,Davidson,Nashville,4/6/2017 10:08:00 AM,2,0,0,36.052240,-86.653190,MT VIEW RD,,,,0.00,,,RURAL HILL RD,,,,0.00,Y,Four-Way,N,Intersection,None,,,         ,Stanley,Collins,Rain,Angle,no,no,no,no,no,False
101605335,METROPOLITAN NASHVILLE POLICE DEPT,20170303537,Davidson,Nashville,4/6/2017 9:20:00 AM,1,0,0,36.170610,-86.691600,DELLROSE DR,,,,200.00,Feet,East,COTTAGE LN,,,,0.00,N,Not at Intersection, ,,None,,,         ,Cody,O'Quinn,,,no,no,no,no,no,False
101605336,METROPOLITAN NASHVILLE POLICE DEPT,20170303691,Davidson,Nashville,4/6/2017 10:38:00 AM,2,0,0,36.218850,-86.774970,I 65,,,,0.00,,,,,,,88.20,N,Not at Intersection,N,Non-Junction,None,,,         ,Michael,McCord,Rain,"Sideswipe, Same Direction",no,no,no,no,no,False
101605337,METROPOLITAN NASHVILLE POLICE DEPT,20170303400,Davidson,Nashville,4/6/2017 8:20:00 AM,2,0,0,36.125270,-86.733910,I 440,,,,0.00,,,,,,,7.20,N,Not at Intersection, ,Non-Junction,None,,,         ,Brandon,O'Guin,Rain,Front to Rear,no,no,no,no,no,False
101605338,METROPOLITAN NASHVILLE POLICE DEPT,20170303717,Davidson,Nashville,4/6/2017 9:06:00 AM,2,0,0,36.077790,-86.666970,BILLINGSGATE RD,,,,0.00,,,EVERSHOLT CT,,,,0.00,Y,T-Intersection,N,Intersection,None,,,         ,Brian,Lamb,Rain,Front to Rear,no,no,no,no,no,False
101605341,METROPOLITAN NASHVILLE POLICE DEPT,20170303741,Davidson,Not in City Limit,4/6/2017 9:10:00 AM,2,0,0,36.262990,-86.680940,STATE RT 45,,,,0.00,,,RIO VISTA DR,,,,0.00,Y,Four-Way, ,Intersection,None,,,         ,Michelle,Steidl,Rain,Front to Rear,no,no,no,no,yes,False
101605344,METROPOLITAN NASHVILLE POLICE DEPT,20170303679,Davidson,Nashville,4/6/2017 10:30:00 AM,2,0,0,36.131210,-86.726820,I 24,,,,0.00,,,,,,,52.10,N,Not at Intersection,N,Non-Junction,None,,,         ,Blake,Lutz,Rain,Front to Rear,no,no,no,no,no,False
101605346,METROPOLITAN NASHVILLE POLICE DEPT,20170303834,Davidson,Nashville,4/6/2017 11:43:00 AM,2,0,0,36.105980,-86.800990,BELMONT BLVD,,,,0.00,,,UNIVERSITY PARK DR,,,,0.00,Y,T-Intersection, ,Intersection,None,,,         ,Nathan,Kemp,Rain,Angle,no,no,no,no,no,False
101605355,METROPOLITAN NASHVILLE POLICE DEPT,20170303264,Davidson,Nashville,4/6/2017 7:17:00 AM,2,1,0,36.074340,-86.741940,BLACKMAN RD,,,,390.00,Feet,East,TIMBERDALE DR,,,,0.00,N,Not at Intersection,N,Non-Junction,None,,,         ,Darrell,Osment,Rain,Front to Rear,no,no,no,no,yes,False
101605393,METROPOLITAN NASHVILLE POLICE DEPT,20170303437,Davidson,Nashville,4/6/2017 8:40:00 AM,3,0,0,36.125290,-86.733880,I 440,,,,0.00,,,,,,,7.20,N,Not at Intersection,N,Non-Junction,None,,,         ,Brandon,O'Guin,Rain,Front to Rear,no,no,no,no,no,False
101605397,METROPOLITAN NASHVILLE POLICE DEPT,20170303778,Davidson,Nashville,4/6/2017 10:15:00 AM,1,0,0,36.278480,-86.787850,OLD HICKORY BLVD,,,,418.00,Feet,East,DANIEL RAY DR,,,,0.00,N,Not at Intersection, ,,None,,,         ,Jack,Crouch,,,yes,no,no,no,no,False
101605400,METROPOLITAN NASHVILLE POLICE DEPT,20170303590,Davidson,Nashville,4/6/2017 9:57:00 AM,2,1,0,36.174170,-86.808590,DR D B TODD JR BLVD,,,,49.00,Feet,South,FORMOSA ST,,,,0.00,N,Not at Intersection,N,Non-Junction,None,,,         ,James,Jarvis,Rain,Front to Rear,no,no,no,no,no,False
101605407,METROPOLITAN NASHVILLE POLICE DEPT,20170303724,Davidson,Nashville,4/6/2017 10:30:00 AM,1,0,0,36.096480,-86.644210,SMITH SPRINGS RD,,,,947.00,Feet,West,UNA RECREATION RD,,,,0.00,N,Not at Intersection,N,Non-Junction,None,,,         ,Cody,O'Quinn,Rain,Not Collision with Motor Vehicle in Transport,no,no,no,no,no,False
101605412,METROPOLITAN NASHVILLE POLICE DEPT,20170303825,Davidson,Nashville,4/6/2017 11:42:00 AM,2,1,0,36.206160,-86.772050,W TRINITY LN,,,,279.00,Feet,West,LUCAS LN,,,,0.00,N,Not at Intersection,N,Non-Junction,None,,,         ,Michael,Thompson,Cloudy,Angle,no,no,no,no,no,False
101605415,METROPOLITAN NASHVILLE POLICE DEPT,20170303911,Davidson,Nashville,4/6/2017 11:12:00 AM,2,0,0,36.143140,-86.744310,FESSLERS LN,,,,128.00,Feet,North,MURFREESBORO PKE,,,,0.00,N,Not at Intersection, ,Non-Junction,None,,,         ,Wesley,Young,Rain,"Sideswipe, Same Direction",no,no,no,no,no,False
101605426,METROPOLITAN NASHVILLE POLICE DEPT,20170303839,Davidson,Nashville,4/6/2017 11:47:00 AM,2,3,0,36.208880,-86.734560,KIRKLAND AV,,,,0.00,,,GALLATIN PKE,,,,0.00,Y,T-Intersection,N,Non-Junction,None,,,         ,Gregory,Cenicola,Rain,Angle,no,no,no,no,no,False
101605428,METROPOLITAN NASHVILLE POLICE DEPT,20170303967,Davidson,Nashville,4/6/2017 12:45:00 PM,2,0,0,36.202420,-86.739150,LITTON AV,,,,0.00,,,GALLATIN PKE,,,,0.00,Y,T-Intersection, ,Intersection,None,,,         ,Richard,Conger,Rain,Front to Rear,no,no,no,no,no,False
101605431,METROPOLITAN NASHVILLE POLICE DEPT,20170303700,Davidson,Nashville,4/6/2017 11:49:00 AM,2,0,0,36.083400,-86.698510,I 24,,,,0.00,,,,,,,55.95,N,Not at Intersection, ,Non-Junction,None,,,         ,Jessie,Meadows,Rain,"Sideswipe, Same Direction",no,no,no,no,no,False
101605432,METROPOLITAN NASHVILLE POLICE DEPT,20170303906,Davidson,Antioch,4/6/2017 12:49:00 PM,2,0,0,36.016150,-86.616050,GOULD BLVD,,,,57.00,Feet,South,FIRESTONE PKWY,,,,0.00,N,Not at Intersection, ,Non-Junction,None,,,         ,Jessie,Meadows,Clear,Front to Rear,no,no,no,no,no,False
101605439,METROPOLITAN NASHVILLE POLICE DEPT,20170303814,Davidson,Nashville,4/6/2017 11:23:00 AM,3,1,0,36.226310,-86.603190,SAUNDERSVILLE RD,,,,0.00,,,SHUTE LN,,,,0.00,Y,T-Intersection,N,Intersection,None,,,         ,Wesley,Young,Rain,Front to Rear,no,no,no,no,no,False
101605442,METROPOLITAN NASHVILLE POLICE DEPT,20170303435,Davidson,Nashville,4/6/2017 8:00:00 AM,1,0,0,36.081600,-86.639370,EDGE O LAKE DR,,,,163.00,Feet,South,DEERPATH DR,,,,0.00,N,Not at Intersection,N,Non-Junction,None,,,         ,Seth,Vaughn,Rain,Not Collision with Motor Vehicle in Transport,no,no,no,no,no,False
101605448,METROPOLITAN NASHVILLE POLICE DEPT,20170303943,Davidson,Not in City Limit,4/6/2017 11:50:00 AM,1,0,0,36.301450,-86.809700,LICKTON PKE,,,,31.00,Feet,South,CLAY LICK RD,,,,0.00,N,Not at Intersection,N,Non-Junction,None,,,         ,Joshua,Borum,Rain,Not Collision with Motor Vehicle in Transport,no,no,no,no,no,False
101605450,METROPOLITAN NASHVILLE POLICE DEPT,20170303997,Davidson,Nashville,4/6/2017 1:00:00 PM,2,0,0,36.141320,-86.800250,21ST AVS,,,,211.00,Feet,North,DIXIE PL,,,,0.00,N,Not at Intersection, ,Non-Junction,None,,,         ,Nathan,Kemp,Clear,"Sideswipe, Same Direction",no,no,no,no,no,Campus
101605455,METROPOLITAN NASHVILLE POLICE DEPT,20170303323,Davidson,Nashville,4/6/2017 7:40:00 AM,2,0,0,36.170690,-86.751640,SHELBY AV,,,,0.00,,,,,,,0.00,,,N,Non-Junction,None,,,         ,Mary,Williams,Rain,Angle,no,no,no,no,no,False
101605459,METROPOLITAN NASHVILLE POLICE DEPT,20170303762,Davidson,Nashville,4/6/2017 11:07:00 AM,1,0,0,36.172100,-86.670860,KNOBVIEW DR,,,,0.00,,,TODDWAY CT,,,,0.00,,Not at Intersection,N,Non-Junction,None,,,         ,Steven,Heimbach,Rain,Not Collision with Motor Vehicle in Transport,no,no,no,no,no,False
101605464,METROPOLITAN NASHVILLE POLICE DEPT,20170303663,Davidson,Nashville,4/6/2017 10:15:00 AM,2,1,0,36.086860,-86.695950,S PERIMETER PARK DR,,,,0.00,Feet,,HARDING PL,,,,0.00,Y,Four-Way,N,Intersection,None,,,         ,Roy,McElwee,Rain,Angle,no,no,no,no,yes,False
101605499,METROPOLITAN NASHVILLE POLICE DEPT,20170303993,Davidson,Nashville,4/6/2017 12:00:00 AM,2,0,0,36.063450,-86.629920,HAMILTON CHURCH RD,,,,586.00,Feet,North,HAMILTON CROSSINGS,,,,0.00,N,Not at Intersection,N,Non-Junction,None,,,         ,Jason,Dudley,Clear,Angle,no,no,no,yes,yes,False
101605530,METROPOLITAN NASHVILLE POLICE DEPT,20170303736,Davidson,Nashville,4/6/2017 10:59:00 AM,1,0,0,36.147760,-86.743510,FESSLERS LN,,,,0.00,,,I40 W ENT RAMP,,,,0.00,Y,T-Intersection,Y,Entrance/Exit Ramp Related,None,,,         ,Larry,Benz,Rain,Not Collision with Motor Vehicle in Transport,no,no,no,no,yes,False
101605543,METROPOLITAN NASHVILLE POLICE DEPT,20170304147,Davidson,Nashville,4/6/2017 2:00:00 PM,2,0,0,36.189000,-86.798550,ROSA L PARKS BLVD,,,,394.00,Feet,North,DOMINICAN DR,,,,0.00,N,Not at Intersection, ,,None,,,         ,James,Jarvis,,,no,no,no,no,no,False
101605554,METROPOLITAN NASHVILLE POLICE DEPT,20170303723,Davidson,Nashville,4/6/2017 10:43:00 AM,2,2,0,36.096610,-86.644630,SMITH SPRINGS RD,,,,1065.00,Feet,West,UNA RECREATION RD,,,,0.00,N,Not at Intersection,N,Non-Junction,None,,,         ,Gerry,Hutcheson,Rain,"Sideswipe, Same Direction",no,no,no,no,no,False
101605557,METROPOLITAN NASHVILLE POLICE DEPT,20170304027,Davidson,Nashville,4/6/2017 1:13:00 PM,2,0,0,36.182370,-86.748980,GALLATIN AV,,,,105.00,Feet,North,MAXWELL AV,,,,0.00,N,Not at Intersection,N,Non-Junction,None,,,         ,Michael,Thompson,Clear,"Sideswipe, Same Direction",no,no,no,no,no,False
101605589,METROPOLITAN NASHVILLE POLICE DEPT,20170304065,Davidson,Nashville,4/6/2017 1:13:00 PM,2,1,0,36.232290,-86.624730,SHUTE LN,,,,0.00,,,OLD HICKORY BLVD,,,,0.00,Y,T-Intersection,N,Intersection-Related,None,,,         ,Cody,O'Quinn,Cloudy,Front to Rear,no,no,no,no,no,False
101605592,METROPOLITAN NASHVILLE POLICE DEPT,20170303245,Davidson,Nashville,4/6/2017 6:40:00 AM,2,1,0,36.227970,-86.602980,SHUTE LN,,,,607.00,Feet,North,SAUNDERSVILLE RD,,,,0.00,N,Not at Intersection,N,Non-Junction,None,,,         ,William,Walls,Rain,Front to Rear,no,no,no,no,no,False
101605613,METROPOLITAN NASHVILLE POLICE DEPT,20170304144,Davidson,Nashville,4/6/2017 1:50:00 PM,2,0,0,36.148850,-86.804560,WEST END AV,,,,0.00,,,23RD AVN,,,,0.00,Y,T-Intersection,N,Intersection,None,,,         ,Abbey,Sawl,Cloudy,Front to Rear,no,no,no,no,no,Campus
101605623,METROPOLITAN NASHVILLE POLICE DEPT,20170304228,Davidson,Goodlettsville,4/6/2017 2:32:00 PM,2,1,0,36.294100,-86.701620,GALLATIN PKEN,,,,139.00,Feet,South,MCHENRY CENTER PVTDR,,,,0.00,N,Not at Intersection,Y,Non-Junction,None,,,         ,Samuel,Miller,Cloudy,Front to Rear,no,no,no,no,no,False
101605652,METROPOLITAN NASHVILLE POLICE DEPT,20170304152,Davidson,Antioch,4/6/2017 3:25:00 PM,2,0,0,36.059400,-86.599650,HAMILTON CHURCH RD,,,,641.00,Feet,West,HOBSON PKE,,,,0.00,N,Not at Intersection, ,Non-Junction,None,,,         ,Jessie,Meadows,Clear,Other,no,no,no,no,no,False
101605664,METROPOLITAN NASHVILLE POLICE DEPT,20170304262,Davidson,Nashville,4/6/2017 2:53:00 PM,3,0,0,36.200920,-86.776780,I 65,,,,0.00,,,,,,,86.95,N,Not at Intersection, ,Non-Junction,None,,,         ,Michael,Brooks,Clear,Front to Rear,no,no,no,no,no,False
101605669,METROPOLITAN NASHVILLE POLICE DEPT,20170304360,Davidson,Nashville,4/6/2017 3:32:00 PM,2,0,0,36.159430,-86.792100,I 40,,,,0.00,,,,,,,208.85,N,Not at Intersection, ,Non-Junction,None,,,         ,Tyler,Manivong,Clear,"Sideswipe, Same Direction",no,no,no,no,no,False
101605670,METROPOLITAN NASHVILLE POLICE DEPT,20170304403,Davidson,Nashville,4/6/2017 3:45:00 PM,1,0,0,36.140060,-86.826370,MURPHY RD,,,,140.00,Feet,East,BOWLING AV,,,,0.00,N,Not at Intersection,N,Non-Junction,None,,,         ,Walter,Gray II,Cloudy,Not Collision with Motor Vehicle in Transport,no,no,no,no,no,False