master_record_number,agency,agency_tracking_number,county,city,collision_date,vehicles_involved,number_injured,number_dead,latitude,longitude,roadway_name,roadway_suffix,roadway_number,roadway_local_id,distance_from_reference,miles-feet_indicator,direction_from_reference,intersection_road_name,intersection_road_name_suffix,intersection_road_number,intersection_local_id,mile_marker,intersection_indicator,intersect_type,interchange_related_indicator,relation_to_junction,work_zone_type,construction_maintenance_zone,construction_maintenance_zone_location,fatal_case_number,officer_first_name,officer_last_name,weather_condition(s),manner_of_crash,pedestrian,bicycle,scooter,parking,hitrun,mou
101607146,METROPOLITAN NASHVILLE POLICE DEPT,20170307930,Davidson,Not in City Limit,4/7/2017 4:44:00 PM,3,2,0,36.273750,-86.796260,I 24,,,,0.00,,,,,,,40.80,N,Not at Intersection,N,Non-Junction,None,,,         ,Samuel,Miller,Clear,Angle,no,no,no,no,yes,False
101607149,METROPOLITAN NASHVILLE POLICE DEPT,20170308138,Davidson,Nashville,4/7/2017 6:03:00 PM,2,0,0,36.152110,-86.753110,I 40,,,,0.00,,,,,,,211.40,N,Not at Intersection, ,Non-Junction,None,,,         ,Jaby,Djabbarov,Clear,"Sideswipe, Same Direction",no,no,no,no,no,False
101607150,METROPOLITAN NASHVILLE POLICE DEPT,20170308449,Davidson,Nashville,4/7/2017 6:29:00 PM,2,1,0,36.168420,-86.687960,LEBANON PKE,,,,0.00,,,BRILEY PKWY N ENT RAMP,,,,0.00,Y,Four-Way,N,Intersection,None,,,         ,Jaby,Djabbarov,Clear,Angle,no,no,no,no,no,False
101607159,METROPOLITAN NASHVILLE POLICE DEPT,20170308412,Davidson,Nashville,4/7/2017 7:55:00 PM,2,0,0,36.066910,-86.688030,APACHE TRL,,,,89.00,Feet,West,VILLAS OF BAVARIA PVTDR,,,,0.00,N,Not at Intersection,N,Non-Junction,None,,,         ,Alyson,Cook,Clear,"Sideswipe, Same Direction",no,no,no,no,no,False
101607160,METROPOLITAN NASHVILLE POLICE DEPT,20170308090,Davidson,Not in City Limit,4/7/2017 5:50:00 PM,3,1,0,36.279590,-86.778840,OLD HICKORY BLVD,,,,1391.00,Feet,East,BRICK CHURCH PKE,,,,0.00,N,Not at Intersection,N,Non-Junction,None,,,         ,Samuel,Miller,Clear,Front to Rear,no,no,no,no,no,False
101607163,METROPOLITAN NASHVILLE POLICE DEPT,20170307786,Davidson,Nashville,4/7/2017 1:30:00 PM,2,0,0,36.140940,-86.732840,I 40,,,,0.00,,,,,,,213.00,N,Not at Intersection, ,Non-Junction,None,,,         ,Jedidayah,Merriweather,Clear,"Sideswipe, Same Direction",no,no,no,no,yes,False
101607165,METROPOLITAN NASHVILLE POLICE DEPT,20170308551,Davidson,Not in City Limit,4/7/2017 7:45:00 PM,2,0,0,36.269420,-86.736570,I 65,,,,0.00,,,,,,,92.60,N,Not at Intersection, ,,None,,,         ,William,Crowe,,,no,no,no,no,no,False
101607168,METROPOLITAN NASHVILLE POLICE DEPT,20170308350,Davidson,Madison,4/7/2017 5:35:00 PM,2,1,0,36.295990,-86.698450,RIVERGATE STATION PVTDR,,,,0.00,,,MYATT DR,,,,0.00,Y,T-Intersection,N,Non-Junction,None,,,         ,Brittani,Campbell,Clear,Front to Rear,no,no,no,no,no,False
101607183,METROPOLITAN NASHVILLE POLICE DEPT,20170307997,Davidson,Nashville,4/7/2017 5:10:00 PM,2,0,0,36.168860,-86.680530,LEBANON PKE,,,,0.00,,,,,,,0.00,,Not at Intersection,N,Non-Junction,None,,,         ,Brent,Hedgcoth,Clear,Front to Rear,no,no,no,no,yes,False
101607187,METROPOLITAN NASHVILLE POLICE DEPT,20170308189,Davidson,Goodlettsville,4/7/2017 6:24:00 PM,2,0,0,36.289100,-86.704370,GALLATIN PKEN,,,,653.00,Feet,South,ALTUS AV,,,,0.00,N,Not at Intersection,N,Non-Junction,None,,,         ,Samuel,Miller,Clear,Front to Rear,no,no,no,no,yes,False
101607198,METROPOLITAN NASHVILLE POLICE DEPT,20170308006,Davidson,Nashville,4/7/2017 5:18:00 PM,3,2,0,36.099280,-86.625250,BELL RD,,,,0.60,Miles,South,NED SHELTON RD,,,,0.00,N,Not at Intersection,N,Non-Junction,None,,,         ,Michael,Apsey,Clear,Front to Rear,no,no,no,no,no,False
101607199,METROPOLITAN NASHVILLE POLICE DEPT,20170308340,Davidson,Nashville,4/7/2017 5:50:00 PM,2,0,0,36.218500,-86.837030,KINGS LN,,,,0.00,,,CLARKSVILLE PKE,,,,0.00,Y,OTHER,N,Intersection-Related,None,,,         ,Arend,Groeneweg,Clear,"Sideswipe, Same Direction",no,no,no,no,yes,False
101607227,METROPOLITAN NASHVILLE POLICE DEPT,3905 NOLENSVILL,Davidson,Nashville,4/7/2017 7:58:00 PM,2,0,0,36.046120,-86.713350,NOLENSVILLE PKE,,,,275.00,Feet,North,OLD HICKORY BLVD,,,,0.00,N,Not at Intersection, ,Non-Junction,None,,,         ,Eric,Thomas,Clear,Front to Rear,no,no,no,no,no,False
101607237,METROPOLITAN NASHVILLE POLICE DEPT,20170307985,Davidson,Nashville,4/7/2017 5:05:00 PM,3,0,0,36.171330,-86.767870,I 24,,,,0.00,,,,,,,48.40,N,Not at Intersection,N,Non-Junction,None,,,         ,Micah,Wright,Clear,Front to Rear,no,no,no,no,no,False
101607246,GOODLETTSVILLE POLICE DEPT,17-12516,Davidson,Goodlettsville,4/7/2017 7:32:00 PM,1,0,0,36.320599,-86.702885,,,I65,,500.00,Feet,South,,,,,97.00,N,Not at Intersection,N,Non-Junction,None,,,         ,Jeffrey,Petty,Clear,Not Collision with Motor Vehicle in Transport,no,no,no,no,no,False
101607259,METROPOLITAN NASHVILLE POLICE DEPT,20170308117,Davidson,Nashville,4/7/2017 5:53:00 PM,2,2,0,36.212570,-86.700500,OPRY MILLS DR,,,,351.00,Feet,North,OPRYLAND DR,,,,0.00,N,Not at Intersection,N,Non-Junction,None,,,         ,Kyle,Burks,Clear,HeadOn,no,no,no,yes,no,False
101607272,METROPOLITAN NASHVILLE POLICE DEPT,20170308865,Davidson,Nashville,4/7/2017 10:00:00 PM,2,0,0,36.169410,-86.772030,WOODLAND ST,,,,0.00,,,,,,,0.00,,, ,Non-Junction,None,,,         ,Damon,Hutcheson,Clear,HeadOn,no,no,no,no,yes,False
101607279,METROPOLITAN NASHVILLE POLICE DEPT,20170308903,Davidson,Nashville,4/7/2017 10:48:00 PM,2,0,0,36.173210,-86.765590,SPRING ST,,,,152.00,Feet,North,MAIN ST ENT RAMP,,,,0.00,N,Not at Intersection, ,Entrance/Exit Ramp Related,None,,,         ,Sara,Lober,Clear,"Sideswipe, Same Direction",no,no,no,no,no,False
101607291,METROPOLITAN NASHVILLE POLICE DEPT,20170308908,Davidson,Nashville,4/7/2017 9:45:00 PM,2,0,0,36.136330,-86.800910,21ST AVS,,,,106.00,Feet,South,BELCOURT AV,,,,0.00,N,Not at Intersection,N,Non-Junction,None,,,         ,Eugene,Martino,Clear,Front to Rear,no,no,no,no,yes,Campus
101607349,VANDERBILT UNIVERSITY POLICE,17-0308720,Davidson,Nashville,4/7/2017 9:20:00 PM,2,0,0,36.110280,-86.766030,POWELL AVE,,,,0.00,,,,,,,0.00,,, ,Non-Junction,None,,,         ,William,Amburn,Clear,Angle,no,no,no,yes,no,OHO
101607350,METROPOLITAN NASHVILLE POLICE DEPT,20170308943,Davidson,Nashville,4/7/2017 11:15:00 PM,2,0,0,36.157720,-86.784830,BROADWAY,,,,175.00,Feet,West,10TH AVN,,,,0.00,N,Not at Intersection, ,Non-Junction,None,,,         ,Christopher,Augustin,Clear,Front to Rear,no,no,no,no,no,False
101607352,METROPOLITAN NASHVILLE POLICE DEPT,20170309064,Davidson,Nashville,4/7/2017 11:55:00 PM,2,0,0,36.149670,-86.769810,4TH AVS,,,,0.00,,,MCCANN ST,,,,0.00,Y,OTHER,N,Intersection,None,,,         ,Douglas,Sykes,Clear,HeadOn,no,no,no,no,yes,False
101607366,METROPOLITAN NASHVILLE POLICE DEPT,20170309028,Davidson,Nashville,4/7/2017 9:20:00 PM,2,0,0,36.153560,-86.645830,BOULDER PARK DR,,,,706.00,Feet,East,LAUREL FOREST DR,,,,0.00,N,Not at Intersection, ,Non-Junction,None,,,         ,Daniel,Caruth,Clear,HeadOn,no,no,no,no,no,False
101607407,METROPOLITAN NASHVILLE POLICE DEPT,20170309073,Davidson,Nashville,4/8/2017 12:09:00 AM,2,0,0,36.135630,-86.799930,ACKLEN AV,,,,86.00,Feet,West,20TH AVS,,,,0.00,N,Not at Intersection, ,Non-Junction,None,,,         ,Eugene,Martino,Clear,Rear to Side,no,no,no,no,no,False
101607419,GOODLETTSVILLE POLICE DEPT,17-12535,Davidson,Goodlettsville,4/8/2017 12:30:00 AM,2,0,0,36.323090,-86.707630,SR 174,,,,0.00,Feet,,CARTWRIGHT ST,,,,0.00,Y,Four-Way, ,Intersection,None,,,         ,Donald,Brinton,Clear,Angle,no,no,no,no,no,False
101607425,METROPOLITAN NASHVILLE POLICE DEPT,20170309266,Davidson,Nashville,4/8/2017 2:02:00 AM,2,0,0,36.155430,-86.790200,BROADWAY,,,,0.00,,,15TH AVS,,,,0.00,Y,T-Intersection, ,Non-Junction,None,,,         ,Craig,Oakley,Clear,Front to Rear,no,no,no,no,no,False
101607465,METROPOLITAN NASHVILLE POLICE DEPT,2017-0305712,Davidson,Nashville,4/7/2017 12:04:00 AM,1,0,0,36.094290,-86.758250,SIDCO DR,,,,0.00,,,POWELL AV,,,,0.00,Y,Four-Way,N,Non-Junction,None,,,         ,Frank,Walker,Clear,Not Collision with Motor Vehicle in Transport,no,no,no,no,no,False
101607466,METROPOLITAN NASHVILLE POLICE DEPT,20170309327,Davidson,Nashville,4/7/2017 12:00:00 AM,2,0,0,36.040050,-86.629710,MONROE CRSG,,,,0.00,,,PARKSTONE LN,,,,0.00,Y,T-Intersection,N,Non-Junction,None,,,         ,William,Coy,Clear,Unknown,no,no,no,no,yes,False
101607471,THP District 3 - Nashville,317020044,Davidson,Nashville,4/8/2017 3:12:00 AM,1,0,0,36.030190,-86.783890,I 65,,,,0.00,,,,,,,74.00,N,Not at Intersection, ,Non-Junction,None,,,         ,David,Greene,Clear,Not Collision with Motor Vehicle in Transport,no,no,no,no,no,False
101607473,METROPOLITAN NASHVILLE POLICE DEPT,20170309201,Davidson,Nashville,4/8/2017 1:20:00 AM,2,0,0,36.170070,-86.770970,S 2ND ST,,,,0.00,,,,,,,0.00,,,N,Non-Junction,None,,,         ,Damon,Hutcheson,Clear,Front to Rear,no,no,no,no,no,False
101607474,VANDERBILT UNIVERSITY POLICE,17-0309423,Davidson,Nashville,4/8/2017 3:25:00 AM,2,0,0,36.143540,-86.811010,28TH AVS,,,,0.00,,,,,,,0.00,,, ,,None,,,         ,Patrick,Conwell,,,no,no,no,yes,no,Campus
101607479,METROPOLITAN NASHVILLE POLICE DEPT,20170308885,Davidson,Nashville,4/7/2017 9:50:00 PM,2,0,0,36.203550,-86.738530,GALLATIN PKE,,,,0.00,,,E TRINITY LN,,,,0.00,Y,T-Intersection,N,Intersection,None,,,         ,Brandon,Hughes,Clear,Angle,no,no,no,no,yes,False
101607480,METROPOLITAN NASHVILLE POLICE DEPT,20170308948,Davidson,Nashville,4/7/2017 11:20:00 PM,2,0,0,36.179650,-86.769150,MERIDIAN ST,,,,164.00,Feet,North,FOSTER ST,,,,0.00,N,Not at Intersection, ,Non-Junction,None,,,         ,Audrean,Manquero,Clear,Angle,no,no,no,no,yes,False
101607511,METROPOLITAN NASHVILLE POLICE DEPT,20170309399,Davidson,Nashville,4/8/2017 3:01:00 AM,1,1,0,36.049250,-86.731310,ASHLEY DR,,,,48.00,Feet,South,TOBYLYNN DR,,,,0.00,N,Not at Intersection,N,Non-Junction,None,,,         ,Cody,Jaworski,Clear,Not Collision with Motor Vehicle in Transport,no,no,no,no,no,False
101607513,METROPOLITAN NASHVILLE POLICE DEPT,20170309348,Davidson,Antioch,4/8/2017 2:45:00 AM,2,0,0,36.009510,-86.614880,I 24,,,,0.00,,,,,,,63.00,N,Not at Intersection,N,Non-Junction,None,,,         ,Sandra,Fly,Clear,"Sideswipe, Same Direction",no,no,no,no,no,False
101607542,GOODLETTSVILLE POLICE DEPT,17-12504,Davidson,Goodlettsville,4/7/2017 4:35:00 PM,2,0,0,36.316010,-86.710930,HOLLYWOOD ST,,,,0.00,,,DONALD AV,,,,0.00,Y,Four-Way, ,Intersection,None,,,         ,Timothy,Preston,Clear,Angle,no,no,no,no,no,False
101607623,TENNESSEE STATE UNIVERSITY ,17-TSU-23883,Davidson,Nashville,4/6/2017 12:50:00 PM,2,0,0,36.169680,-86.821300,W HEIMAN ST,,,,0.00,,,ED TEMPLE BLVD,,,,0.00,Y,OTHER,N,OtherLocation,None,,,         ,Carl,Moriarty,Clear,Rear to Side,no,no,no,yes,no,False
101607632,METROPOLITAN NASHVILLE POLICE DEPT,20170309819,Davidson,Nashville,4/8/2017 8:15:00 AM,2,0,0,36.168710,-86.766070,I 24,,,,0.00,,,,,,,48.80,N,Not at Intersection,N,Non-Junction,None,,,         ,Michael,Thompson,Clear,"Sideswipe, Same Direction",no,no,no,no,yes,False
101607646,METROPOLITAN NASHVILLE POLICE DEPT,20170309825,Davidson,Nashville,4/8/2017 8:25:00 AM,3,0,0,36.060910,-86.903820,OLD HICKORY BLVD,,,,565.00,Feet,South,HIGHWAY 100,,,,0.00,N,Not at Intersection,N,Non-Junction,None,,,         ,Paul,Junkmann,Clear,Front to Rear,no,no,no,no,no,False
101607647,METROPOLITAN NASHVILLE POLICE DEPT,20170309779,Davidson,Nashville,4/8/2017 7:10:00 AM,2,0,0,36.081140,-86.758590,HARDING PL,,,,70.00,Feet,West,TROUSDALE DR,,,,0.00,N,Not at Intersection,N,Non-Junction,None,,,         ,Earl,Davis,Clear,"Sideswipe, Same Direction",no,no,no,no,no,False
101607665,METROPOLITAN NASHVILLE POLICE DEPT,20170309630,Davidson,Goodlettsville,4/8/2017 6:50:00 AM,2,0,0,36.287030,-86.726670,I 65,,,,0.00,,,,,,,93.95,N,Not at Intersection,N,Non-Junction,None,,,         ,Faye,Denson,Clear,"Sideswipe, Same Direction",no,no,no,no,no,False
101607666,METROPOLITAN NASHVILLE POLICE DEPT,20170309850,Davidson,Nashville,4/8/2017 8:44:00 AM,2,0,0,36.212480,-86.775720,I 65,,,,0.00,,,,,,,87.75,N,Not at Intersection, ,Non-Junction,None,,,         ,Royce,McLester,Clear,"Sideswipe, Same Direction",no,no,no,no,no,False
101607667,TENNESSEE STATE UNIVERSITY ,17-TSU24338,Davidson,Nashville,4/8/2017 7:45:00 AM,1,0,0,36.167130,-86.826950,33RD AVN,,,,0.00,,,JOHN A MERRITT BLVD,,,,0.00,Y,OTHER, ,Non-Junction,None,,,         ,Harold,Taylor,Clear,Not Collision with Motor Vehicle in Transport,no,no,no,yes,no,False
101607671,GOODLETTSVILLE POLICE DEPT,17-12589,Davidson,Goodlettsville,4/8/2017 10:30:00 AM,2,0,0,36.307840,-86.703980,RIVERGATE PKWY,,,,0.00,,,I65 N ENT RAMP,,,,0.00,Y,OTHER,N,Intersection-Related,None,,,         ,Jeremy,Baker,Clear,Front to Rear,no,no,no,no,no,False
101607674,METROPOLITAN NASHVILLE POLICE DEPT,20170309800,Davidson,Nashville,4/8/2017 7:58:00 AM,2,0,0,36.152480,-86.802700,21ST AVN,,,,0.00,,,CHURCH ST,,,,0.00,Y,Four-Way, ,Intersection,None,,,         ,Kevin,Crawford,Clear,Angle,no,no,no,no,no,Campus
101607685,METROPOLITAN NASHVILLE POLICE DEPT,20170309606,Davidson,Nashville,4/8/2017 6:13:00 AM,3,1,0,36.187650,-86.836430,HYDES FERRY RD,,,,271.00,Feet,North,RIVER DR,,,,0.00,N,Not at Intersection,N,Non-Junction,None,,,         ,James,Wray,Clear,Front to Rear,no,no,no,no,no,False
101607709,METROPOLITAN NASHVILLE POLICE DEPT,20170309919,Davidson,Nashville,4/8/2017 9:35:00 AM,2,0,0,36.169690,-86.677140,LEBANON PKE,,,,351.00,Feet,West,PARK DR,,,,0.00,N,Not at Intersection, ,Non-Junction,None,,,         ,Scott,Toney,Clear,Angle,no,no,no,no,no,False
101607714,METROPOLITAN NASHVILLE POLICE DEPT,20170310011,Davidson,Nashville,4/8/2017 10:30:00 AM,2,0,0,36.048300,-86.866350,OLD HICKORY BLVD,,,,12.00,Feet,West,CHICKERING WOOD DR,,,,0.00,N,Not at Intersection,N,Non-Junction,None,,,         ,Paul,Junkmann,Clear,Front to Rear,no,no,no,no,no,False
101607717,METROPOLITAN NASHVILLE POLICE DEPT,20170310012,Davidson,Nashville,4/8/2017 10:40:00 AM,1,0,0,36.101700,-86.765140,I 65,,,,0.00,,,,,,,79.20,N,Not at Intersection, ,,None,,,         ,Ian,Hammond,,,no,no,no,no,no,False
101607727,METROPOLITAN NASHVILLE POLICE DEPT,2017-0309846,Davidson,Nashville,4/8/2017 8:09:00 AM,2,0,0,36.072140,-86.732900,BLACKMAN RD,,,,3.00,Feet,West,EDMONDSON PKE,,,,0.00,N,Not at Intersection, ,Non-Junction,None,,,         ,Sean,Williams,Clear,"Sideswipe, Same Direction",no,no,no,no,yes,False
101607745,METROPOLITAN NASHVILLE POLICE DEPT,20170310059,Davidson,Nashville,4/8/2017 11:10:00 AM,2,0,0,36.205890,-86.768610,E TRINITY LN,,,,0.00,,,DICKERSON PKE,,,,0.00,Y,Four-Way,Y,Intersection,None,,,         ,Randall,Smith,Clear,HeadOn,no,no,no,no,no,False
101607757,METROPOLITAN NASHVILLE POLICE DEPT,20170309926,Davidson,Nashville,4/8/2017 10:00:00 AM,2,0,0,36.192860,-86.776340,I 65,,,,0.00,,,,,,,86.55,N,Not at Intersection, ,Entrance/Exit Ramp Related,None,,,         ,Freddirico,Pye,Clear,Front to Rear,no,no,no,no,no,False
101607770,METROPOLITAN NASHVILLE POLICE DEPT,20170310037,Davidson,Nashville,4/8/2017 10:55:00 AM,3,0,0,36.128650,-86.853110,WHITE BRIDGE PKE,,,,24.00,Feet,East,LIONS HEAD VILLAGE PVTDR,,,,0.00,N,Not at Intersection,N,Non-Junction,None,,,         ,Brian,Myatt,Clear,Front to Rear,no,no,no,no,no,False
101607772,METROPOLITAN NASHVILLE POLICE DEPT,20170310039,Davidson,Nashville,4/8/2017 10:45:00 AM,2,0,0,36.136490,-86.727180,I 24,,,,0.00,,,,,,,51.25,N,Not at Intersection,N,Non-Junction,None,,,         ,Lee,Davis,Clear,Front to Rear,no,no,no,no,no,False
101607773,METROPOLITAN NASHVILLE POLICE DEPT,20170309808,Davidson,Nashville,4/8/2017 8:20:00 AM,2,3,0,36.205940,-86.769280,W TRINITY LN,,,,199.00,Feet,West,E TRINITY LN,,,,0.00,N,Not at Intersection,N,Non-Junction,None,,,         ,Christopher,Lawson,Clear,Other,no,no,no,no,no,False
101607780,METROPOLITAN NASHVILLE POLICE DEPT,20170310046,Davidson,Not in City Limit,4/8/2017 12:00:00 AM,2,0,0,36.019930,-86.650000,BLAIRFIELD DR,,,,86.00,Feet,West,CAMILLE DR,,,,0.00,N,Not at Intersection,N,Non-Junction,None,,,         ,Andrew,Delke,Clear,Angle,no,no,no,no,yes,False
101607786,METROPOLITAN NASHVILLE POLICE DEPT,20170310055,Davidson,Nashville,4/8/2017 10:25:00 AM,1,0,0,36.167340,-86.763920,S 4TH ST,,,,145.00,Feet,North,SHELBY AV,,,,0.00,N,Not at Intersection,N,Non-Junction,None,,,         ,Gregory,Cenicola,Clear,Not Collision with Motor Vehicle in Transport,no,no,no,no,no,False
101607788,METROPOLITAN NASHVILLE POLICE DEPT,20170310116,Davidson,Nashville,4/8/2017 11:18:00 AM,2,0,0,36.173000,-86.765450,SPRING ST,,,,62.00,Feet,North,MAIN ST,,,,0.00,N,Not at Intersection,N,Entrance/Exit Ramp Related,None,,,         ,Gregory,Cenicola,Clear,Front to Rear,no,no,no,no,no,False
101607806,METROPOLITAN NASHVILLE POLICE DEPT,20170310226,Davidson,Nashville,4/8/2017 12:46:00 PM,2,0,0,36.236020,-86.758190,DICKERSON PKE,,,,338.00,Feet,North,HOMESTEAD RD,,,,0.00,N,Not at Intersection, ,Non-Junction,None,,,         ,Randall,Smith,Clear,Front to Rear,no,no,no,no,yes,False
101607820,METROPOLITAN NASHVILLE POLICE DEPT,2017-0310050,Davidson,Nashville,4/8/2017 11:01:00 AM,2,0,0,36.037610,-86.785120,OLD HICKORY BLVD,,,,0.00,Feet,West,I65 S ENT RAMP,,,,0.00,N,Not at Intersection, ,Non-Junction,None,,,         ,Sean,Williams,Clear,HeadOn,no,no,no,no,no,False
101607831,METROPOLITAN NASHVILLE POLICE DEPT,20170310198,Davidson,Nashville,4/8/2017 11:20:00 AM,2,0,0,36.146730,-86.808200,25TH AVS,,,,102.00,Feet,South,WEST END AV,,,,0.00,N,Not at Intersection, ,Non-Junction,None,,,         ,Kevin,Crawford,Clear,Front to Rear,no,no,no,no,no,Campus
101607865,METROPOLITAN NASHVILLE POLICE DEPT,20170310209,Davidson,Nashville,4/8/2017 12:40:00 PM,2,0,0,36.151080,-86.750860,I 40,,,,0.00,,,,,,,211.55,N,Not at Intersection, ,Non-Junction,None,,,         ,Richard,Hyatt,Clear,"Sideswipe, Same Direction",no,no,no,no,no,False
101607868,METROPOLITAN NASHVILLE POLICE DEPT,20170310199,Davidson,Nashville,4/8/2017 12:35:00 PM,1,0,0,36.193050,-86.623670,LEBANON PKE,,,,77.00,Feet,North,JUAREZ DR,,,,0.00,N,Not at Intersection, ,Non-Junction,None,,,         ,Andrew,Anoskey,Clear,Not Collision with Motor Vehicle in Transport,no,no,no,yes,yes,False
101607874,METROPOLITAN NASHVILLE POLICE DEPT,20170310280,Davidson,Nashville,4/8/2017 1:30:00 PM,2,0,0,36.093090,-86.736090,NOLENSVILLE PKE,,,,75.00,Feet,South,MCNALLY DR,,,,0.00,N,Not at Intersection, ,Non-Junction,None,,,         ,Earl,Davis,Clear,Front to Rear,no,no,no,no,no,False
101607878,METROPOLITAN NASHVILLE POLICE DEPT,20170310157,Davidson,Nashville,4/8/2017 12:18:00 PM,2,1,0,36.158900,-86.820320,CLIFTON AV,,,,152.00,Feet,West,29TH AVN,,,,0.00,N,Not at Intersection,N,Non-Junction,None,,,         ,Nicholas,MacDougall,Clear,"Sideswipe, Opposite Direction",no,no,no,no,no,False
101607879,METROPOLITAN NASHVILLE POLICE DEPT,20170310235,Davidson,Nashville,4/8/2017 11:10:00 AM,2,0,0,36.064790,-86.628480,HAMILTON CHURCH RD,,,,0.00,,,MURFREESBORO PKE,,,,0.00,Y,Four-Way, ,Intersection-Related,None,,,         ,Jason,Dudley,Clear,Front to Rear,no,no,no,no,no,False
101607881,METROPOLITAN NASHVILLE POLICE DEPT,20170310256,Davidson,Nashville,4/8/2017 1:25:00 PM,2,0,0,36.166710,-86.764990,I 24,,,,0.00,,,,,,,48.95,N,Not at Intersection,N,Non-Junction,None,,,         ,Seth,Quiles,Clear,Front to Rear,no,no,no,no,no,False
101607883,THP District 9 - Administrative,317019824,Davidson,Nashville,4/7/2017 10:10:00 AM,2,0,0,36.144810,-86.739760,I 40,,,,0.00,,,,,,,212.30,N,Not at Intersection,N,Non-Junction,None,,,         ,Michael,Morgan,Clear,Front to Rear,no,no,no,no,no,False
101607888,GOODLETTSVILLE POLICE DEPT,17-12609,Davidson,Goodlettsville,4/8/2017 1:55:00 PM,2,0,0,36.309470,-86.695650,VIETNAM VETERANS BLVD SB EXT R,,,,0.00,,,CONFERENCE DR,,,,0.00,Y,T-Intersection, ,Entrance/Exit Ramp Related,None,,,         ,Jeremy,Baker,Clear,Front to Rear,no,no,no,no,no,False
101607899,METROPOLITAN NASHVILLE POLICE DEPT,20170310289,Davidson,Nashville,4/8/2017 1:40:00 PM,2,0,0,36.148370,-86.866840,CHARLOTTE PKE,,,,513.00,Feet,West,LELLYETT ST,,,,0.00,N,Not at Intersection, ,Non-Junction,None,,,         ,Michael,Phelps,Clear,Front to Rear,no,no,no,no,no,False
101607907,METROPOLITAN NASHVILLE POLICE DEPT,20170310276,Davidson,Nashville,4/8/2017 1:35:00 PM,3,1,0,36.133100,-86.726880,I24E,,,,77.00,Feet,East,I24 W EXT RAMP,,,,0.00,N,Not at Intersection,N,Non-Junction,None,,,         ,Lee,Davis,Clear,Front to Rear,no,no,no,no,no,False
101607950,METROPOLITAN NASHVILLE POLICE DEPT,20170310349,Davidson,Nashville,4/8/2017 2:00:00 PM,1,0,0,36.156550,-86.847500,INDIANA AV,,,,381.00,Feet,West,49TH AVN,,,,0.00,N,Not at Intersection,N,Non-Junction,None,,,         ,Jessica,Scott,Clear,Not Collision with Motor Vehicle in Transport,no,no,no,no,yes,False
101607967,BERRY HILL POLICE DEPT,17-1164,Davidson,Nashville,4/7/2017 5:30:00 PM,2,1,0,36.124790,-86.755940,ROSEDALE AV,,,,0.00,,,WINFORD AV,,,,0.00,Y,T-Intersection,Y,Intersection,None,,,         ,John,Gleixner,Clear,Angle,no,no,no,no,no,False
101607968,METROPOLITAN NASHVILLE POLICE DEPT,20170310287,Davidson,Not in City Limit,4/8/2017 1:31:00 PM,2,0,0,36.263330,-86.714600,OLD HICKORY BLVDW,,,,0.00,,,DOUGLAS ST,,,,0.00,Y,T-Intersection, ,Non-Junction,None,,,         ,Michael,Agee,Clear,Angle,no,no,no,no,no,False
101607988,METROPOLITAN NASHVILLE POLICE DEPT,20170310376,Davidson,Nashville,4/8/2017 1:52:00 PM,2,0,0,36.127270,-86.703870,THOMPSON PL,,,,0.00,,,CATINA DR,,,,0.00,Y,T-Intersection,N,Intersection,None,,,         ,Tyler,Maupin,Clear,Other,no,no,no,no,no,False
101608002,METROPOLITAN NASHVILLE POLICE DEPT,20170310391,Davidson,Nashville,4/8/2017 3:10:00 PM,2,0,0,36.125310,-86.805610,HILLSBORO PKE,,,,0.00,,,21ST AVS,,,,0.00,Y,Four-Way,N,Intersection-Related,None,,,         ,Nicholas,Smith,Clear,"Sideswipe, Opposite Direction",no,no,no,no,no,False
101608013,METROPOLITAN NASHVILLE POLICE DEPT,20170310381,Davidson,Nashville,4/8/2017 3:10:00 PM,2,0,0,36.134280,-86.779090,WEDGEWOOD AV,,,,0.00,,,8TH AVS,,,,0.00,Y,Four-Way, ,Intersection,None,,,         ,Ralph,Smith IV,Clear,Angle,no,no,no,no,no,False
101608030,METROPOLITAN NASHVILLE POLICE DEPT,20170310317,Davidson,Nashville,4/8/2017 2:13:00 PM,2,2,0,36.252250,-86.693900,NEELYS BEND RD,,,,0.00,,,RANDY RD,,,,0.00,Y,T-Intersection,Y,Intersection-Related,None,,,         ,Spencer,Pittman,Clear,HeadOn,no,no,no,no,no,False
101608037,METROPOLITAN NASHVILLE POLICE DEPT,20170310347,Davidson,Nashville,4/8/2017 2:49:00 PM,2,0,0,36.191910,-86.744790,MCKENNIE AV,,,,0.00,,,GALLATIN AV,,,,0.00,Y,Four-Way, ,Intersection,None,,,         ,Alexander,Georgeson,Clear,Front to Rear,no,no,no,no,no,False
101608041,METROPOLITAN NASHVILLE POLICE DEPT,20170310368,Davidson,Goodlettsville,4/8/2017 2:30:00 PM,2,0,0,36.300320,-86.695710,GALLATIN PKEN,,,,300.00,Feet,East,CUDE LN,,,,0.00,N,Not at Intersection, ,Non-Junction,None,,,         ,Christopher,Littles,Clear,Front to Rear,no,no,no,no,no,False
101608060,METROPOLITAN NASHVILLE POLICE DEPT,20170310326,Davidson,Nashville,4/8/2017 3:00:00 PM,3,0,0,36.178480,-86.800720,I 65,,,,0.00,,,,,,,84.90,N,Not at Intersection,N,Non-Junction,None,,,         ,Peter,Vaught,Clear,Front to Rear,no,no,no,no,yes,False
101608069,METROPOLITAN NASHVILLE POLICE DEPT,20170310505,Davidson,Nashville,4/8/2017 4:04:00 PM,4,0,0,36.132320,-86.726870,I24E,,,,738.00,Feet,North,I24 W EXT RAMP,,,,0.00,N,Not at Intersection, ,Non-Junction,None,,,         ,Andrew,Mullen,Clear,Front to Rear,no,no,no,no,yes,False