master_record_number,agency,agency_tracking_number,county,city,collision_date,vehicles_involved,number_injured,number_dead,latitude,longitude,roadway_name,roadway_suffix,roadway_number,roadway_local_id,distance_from_reference,miles-feet_indicator,direction_from_reference,intersection_road_name,intersection_road_name_suffix,intersection_road_number,intersection_local_id,mile_marker,intersection_indicator,intersect_type,interchange_related_indicator,relation_to_junction,work_zone_type,construction_maintenance_zone,construction_maintenance_zone_location,fatal_case_number,officer_first_name,officer_last_name,weather_condition(s),manner_of_crash,pedestrian,bicycle,scooter,parking,hitrun,mou
101608073,BERRY HILL POLICE DEPT,17-1166,Davidson,Berry Hill,4/7/2017 12:00:00 AM,2,0,0,36.121620,-86.775540,FRANKLIN PKE,,,,94.00,Feet,North,KIRKWOOD AV,,,,0.00,N,Not at Intersection,N,Non-Junction,None,,,         ,John,Gleixner,Clear,Angle,no,no,no,no,no,False
101608079,METROPOLITAN NASHVILLE POLICE DEPT,20170310620,Davidson,Nashville,4/8/2017 4:40:00 PM,2,0,0,36.160800,-86.781800,COMMERCE ST,,,,0.00,,,7TH AVN,,,,0.00,Y,Four-Way,Y,Intersection,None,,,         ,Wesley,Feinstein,Clear,Angle,no,no,no,no,yes,False
101608088,METROPOLITAN NASHVILLE POLICE DEPT,20170310603,Davidson,Goodlettsville,4/8/2017 4:30:00 PM,2,0,0,36.293770,-86.703710,ALTA LOMA RD,,,,0.00,,,RIVERGATE SQUARE PVTDR,,,,0.00,Y,T-Intersection,N,Intersection,None,,,         ,Christopher,Littles,Clear,"Sideswipe, Same Direction",no,no,no,no,yes,False
101608098,METROPOLITAN NASHVILLE POLICE DEPT,20170310699,Davidson,Nashville,4/8/2017 5:25:00 PM,2,0,0,36.124080,-86.751670,I440 W EXT RAMP,,,,0.00,,,I 440,,,,0.00,Y,T-Intersection, ,Intersection,None,,,         ,Andrew,Mullen,Clear,"Sideswipe, Same Direction",no,no,no,no,no,False
101608105,METROPOLITAN NASHVILLE POLICE DEPT,20170310576,Davidson,Nashville,4/8/2017 4:19:00 PM,2,0,0,36.132030,-86.726750,I 24,,,,0.00,,,,,,,52.00,N,Not at Intersection,N,Non-Junction,None,,,         ,Brandon,Vance,Clear,Front to Rear,no,no,no,no,no,False
101608107,METROPOLITAN NASHVILLE POLICE DEPT,20170310657,Davidson,Nashville,4/8/2017 3:10:00 PM,2,0,0,36.190200,-86.626500,LEBANON PKE,,,,745.00,Feet,South,BONNABROOK DR,,,,0.00,N,Not at Intersection, ,Non-Junction,None,,,         ,Thomas,Miller,Clear,Front to Rear,no,no,no,no,no,False
101608109,METROPOLITAN NASHVILLE POLICE DEPT,20170310735,Davidson,Nashville,4/8/2017 4:20:00 PM,2,0,0,36.044870,-86.663370,BELL RD,,,,546.00,Feet,West,CANE RIDGE RD,,,,0.00,N,Not at Intersection, ,Non-Junction,None,,,         ,Darryl,Williams,Clear,Angle,no,no,no,no,no,False
101608111,METROPOLITAN NASHVILLE POLICE DEPT,20170310571,Davidson,Not in City Limit,4/8/2017 3:15:00 PM,1,0,0,36.276600,-86.708720,SHANNON AV,,,,0.00,,,,,,,0.00,,,N,Non-Junction,None,,,         ,Bradley,Campbell,Clear,Not Collision with Motor Vehicle in Transport,no,no,no,no,yes,False
101608114,METROPOLITAN NASHVILLE POLICE DEPT,20170310694,Davidson,Nashville,4/8/2017 4:50:00 PM,2,0,0,36.200600,-86.786750,BAPTIST WORLD CENTER DR,,,,0.00,,,SEMINARY ST,,,,0.00,Y,Four-Way,Y,Intersection-Related,None,,,         ,Kevin,Reynolds,Clear,Front to Rear,no,no,no,no,no,False
101608116,METROPOLITAN NASHVILLE POLICE DEPT,20170310762,Davidson,Nashville,4/8/2017 5:56:00 PM,2,1,0,36.139620,-86.800500,21ST AVS,,,,0.00,,,PIERCE AV,,,,0.00,Y,T-Intersection,N,Intersection,None,,,         ,Nicholas,Smith,Clear,Angle,no,no,no,no,no,Campus
101608155,METROPOLITAN NASHVILLE POLICE DEPT,20170310805,Davidson,Nashville,4/8/2017 5:52:00 PM,2,0,0,36.149510,-86.773050,I 40,,,,0.00,,,,,,,210.25,N,Not at Intersection,N,Non-Junction,None,,,         ,Ralph,Smith IV,Clear,Front to Rear,no,no,no,no,no,False
101608163,METROPOLITAN NASHVILLE POLICE DEPT,20170310534,Davidson,Nashville,4/8/2017 1:50:00 PM,2,0,0,36.137010,-86.726760,I 24,,,,0.00,,,,,,,52.30,N,Not at Intersection,N,Non-Junction,None,,,         ,Jefferson,Hughes,Clear,Front to Rear,no,no,no,no,yes,False
101608173,METROPOLITAN NASHVILLE POLICE DEPT,20170310839,Davidson,Nashville,4/8/2017 6:30:00 PM,1,1,0,36.112530,-86.794970,WOODMONT BLVD,,,,50.00,Feet,West,NOELTON AV,,,,0.00,N,Not at Intersection,N,Non-Junction,None,,,         ,Jonathan,Frith,Clear,Not Collision with Motor Vehicle in Transport,no,no,no,no,no,False
101608176,METROPOLITAN NASHVILLE POLICE DEPT,20170310770,Davidson,Nashville,4/8/2017 5:33:00 PM,2,0,0,36.149400,-86.773290,I 40,,,,0.00,,,,,,,210.20,N,Not at Intersection, ,Non-Junction,None,,,         ,Akira,McSwain,Clear,Front to Rear,no,no,no,no,no,False
101608178,METROPOLITAN NASHVILLE POLICE DEPT,20170310848,Davidson,Nashville,4/8/2017 5:35:00 PM,2,0,0,36.062660,-86.630800,HAMILTON CHURCH RD,,,,0.00,,,HAMILTON CROSSINGS,,,,0.00,Y,Four-Way, ,Intersection,None,,,         ,Benny,Pittman,Clear,Angle,no,no,no,no,no,False
101608179,METROPOLITAN NASHVILLE POLICE DEPT,20170310706,Davidson,Madison,4/8/2017 5:33:00 PM,2,0,0,36.279780,-86.710910,ONE MILE PKWY,,,,269.00,Feet,West,E CAMPBELL RD,,,,0.00,N,Not at Intersection, ,Non-Junction,None,,,         ,Brittani,Campbell,Clear,Front to Rear,no,no,no,no,no,False
101608185,METROPOLITAN NASHVILLE POLICE DEPT,20170310666,Davidson,Nashville,4/8/2017 4:51:00 PM,2,0,0,36.172430,-86.646070,YMCA CNCTR,,,,625.00,Feet,South,LEBANON PKE,,,,0.00,N,Not at Intersection,N,Non-Junction,None,,,         ,Jaby,Djabbarov,Clear,"Sideswipe, Opposite Direction",no,no,no,yes,yes,False
101608186,METROPOLITAN NASHVILLE POLICE DEPT,20170310868,Davidson,Nashville,4/8/2017 5:57:00 PM,2,0,0,36.154370,-86.759780,I 40,,,,0.00,,,,,,,211.00,N,Not at Intersection,Y,Entrance/Exit Ramp Related,None,,,         ,Jonathan,Cavezza,Clear,Angle,no,no,no,no,no,False
101608187,METROPOLITAN NASHVILLE POLICE DEPT,20170310792,Davidson,Nashville,4/8/2017 6:10:00 PM,2,0,0,36.192320,-86.616300,OLD HICKORY BLVD,,,,0.00,,,JUAREZ DR,,,,0.00,Y,Four-Way,N,Intersection,None,,,         ,Kyle,Burks,Clear,Front to Rear,no,no,no,no,no,False
101608188,METROPOLITAN NASHVILLE POLICE DEPT,20170310525,Davidson,Nashville,4/8/2017 4:10:00 PM,2,0,0,36.136580,-86.795150,MAGNOLIA BLVD,,,,0.00,,,WEDGEWOOD AV,,,,0.00,Y,Four-Way, ,Intersection,None,,,         ,Maria,Cortez,Clear,Angle,no,no,no,no,no,False
101608195,METROPOLITAN NASHVILLE POLICE DEPT,20170310738,Davidson,Nashville,4/8/2017 5:50:00 PM,2,0,0,36.134550,-86.723320,MURFREESBORO PKE,,,,296.00,Feet,West,PLUS PARK BLVD,,,,0.00,N,Not at Intersection,N,Non-Junction,None,,,         ,Brandon,Vance,Clear,Angle,no,no,no,no,no,False
101608214,METROPOLITAN NASHVILLE POLICE DEPT,20170310896,Davidson,Nashville,4/8/2017 6:45:00 PM,2,0,0,36.204620,-86.749210,E TRINITY LN,,,,138.00,Feet,East,ELLINGTON PKWY N ENT RAMP,,,,0.00,N,Not at Intersection, ,,None,,,         ,Gunes,Akyildiz,,,no,no,no,no,no,False
101608226,METROPOLITAN NASHVILLE POLICE DEPT,20170310838,Davidson,Nashville,4/8/2017 5:10:00 PM,2,0,0,36.168480,-86.813510,I40 E EXT RAMP,,,,0.00,,,I 40,,,,0.00,Y,OTHER, ,Non-Junction,None,,,         ,Roy,Sain Jr.,Clear,Front to Rear,no,no,no,no,no,False
101608235,METROPOLITAN NASHVILLE POLICE DEPT,20170310849,Davidson,Nashville,4/8/2017 12:00:00 AM,3,1,0,36.206050,-86.770650,W TRINITY LN,,,,132.00,Feet,East,LUCAS LN,,,,0.00,N,Not at Intersection,N,Non-Junction,None,,,         ,Gordon,Stovall,Clear,Front to Rear,no,no,no,no,no,False
101608236,METROPOLITAN NASHVILLE POLICE DEPT,20170310772,Davidson,Nashville,4/8/2017 12:00:00 AM,3,0,0,36.197380,-86.687720,BRILEY PKWY N EXT RAMP,,,,0.00,Feet,East,OPRY MILLS DR,,,,0.00,N,Not at Intersection,N,Entrance/Exit Ramp Related,None,,,         ,Craig,Gentry,Clear,Front to Rear,no,no,no,no,yes,False
101608251,METROPOLITAN NASHVILLE POLICE DEPT,20170310954,Davidson,Not in City Limit,4/8/2017 7:29:00 PM,1,1,0,36.083190,-87.004180,RIVERVALLEY DR,,,,141.00,Feet,South,ARBOR VISTA DR,,,,0.00,N,Not at Intersection,N,Non-Junction,None,,,         ,Adam,Reese,Clear,Not Collision with Motor Vehicle in Transport,no,no,no,no,no,False
101608259,METROPOLITAN NASHVILLE POLICE DEPT,20170311081,Davidson,Nashville,4/8/2017 8:30:00 PM,2,1,0,36.154860,-86.831340,I 40,,,,0.00,,,,,,,205.45,N,Not at Intersection,N,Non-Junction,None,,,         ,Ethan,Usherwood,Clear,Front to Rear,no,no,no,no,no,False
101608287,METROPOLITAN NASHVILLE POLICE DEPT,20170310835,Davidson,Nashville,4/8/2017 6:33:00 PM,2,3,0,36.128430,-86.742030,LYLE LN,,,,0.00,,,FOSTER AV,,,,0.00,Y,T-Intersection,N,Intersection,None,,,         ,Andrew,Mullen,Clear,Angle,no,no,no,no,no,False
101608300,METROPOLITAN NASHVILLE POLICE DEPT,20170310998,Davidson,Antioch,4/8/2017 5:30:00 PM,2,0,0,36.035190,-86.604370,OLD HICKORY BLVD,,,,1530.00,Feet,South,MURFREESBORO PKE,,,,0.00,N,Not at Intersection,N,Non-Junction,None,,,         ,Benny,Pittman,Clear,"Sideswipe, Opposite Direction",no,no,no,no,yes,False
101608301,METROPOLITAN NASHVILLE POLICE DEPT,20170311045,Davidson,Nashville,4/8/2017 12:00:00 AM,2,0,0,36.219970,-86.762290,DICKERSON PKE,,,,0.00,,,ALHAMBRA CIR,,,,0.00,Y,OTHER,N,Non-Junction,None,,,         ,Gunes,Akyildiz,Clear,Front to Rear,no,no,no,no,yes,False
101608308,METROPOLITAN NASHVILLE POLICE DEPT,20170310902,Davidson,Nashville,4/8/2017 6:46:00 PM,1,0,0,36.189940,-86.751740,SHARPE AV,,,,367.00,Feet,West,LAURENT ST,,,,0.00,N,Not at Intersection,N,Non-Junction,None,,,         ,Jonathan,Hadley,Clear,Not Collision with Motor Vehicle in Transport,no,no,no,no,yes,False
101608322,METROPOLITAN NASHVILLE POLICE DEPT,20170311060,Davidson,Antioch,4/8/2017 5:30:00 PM,2,0,0,36.035380,-86.604260,OLD HICKORY BLVD,,,,1463.00,Feet,South,MURFREESBORO PKE,,,,0.00,N,Not at Intersection,N,Non-Junction,None,,,         ,Benny,Pittman,Clear,Angle,no,no,no,no,yes,False
101608330,METROPOLITAN NASHVILLE POLICE DEPT,20170311173,Davidson,Not in City Limit,4/8/2017 9:16:00 PM,2,2,0,36.324770,-86.871130,I 24,,,,0.00,,,,,,,34.80,N,Not at Intersection,N,Non-Junction,None,,,         ,Brandon,Rardin,Clear,Front to Rear,no,no,no,no,yes,False
101608332,METROPOLITAN NASHVILLE POLICE DEPT,20170310942,Davidson,Nashville,4/8/2017 7:15:00 PM,2,0,0,36.059360,-86.679940,APACHE TRL,,,,452.00,Feet,East,MILL CREEK BLUE HOLE GRNWY,,,,0.00,N,Not at Intersection,N,Non-Junction,None,,,         ,Nakia,Reid,Clear,"Sideswipe, Same Direction",no,no,no,no,no,False
101608345,METROPOLITAN NASHVILLE POLICE DEPT,20170310707,Davidson,Nashville,4/8/2017 7:50:00 PM,2,0,0,36.128290,-86.741200,LYLE LN,,,,251.00,Feet,East,FOSTER AV,,,,0.00,N,Not at Intersection, ,Non-Junction,None,,,         ,Jedidayah,Merriweather,Clear,Front to Rear,no,no,no,no,no,False
101608368,METROPOLITAN NASHVILLE POLICE DEPT,20170311206,Davidson,Nashville,4/8/2017 9:13:00 PM,2,0,0,36.093260,-86.698670,ANTIOCH PKE,,,,1259.00,Feet,North,HARDING INDUSTRIAL DR,,,,0.00,N,Not at Intersection,N,Non-Junction,None,,,         ,Brandon,Vance,Clear,Angle,no,no,no,no,no,False
101608419,GOODLETTSVILLE POLICE DEPT,17-12649,Davidson,Goodlettsville,4/8/2017 9:30:00 PM,2,0,0,36.321210,-86.703550,I 65,,,,0.00,,,,,,,96.80,N,Not at Intersection, ,Non-Junction,None,,,         ,Donald,Brinton,Clear,Front to Rear,no,no,no,no,no,False
101608427,METROPOLITAN NASHVILLE POLICE DEPT,20170311479,Davidson,Nashville,4/8/2017 11:39:00 PM,1,0,0,36.141070,-86.661280,I 40,,,,0.00,,,,,,,218.00,N,Not at Intersection,N,Non-Junction,None,,,         ,Emily,Mulready,Clear,Not Collision with Motor Vehicle in Transport,no,no,no,no,no,False
101608435,METROPOLITAN NASHVILLE POLICE DEPT,20170311481,Davidson,Nashville,4/8/2017 11:38:00 PM,2,0,0,36.117780,-86.702080,BRILEY PKWY S ENT RAMP,,,,0.00,Feet,East,BRILEY PKWYS,,,,0.00,N,Not at Intersection,N,Non-Junction,None,,,         ,Douglas,Sykes,Clear,Rear to Side,no,no,no,yes,yes,False
101608522,METROPOLITAN NASHVILLE POLICE DEPT,20170311436,Davidson,Nashville,4/8/2017 11:10:00 PM,2,0,0,36.164230,-86.777730,3RD AVN,,,,0.00,,,CHURCH ST,,,,0.00,Y,Four-Way,N,Intersection,None,,,         ,Melvin,Foster,Clear,"Sideswipe, Opposite Direction",no,no,no,no,yes,False
101608523,METROPOLITAN NASHVILLE POLICE DEPT,20170311631,Davidson,Nashville,4/9/2017 12:00:00 AM,2,0,0,36.153390,-86.764580,I 40,,,,0.00,,,,,,,210.70,N,Not at Intersection, ,Non-Junction,None,,,         ,Anthony,Russo,Clear,"Sideswipe, Same Direction",no,no,no,no,yes,False
101608532,METROPOLITAN NASHVILLE POLICE DEPT,20170311437,Davidson,Nashville,4/8/2017 11:25:00 PM,2,1,0,36.152200,-86.842220,CHARLOTTE AV,,,,0.00,,,46TH AVN,,,,0.00,Y,Four-Way,N,Intersection,None,,,         ,Kenneth,Bray,Clear,Angle,no,no,no,no,no,False
101608533,METROPOLITAN NASHVILLE POLICE DEPT,20170311833,Davidson,Nashville,4/9/2017 2:00:00 AM,2,0,0,36.155040,-86.761060,I24 W ENT RAMP,,,,0.00,Feet,East,I 40,,,,0.00,N,Not at Intersection, ,Non-Junction,None,,,         ,Mekisha,Page,Clear,"Sideswipe, Same Direction",no,no,no,no,yes,False
101608534,METROPOLITAN NASHVILLE POLICE DEPT,20170311669,Davidson,Nashville,4/9/2017 1:05:00 AM,2,0,0,36.190620,-86.753110,ELLINGTON PKWY N EXT RAMP,,,,0.00,,,ELLINGTON PKWYN,,,,0.00,Y,Y-Intersection,N,Entrance/Exit Ramp Related,None,,,         ,Audrean,Manquero,Clear,"Sideswipe, Same Direction",no,no,no,no,no,False
101608544,METROPOLITAN NASHVILLE POLICE DEPT,20170311771,Davidson,Nashville,4/9/2017 1:46:00 AM,2,0,0,36.090330,-86.626500,BELL RD,,,,0.00,,,SMITH SPRINGS RD,,,,0.00,Y,Four-Way,N,Intersection,None,,,         ,Daniel,Caruth,Clear,"Sideswipe, Opposite Direction",no,no,no,no,no,False
101608545,METROPOLITAN NASHVILLE POLICE DEPT,20170311715,Davidson,Nashville,4/8/2017 7:30:00 PM,2,0,0,36.050550,-86.657040,HICKORY HOLLOW MALL PVTDR PL,,,,0.00,,,,,,,0.00,,,N,Non-Junction,None,,,         ,Daniel,Garrett,Clear,Other,no,no,no,yes,yes,False
101608548,METROPOLITAN NASHVILLE POLICE DEPT,20170311776,Davidson,Nashville,4/9/2017 2:00:00 AM,1,0,0,36.190470,-86.772890,DICKERSON PKE,,,,139.00,Feet,North,EVANSTON AV,,,,0.00,N,Not at Intersection,N,Non-Junction,None,,,         ,Audrean,Manquero,Clear,Not Collision with Motor Vehicle in Transport,no,no,no,no,yes,False
101608551,METROPOLITAN NASHVILLE POLICE DEPT,20170311396,Davidson,Nashville,4/8/2017 11:00:00 PM,2,0,0,36.145550,-86.695500,BRILEY PKWYN,,,,72.00,Feet,East,I40 W EXT RAMP,,,,0.00,N,Not at Intersection,N,Non-Junction,None,,,         ,Austin,Childress,Clear,"Sideswipe, Same Direction",no,no,no,no,no,False
101608552,VANDERBILT UNIVERSITY POLICE,17-0311679,Davidson,Nashville,4/9/2017 1:00:00 AM,2,1,0,36.142590,-86.815500,WEST END AV,,,,0.00,,,31ST AVN,,,,0.00,Y,Four-Way,N,Intersection,None,,,         ,Michael,Knupp,Clear,"Sideswipe, Same Direction",no,no,no,no,no,Campus
101608553,METROPOLITAN NASHVILLE POLICE DEPT,20170311772,Davidson,Nashville,4/9/2017 2:00:00 AM,3,0,0,36.161100,-86.845760,TENNESSEE AV,,,,166.00,Feet,West,48TH AVN,,,,0.00,N,Not at Intersection,N,Non-Junction,None,,,         ,Edward,Holden,Clear,Front to Rear,no,no,no,no,no,False
101608564,METROPOLITAN NASHVILLE POLICE DEPT,20170311867,Davidson,Nashville,4/9/2017 2:50:00 AM,2,0,0,36.148410,-86.745770,I 40,,,,0.00,,,,,,,211.90,N,Not at Intersection,N,Non-Junction,None,,,         ,Ryan,Cagle,Clear,Angle,no,no,no,no,yes,False
101608569,METROPOLITAN NASHVILLE POLICE DEPT,20170311976,Davidson,Nashville,4/9/2017 3:49:00 AM,2,0,0,36.106210,-86.673060,MURFREESBORO PKE,,,,0.00,,,DONELSON PKE,,,,0.00,Y,Four-Way, ,Intersection,None,,,         ,Daniel,Garrett,Clear,Front to Rear,no,no,no,no,no,False
101608570,METROPOLITAN NASHVILLE POLICE DEPT,20170312000,Davidson,Nashville,4/9/2017 4:30:00 AM,1,0,0,36.101240,-86.867310,HARDING PL,,,,0.00,,,WINDSOR DR,,,,0.00,Y,OTHER, ,Non-Junction,None,,,         ,Kenneth,Bray,Clear,Not Collision with Motor Vehicle in Transport,no,no,no,no,no,False
101608573,METROPOLITAN NASHVILLE POLICE DEPT,20170312007,Davidson,Nashville,4/9/2017 1:20:00 AM,2,0,0,36.149650,-86.797190,DIVISION ST,,,,165.00,Feet,West,LYLE AV,,,,0.00,N,Not at Intersection, ,,None,,,         ,Eugene,Martino,,,no,no,no,no,no,False
101608585,VANDERBILT UNIVERSITY POLICE,2017-0311608,Davidson,Nashville,4/8/2017 10:00:00 PM,2,0,0,36.143090,-86.815360,WEST END AV,,,,0.00,,,,,,,0.00,,Not at Intersection,N,Non-Junction,None,,,         ,Rachel,Meyer,Clear,Unknown,no,no,no,yes,yes,Campus
101608591,METROPOLITAN NASHVILLE POLICE DEPT,20170311888,Davidson,Nashville,4/9/2017 3:07:00 AM,2,0,0,36.068710,-86.715850,HAYWOOD LN,,,,127.00,Feet,East,HOPEDALE DR,,,,0.00,N,Not at Intersection,N,Non-Junction,None,,,         ,Autumn,Manning,Clear,"Sideswipe, Opposite Direction",no,no,no,no,yes,False
101608597,METROPOLITAN NASHVILLE POLICE DEPT,20170311875,Davidson,Not in City Limit,4/9/2017 2:40:00 AM,2,1,0,36.273660,-86.694860,FARVIEW DR,,,,0.00,,,MAY DR,,,,0.00,Y,OTHER,N,Non-Junction,None,,,         ,Caesar,Harris,Clear,Front to Rear,no,no,no,no,no,False
101608609,METROPOLITAN NASHVILLE POLICE DEPT,20170312111,Davidson,Nashville,4/9/2017 6:08:00 AM,1,1,0,36.080130,-86.631620,BELL RD,,,,407.00,Feet,East,EDGE O LAKE DR,,,,0.00,N,Not at Intersection,N,Non-Junction,None,,,         ,Bo,Branum,Clear,Not Collision with Motor Vehicle in Transport,no,no,no,no,no,False
101608668,METROPOLITAN NASHVILLE POLICE DEPT,20170310300,Davidson,Nashville,4/8/2017 2:00:00 PM,3,1,0,36.181070,-86.800000,I 65,,,,0.00,,,,,,,85.10,N,Not at Intersection,N,Non-Junction,None,,,         ,Brandon,Evans,Clear,Front to Rear,no,no,no,no,no,False
101608683,METROPOLITAN NASHVILLE POLICE DEPT,20170312191,Davidson,Not in City Limit,4/9/2017 7:18:00 AM,1,0,0,36.108300,-86.926640,I 40,,,,0.00,,,,,,,199.00,N,Not at Intersection,N,OtherLocation,None,,,         ,Michael,Phelps,Clear,Not Collision with Motor Vehicle in Transport,no,no,no,no,no,False
101608706,METROPOLITAN NASHVILLE POLICE DEPT,20170312340,Davidson,Not in City Limit,4/9/2017 8:45:00 AM,1,0,0,36.100990,-86.934470,I 40,,,,0.00,,,,,,,198.25,N,Not at Intersection, ,Non-Junction,None,,,         ,Michael,Phelps,Clear,Not Collision with Motor Vehicle in Transport,no,no,no,no,no,False
101608763,METROPOLITAN NASHVILLE POLICE DEPT,20170312429,Davidson,Not in City Limit,4/9/2017 9:25:00 AM,1,1,0,36.077550,-87.004520,I 40,,,,0.00,,,,,,,193.40,N,Not at Intersection,N,Non-Junction,None,,,         ,Michael,Phelps,Clear,Not Collision with Motor Vehicle in Transport,no,no,no,no,no,False
101608769,METROPOLITAN NASHVILLE POLICE DEPT,20170312196,Davidson,Nashville,4/9/2017 7:20:00 AM,3,2,0,36.090070,-86.703340,I 24,,,,0.00,,,,,,,55.40,N,Not at Intersection,N,Non-Junction,None,,,         ,David,Smith,Clear,"Sideswipe, Same Direction",no,no,no,no,no,False
101608824,Nashville Airport Police,2017-001072,Davidson,Nashville,4/5/2017 12:20:00 PM,2,0,0,0.000000,0.000000,TERMINAL DRIVE,,,,0.25,Miles,South,,,II40,,216.00,N,Not at Intersection,N,Non-Junction,None,,,         ,Brian,Wolters,Clear,Rear to Side,no,no,no,yes,yes,False
101608876,METROPOLITAN NASHVILLE POLICE DEPT,20170312588,Davidson,Nashville,4/9/2017 11:11:00 AM,2,2,0,36.118440,-86.726270,I 24,,,,0.00,,,,,,,53.00,N,Not at Intersection,Y,Entrance/Exit Ramp Related,None,,,         ,Stephen,Soule,Clear,Angle,no,no,no,no,no,False
101608877,METROPOLITAN NASHVILLE POLICE DEPT,20170312574,Davidson,Nashville,4/9/2017 11:04:00 AM,3,0,0,36.126730,-86.785310,WALDKIRCH AV,,,,268.00,Feet,East,10TH AVS,,,,0.00,N,Not at Intersection, ,Non-Junction,None,,,         ,Benjamin,Williams,Clear,"Sideswipe, Opposite Direction",no,no,no,no,no,False
101608884,METROPOLITAN NASHVILLE POLICE DEPT,20170312602,Davidson,Nashville,4/9/2017 10:56:00 AM,2,1,0,36.230320,-86.773800,RICHMOND HILL DR,,,,0.00,,,EWING DR,,,,0.00,Y,Four-Way,N,Intersection-Related,None,,,         ,Spencer,Pittman,Clear,Front to Rear,no,no,no,no,yes,False
101608888,METROPOLITAN NASHVILLE POLICE DEPT,20170312713,Davidson,Nashville,4/9/2017 12:30:00 PM,2,0,0,36.088280,-86.609270,SMITH SPRINGS RD,,,,145.00,Feet,East,CHASE COVE APTS PVTDR,,,,0.00,N,Not at Intersection, ,Non-Junction,None,,,         ,Steven,Rowlett,Clear,Angle,no,no,no,no,no,False
101608921,METROPOLITAN NASHVILLE POLICE DEPT,20170312747,Davidson,Nashville,4/9/2017 12:50:00 PM,2,0,0,36.062820,-86.942210,OLD HARDING PKE,,,,236.00,Feet,North,BEECH BEND DR,,,,0.00,N,Not at Intersection, ,,None,,,         ,Michael,Phelps,,,no,no,no,no,no,False
101608982,METROPOLITAN NASHVILLE POLICE DEPT,20170312779,Davidson,Nashville,4/9/2017 12:50:00 PM,2,0,0,36.139220,-86.778390,HAMILTON AV,,,,0.00,,,8TH AVS,,,,0.00,Y,T-Intersection, ,Intersection-Related,None,,,         ,Ian,Hammond,Clear,Front to Rear,no,no,no,no,no,False
101609008,METROPOLITAN NASHVILLE POLICE DEPT,20170312646,Davidson,Not in City Limit,4/9/2017 11:47:00 AM,2,1,0,36.263970,-86.721590,OLD HICKORY BLVDW,,,,110.00,Feet,East,GRAY AV,,,,0.00,N,Not at Intersection,N,Non-Junction,None,,,         ,Spencer,Pittman,Clear,Angle,no,no,no,no,no,False
101609010,METROPOLITAN NASHVILLE POLICE DEPT,20170312732,Davidson,Nashville,4/9/2017 12:43:00 PM,2,0,0,36.178150,-86.751660,MAIN ST,,,,0.00,,,N 10TH ST,,,,0.00,Y,Four-Way, ,Intersection-Related,None,,,         ,Anthony,Rizo,Clear,Front to Rear,no,no,no,no,no,False
101609052,THP District 3 - Nashville,317019204,Davidson,Not in City Limit,4/4/2017 3:00:00 PM,2,0,0,36.096180,-86.927640,RIDGELAKE PKWY,,,,308.00,Feet,South,FAIRWOOD DR,,,,0.00,N,Not at Intersection, ,Non-Junction,None,,,         ,Devin,Bargatze,Clear,Angle,no,no,no,no,no,False
101609053,THP District 3 - Nashville,317020247,Davidson,Madison,4/8/2017 8:57:00 PM,2,0,0,36.116260,-86.924950,TRAEMOOR VILLAGE DR,,,,216.00,Feet,North,CHARLOTTE PKE,,,,0.00,N,Not at Intersection, ,Non-Junction,None,,,         ,Devin,Bargatze,Clear,Angle,no,no,no,no,no,False
101609068,GOODLETTSVILLE POLICE DEPT,17-12736,Davidson,Goodlettsville,4/9/2017 1:57:00 PM,2,0,0,36.309510,-86.695680,CONFERENCE DR,,,,14.00,Feet,North,VIETNAM VETERANS BLVD SB EXT R,,,,0.00,N,Not at Intersection, ,Non-Junction,None,,,         ,George,Forbes,Clear,Front to Rear,no,no,no,no,no,False
101609123,METROPOLITAN NASHVILLE POLICE DEPT,20170312931,Davidson,Nashville,4/9/2017 3:15:00 PM,3,3,0,36.125750,-86.709900,MURFREESBORO PKE,,,,0.00,,,BOWWOOD CT,,,,0.00,Y,OTHER,N,Non-Junction,None,,,         ,Thomas,Barnes,Clear,Front to Rear,no,no,no,no,no,False
101609124,METROPOLITAN NASHVILLE POLICE DEPT,20170312997,Davidson,Nashville,4/9/2017 3:45:00 PM,2,0,0,36.218150,-86.803480,WHITES CREEK PKE,,,,0.00,,,MOORMANS ARM RD,,,,0.00,Y,Four-Way,N,Intersection,None,,,         ,Kevin,Reynolds,Clear,HeadOn,no,no,no,no,no,False
101609134,METROPOLITAN NASHVILLE POLICE DEPT,20170313093,Davidson,Nashville,4/9/2017 3:30:00 PM,2,0,0,36.069190,-86.690970,I24 E EXT RAMP,,,,0.00,Feet,East,I 24,,,,0.00,N,Not at Intersection, ,Entrance/Exit Ramp Related,None,,,         ,Candice,Soper,Clear,Front to Rear,no,no,no,no,no,False
101609161,METROPOLITAN NASHVILLE POLICE DEPT,20170313114,Davidson,Nashville,4/9/2017 4:00:00 PM,1,0,0,36.083300,-86.726040,WELCH RD,,,,149.00,Feet,West,TRAVIS DR,,,,0.00,N,Not at Intersection, ,Non-Junction,None,,,         ,Aimee,Ortiz,Clear,Not Collision with Motor Vehicle in Transport,no,no,no,no,no,False
101609166,METROPOLITAN NASHVILLE POLICE DEPT,20170312855,Davidson,Nashville,4/9/2017 2:30:00 PM,2,1,0,36.094890,-86.737010,NOLENSVILLE PKE,,,,367.00,Feet,South,WHEELER AV,,,,0.00,N,Not at Intersection,N,Non-Junction,None,,,         ,Andrew,Swint,Clear,Angle,no,no,no,no,no,False