master_record_number,agency,agency_tracking_number,county,city,collision_date,vehicles_involved,number_injured,number_dead,latitude,longitude,roadway_name,roadway_suffix,roadway_number,roadway_local_id,distance_from_reference,miles-feet_indicator,direction_from_reference,intersection_road_name,intersection_road_name_suffix,intersection_road_number,intersection_local_id,mile_marker,intersection_indicator,intersect_type,interchange_related_indicator,relation_to_junction,work_zone_type,construction_maintenance_zone,construction_maintenance_zone_location,fatal_case_number,officer_first_name,officer_last_name,weather_condition(s),manner_of_crash,pedestrian,bicycle,scooter,parking,hitrun,mou
101610564,METROPOLITAN NASHVILLE POLICE DEPT,20170318543,Davidson,Nashville,4/11/2017 7:27:00 AM,3,1,0,36.064200,-86.771290,I 65,,,,0.00,,,,,,,76.50,N,Not at Intersection,N,Non-Junction,None,,,         ,Nathan,Kemp,Clear,Front to Rear,no,no,no,no,no,False
101610582,METROPOLITAN NASHVILLE POLICE DEPT,20170318504,Davidson,Nashville,4/6/2017 4:30:00 PM,1,0,0,36.117150,-86.874430,DAVIDSON RD,,,,346.00,Feet,West,ROBIN HILL RD,,,,0.00,N,Not at Intersection,N,Non-Junction,None,,,         ,Cyretha,Frazier,Clear,Not Collision with Motor Vehicle in Transport,no,no,no,yes,no,False
101610584,METROPOLITAN NASHVILLE POLICE DEPT,2017-0315813,Davidson,Not in City Limit,4/10/2017 12:40:00 PM,2,0,0,36.269260,-86.755740,OLD HICKORY BLVDW,,,,0.00,,,DICKERSON PKE,,,,0.00,Y,Four-Way, ,Intersection-Related,None,,,         ,Arthur,Hipp,Clear,Angle,no,no,no,no,no,False
101610589,GOODLETTSVILLE POLICE DEPT,17-12867,Davidson,Goodlettsville,4/10/2017 5:02:00 PM,2,0,0,36.306220,-86.700390,VIETNAM VETERANS,BLVD,SR386,,0.10,Miles,West,VIETNAM VETERANS,BLVD,SR386,,1.80,N,Not at Intersection, ,Non-Junction,None,,,         ,Charles,Hauskin,Clear,Front to Rear,no,no,no,no,no,False
101610598,METROPOLITAN NASHVILLE POLICE DEPT,20170318650,Davidson,Nashville,4/11/2017 7:45:00 AM,2,0,0,36.097490,-86.763220,I 65,,,,0.00,,,,,,,78.85,N,Not at Intersection, ,Non-Junction,None,,,         ,Abbey,Sawl,Clear,"Sideswipe, Same Direction",no,no,no,no,no,False
101610599,METROPOLITAN NASHVILLE POLICE DEPT,20170318588,Davidson,Nashville,4/11/2017 7:50:00 AM,1,0,0,36.254810,-86.701920,LANIER DR,,,,10.00,Feet,North,NEELYS BEND RD,,,,0.00,N,Not at Intersection,N,Non-Junction,None,,,         ,Michael,Agee,Cloudy,Not Collision with Motor Vehicle in Transport,no,no,no,no,no,False
101610610,METROPOLITAN NASHVILLE POLICE DEPT,20170318699,Davidson,Nashville,4/11/2017 8:03:00 AM,2,0,0,36.149690,-86.779180,8TH AVS,,,,0.00,,,DIVISION ST,,,,0.00,Y,Four-Way, ,Non-Junction,None,,,         ,Jacob,West,Clear,Front to Rear,no,no,no,no,no,False
101610619,METROPOLITAN NASHVILLE POLICE DEPT,170318518,Davidson,Nashville,4/11/2017 7:25:00 AM,2,0,0,36.156100,-86.785540,11TH AVS,,,,0.00,,,MCGAVOCK ST,,,,0.00,Y,T-Intersection,Y,Intersection,None,,,         ,Trenton,Searcy,Clear,Angle,no,no,no,no,no,False
101610634,METROPOLITAN NASHVILLE POLICE DEPT,20170318631,Davidson,Nashville,4/11/2017 7:55:00 AM,3,1,0,36.042980,-86.842100,OLD HICKORY BLVD,,,,75.00,Feet,East,KINGSBURY DR,,,,0.00,N,Not at Intersection,N,Non-Junction,None,,,         ,Earl,Davis,Clear,Front to Rear,no,no,no,no,no,False
101610637,THP District 9 - Administrative,317020799,Davidson,Nashville,4/11/2017 6:45:00 AM,2,0,0,36.107550,-86.768620,I 65,,,,0.00,,,,,,,79.55,N,Not at Intersection, ,Non-Junction,None,,,         ,William,Goodman,Cloudy,"Sideswipe, Same Direction",no,no,no,no,no,False
101610638,METROPOLITAN NASHVILLE POLICE DEPT,20170318679,Davidson,Nashville,4/11/2017 8:10:00 AM,2,0,0,36.082170,-86.651950,UNA ANTIOCH PKE,,,,0.00,,,PICCADILLY ROW,,,,0.00,Y,T-Intersection, ,Intersection,None,,,         ,Roy,McElwee,Clear,Front to Rear,no,no,no,no,no,False
101610640,METROPOLITAN NASHVILLE POLICE DEPT,20170318696,Davidson,Nashville,4/11/2017 8:20:00 AM,2,1,0,36.187870,-86.688990,BRILEY PKWYN,,,,96.00,Feet,South,BRILEY PKWYS,,,,0.00,N,Not at Intersection,N,Non-Junction,None,,,         ,Larry,Benz,Clear,Angle,no,no,no,no,no,False
101610647,METROPOLITAN NASHVILLE POLICE DEPT,20170318893,Davidson,Nashville,4/11/2017 9:20:00 AM,2,0,0,36.115390,-86.825540,WOODMONT BLVD,,,,172.00,Feet,West,WIMBLEDON RD,,,,0.00,N,Not at Intersection, ,Non-Junction,None,,,         ,Douglas,Atwood,Clear,Front to Rear,no,no,no,no,no,False
101610648,METROPOLITAN NASHVILLE POLICE DEPT,20170318860,Davidson,Nashville,4/11/2017 8:50:00 AM,2,0,0,36.112330,-86.767020,THOMPSON LN,,,,0.00,Feet,,BRANSFORD AV,,,,0.00,Y,Four-Way, ,Intersection,None,,,         ,Abbey,Sawl,Clear,Front to Rear,no,no,no,no,no,False
101610649,METROPOLITAN NASHVILLE POLICE DEPT,2017-0318462,Davidson,Nashville,4/11/2017 6:58:00 AM,2,0,0,36.111320,-86.722610,I 24,,,,0.00,,,,,,,53.60,N,Not at Intersection, ,Non-Junction,None,,,         ,William,Whitworth,Cloudy,Front to Rear,no,no,no,no,no,False
101610650,METROPOLITAN NASHVILLE POLICE DEPT,2017-0318676,Davidson,Nashville,4/11/2017 7:45:00 AM,2,1,0,36.052060,-86.670370,I 24,,,,0.00,,,,,,,58.60,N,Not at Intersection,N,Non-Junction,None,,,         ,William,Whitworth,Cloudy,Front to Rear,no,no,no,no,no,False
101610669,METROPOLITAN NASHVILLE POLICE DEPT,20170318681,Davidson,Nashville,4/11/2017 7:57:00 AM,2,0,0,36.047120,-86.661830,I 24,,,,0.00,,,,,,,59.20,N,Not at Intersection, ,Non-Junction,None,,,         ,Brian,Lamb,Clear,"Sideswipe, Same Direction",no,no,no,no,no,False
101610672,METROPOLITAN NASHVILLE POLICE DEPT,20170318888,Davidson,Nashville,4/11/2017 8:00:00 AM,2,0,0,36.047550,-86.655930,BELL RD,,,,0.00,,,HICKORY HOLLOW PKWY,,,,0.00,Y,Four-Way, ,Non-Junction,None,,,         ,Roderic,Williams,Cloudy,"Sideswipe, Same Direction",no,no,no,no,no,False
101610678,METROPOLITAN NASHVILLE POLICE DEPT,20170318719,Davidson,Nashville,4/11/2017 8:20:00 AM,3,4,0,36.233880,-86.724810,GALLATIN PKE,,,,30.00,Feet,North,BRILEY PKWY E EXT RAMP,,,,0.00,N,Not at Intersection,N,OtherLocation,None,,,         ,Eric,Knight,Clear,Front to Rear,no,no,no,no,no,False
101610716,METROPOLITAN NASHVILLE POLICE DEPT,20170318828,Davidson,Nashville,4/11/2017 9:03:00 AM,1,1,0,36.090040,-86.790770,LEALAND LN,,,,302.00,Feet,South,MILESDALE DR,,,,0.00,N,Not at Intersection,N,Non-Junction,None,,,         ,Nathan,Kemp,Clear,Not Collision with Motor Vehicle in Transport,no,no,no,no,no,False
101610717,METROPOLITAN NASHVILLE POLICE DEPT,20170319254,Davidson,Nashville,4/11/2017 11:21:00 AM,2,0,0,36.152920,-86.789830,DEMONBREUN ST,,,,462.00,Feet,North,MUSIC CIRE,,,,0.00,N,Not at Intersection, ,Non-Junction,None,,,         ,Nathan,Kemp,Clear,Front to Rear,no,no,no,no,no,False
101610718,METROPOLITAN NASHVILLE POLICE DEPT,20170319295,Davidson,Nashville,4/11/2017 11:31:00 AM,2,0,0,36.110030,-86.770300,I 65,,,,0.00,,,,,,,79.75,N,Not at Intersection,N,Non-Junction,None,,,         ,Nathan,Kemp,Clear,Front to Rear,no,no,no,no,no,False
101610719,GOODLETTSVILLE POLICE DEPT,17-12971,Davidson,Goodlettsville,4/11/2017 10:04:00 AM,1,1,0,36.340148,-86.721023,OLD SPRINGFIELD HIGHWAY,,,,25.00,Feet,West,PEAR ORCHARD DRIVE,,,,0.00,N,Not at Intersection,N,Non-Junction,None,,,         ,Tanner,Simon,Clear,Not Collision with Motor Vehicle in Transport,no,no,no,no,no,False
101610720,METROPOLITAN NASHVILLE POLICE DEPT,2017-0318758,Davidson,Nashville,4/11/2017 8:15:00 AM,2,0,0,36.140060,-86.818320,WEST END AV,,,,350.00,Feet,North,ORLEANS DR,,,,0.00,N,Not at Intersection, ,,None,,,         ,Allen,Bates,,,no,no,no,no,no,False
101610721,METROPOLITAN NASHVILLE POLICE DEPT,20170319336,Davidson,Nashville,4/11/2017 12:00:00 AM,2,0,0,36.181740,-86.753810,MANSFIELD ST,,,,141.00,Feet,West,LAURENT ST,,,,0.00,N,Not at Intersection, ,Non-Junction,None,,,         ,Christopher,Lawson,Unknown,"Sideswipe, Same Direction",no,no,no,no,yes,False
101610725,METROPOLITAN NASHVILLE POLICE DEPT,20170319384,Davidson,Nashville,4/11/2017 12:11:00 PM,2,0,0,36.116300,-86.792000,I 440,,,,0.00,,,,,,,3.85,N,Not at Intersection, ,,None,,,         ,Nathan,Kemp,,,no,no,no,no,no,False
101610752,METROPOLITAN NASHVILLE POLICE DEPT,20170319144,Davidson,Goodlettsville,4/11/2017 10:51:00 AM,2,1,0,36.292590,-86.702680,GALLATIN PKEN,,,,62.00,Feet,North,RIVERGATE STATION PVTDR,,,,0.00,N,Not at Intersection,N,Non-Junction,None,,,         ,Michael,Agee,Cloudy,Front to Rear,no,no,no,no,no,False
101610772,METROPOLITAN NASHVILLE POLICE DEPT,20170319299,Davidson,Nashville,4/11/2017 11:45:00 AM,3,3,0,36.160760,-86.793690,CHARLOTTE AV,,,,0.00,,,14TH AVN,,,,0.00,Y,Four-Way,N,Intersection-Related,None,,,         ,Chase,Burnett,Clear,Front to Rear,no,no,no,no,no,False
101610780,METROPOLITAN NASHVILLE POLICE DEPT,20170319174,Davidson,Nashville,4/11/2017 11:01:00 AM,1,0,0,36.100050,-86.772220,FRANKLIN PKE,,,,474.00,Feet,North,NORWOOD DR,,,,0.00,N,Not at Intersection,N,Non-Junction,None,,,         ,Devin,Mabry,Clear,Not Collision with Motor Vehicle in Transport,no,no,no,no,no,False
101610786,METROPOLITAN NASHVILLE POLICE DEPT,20170319287,Davidson,Nashville,4/11/2017 11:30:00 AM,2,0,0,36.152240,-86.625070,BELL RD,,,,0.00,,,STEWARTS FERRY PKE,,,,0.00,Y,Four-Way,N,Intersection,None,,,         ,Wesley,Young,Clear,Angle,no,no,no,no,no,False
101610787,METROPOLITAN NASHVILLE POLICE DEPT,20170319237,Davidson,Nashville,4/11/2017 11:10:00 AM,2,0,0,36.188160,-86.797440,DOMINICAN DR,,,,183.00,Feet,West,FRENCH LANDING DR,,,,0.00,N,Not at Intersection,N,Non-Junction,None,,,         ,Joshua,Baker,Clear,Angle,no,no,no,no,no,False
101610790,METROPOLITAN NASHVILLE POLICE DEPT,2017-0319043,Davidson,Nashville,4/11/2017 10:08:00 AM,2,1,0,36.080400,-86.717930,RECOVERY RD,,,,0.00,,,HARDING PL,,,,0.00,Y,Four-Way,N,Intersection,None,,,         ,William,Whitworth,Cloudy,Front to Rear,no,no,no,no,no,False
101610791,METROPOLITAN NASHVILLE POLICE DEPT,2017-0319360,Davidson,Nashville,4/11/2017 12:05:00 PM,2,0,0,36.120570,-86.750020,NOLENSVILLE PKE,,,,0.00,,,PEACHTREE ST,,,,0.00,Y,Four-Way, ,Intersection,None,,,         ,William,Whitworth,Cloudy,Angle,no,no,no,no,no,False
101610806,METROPOLITAN NASHVILLE POLICE DEPT,20170319337,Davidson,Nashville,4/11/2017 11:55:00 AM,2,0,0,36.193280,-86.751920,DOUGLAS AV,,,,0.00,,,ELLINGTON PKWY N EXT RAMP,,,,0.00,Y,T-Intersection, ,Intersection,None,,,         ,Alex,Moore,Clear,Angle,no,no,no,no,no,False
101610843,METROPOLITAN NASHVILLE POLICE DEPT,20170319648,Davidson,Nashville,4/11/2017 1:30:00 PM,1,0,0,36.175790,-86.590990,VALLEY GROVE CT,,,,160.00,Feet,North,VALLEY GROVE DR,,,,0.00,N,Not at Intersection, ,Non-Junction,None,,,         ,Wesley,Young,Clear,Not Collision with Motor Vehicle in Transport,no,no,no,no,no,False
101610845,METROPOLITAN NASHVILLE POLICE DEPT,20170319597,Davidson,Nashville,4/11/2017 2:04:00 PM,2,0,0,36.136040,-86.726720,I 24,,,,0.00,,,,,,,52.20,N,Not at Intersection, ,Non-Junction,None,,,         ,Jessie,Meadows,Clear,"Sideswipe, Same Direction",no,no,no,no,no,False
101610857,METROPOLITAN NASHVILLE POLICE DEPT,20170319113,Davidson,Nashville,4/11/2017 10:38:00 AM,2,2,0,36.192310,-86.624320,LEBANON PKE,,,,250.00,Feet,South,JUAREZ DR,,,,0.00,N,Not at Intersection,N,Non-Junction,None,,,         ,Andrew,Anoskey,Clear,Angle,no,no,no,no,no,False
101610867,VANDERBILT UNIVERSITY POLICE,2017 - 0319664,Davidson,Nashville,4/11/2017 1:20:00 PM,1,0,0,36.139730,-86.801670,PIERCE AV,,,,0.00,,,MEDICAL CENTER DR,,,,0.00,Y,Four-Way, ,Entrance/Exit Ramp Related,None,,,         ,Charles,Payton,Cloudy,Not Collision with Motor Vehicle in Transport,no,no,no,yes,no,Campus
101610908,METROPOLITAN NASHVILLE POLICE DEPT,20170319718,Davidson,Not in City Limit,4/11/2017 1:40:00 PM,2,0,0,36.273240,-86.735780,I 65,,,,0.00,,,,,,,92.85,N,Not at Intersection, ,Non-Junction,None,,,         ,Coleman,McKellar,Cloudy,Front to Rear,no,no,no,no,no,False
101610945,METROPOLITAN NASHVILLE POLICE DEPT,20170319762,Davidson,Nashville,4/11/2017 1:45:00 PM,2,0,0,36.047150,-86.655490,HICKORY HOLLOW PKWY,,,,196.00,Feet,South,BELL RD,,,,0.00,N,Not at Intersection,N,Non-Junction,None,,,         ,Roderic,Williams,Cloudy,Angle,no,no,no,yes,yes,False
101610946,METROPOLITAN NASHVILLE POLICE DEPT,2017-0318975,Davidson,Nashville,4/11/2017 9:52:00 AM,2,0,0,36.138820,-86.819650,WEST END AV,,,,250.00,Feet,South,ORLEANS DR,,,,0.00,N,Not at Intersection, ,"Driveway, Alley Access, etc",None,,,         ,Allen,Bates,Clear,Angle,no,no,no,no,no,False
101610956,METROPOLITAN NASHVILLE POLICE DEPT,20170318677,Davidson,Nashville,4/11/2017 7:00:00 AM,2,0,0,36.152400,-86.765620,UNIVERSITY CT,,,,0.00,,,CARROLL ST,,,,0.00,Y,T-Intersection, ,Intersection,None,,,         ,Jason,Smith,Clear,"Sideswipe, Same Direction",no,no,no,no,no,False
101610962,METROPOLITAN NASHVILLE POLICE DEPT,20170319819,Davidson,Nashville,4/11/2017 2:26:00 PM,2,1,0,36.166240,-86.764520,I 24,,,,0.00,,,,,,,49.00,N,Not at Intersection,N,Non-Junction,None,,,         ,FELIKS,ABRAHAMYAN,Cloudy,Front to Rear,no,no,no,no,no,False
101610963,METROPOLITAN NASHVILLE POLICE DEPT,20170319856,Davidson,Nashville,4/11/2017 2:39:00 PM,2,0,0,36.237120,-86.730880,BRILEY PKWYE,,,,292.00,Feet,East,SAUNDERS AV,,,,0.00,N,Not at Intersection, ,Non-Junction,None,,,         ,Christopher,Valdez,Cloudy,Front to Rear,no,no,no,no,no,False
101610971,METROPOLITAN NASHVILLE POLICE DEPT,20170319845,Davidson,Old Hickory,4/11/2017 2:45:00 PM,2,0,0,36.267210,-86.666180,ROBINSON RD,,,,780.00,Feet,East,BRIDGEWAY AV,,,,0.00,N,Not at Intersection, ,Non-Junction,None,,,         ,Wesley,Young,Clear,Not Collision with Motor Vehicle in Transport,no,no,no,no,no,False
101610983,METROPOLITAN NASHVILLE POLICE DEPT,20170319919,Davidson,Not in City Limit,4/11/2017 2:57:00 PM,3,0,0,36.260920,-86.712650,GALLATIN PKES,,,,121.00,Feet,South,MAPLE ST,,,,0.00,N,Not at Intersection,N,Non-Junction,None,,,         ,Harold,Willmore IV,Clear,Front to Rear,no,no,no,no,yes,False
101610989,METROPOLITAN NASHVILLE POLICE DEPT,20170319850,Davidson,Nashville,4/11/2017 2:41:00 PM,2,0,0,36.164370,-86.794040,I 40,,,,0.00,,,,,,,208.45,N,Not at Intersection,N,Non-Junction,None,,,         ,Tien,Nguyen,Clear,"Sideswipe, Same Direction",no,no,no,no,yes,False
101610990,METROPOLITAN NASHVILLE POLICE DEPT,20170319954,Davidson,Nashville,4/11/2017 2:19:00 PM,2,0,0,36.040010,-86.743470,OLD HICKORY BLVD,,,,0.00,,,EDMONDSON PKE,,,,0.00,Y,Four-Way, ,Intersection-Related,None,,,         ,Tien,Nguyen,Cloudy,Front to Rear,no,no,no,no,no,False
101611002,METROPOLITAN NASHVILLE POLICE DEPT,20170319961,Davidson,Nashville,4/11/2017 3:18:00 PM,1,1,0,36.149970,-86.784040,I 40,,,,0.00,,,,,,,209.60,N,Not at Intersection,N,Non-Junction,None,,,         ,Michael,Baron,Cloudy,Not Collision with Motor Vehicle in Transport,no,no,no,no,no,False
101611004,METROPOLITAN NASHVILLE POLICE DEPT,20170319920,Davidson,Nashville,4/11/2017 3:02:00 PM,2,0,0,36.217000,-86.695370,MCGAVOCK PKE,,,,0.00,,,,,,,0.00,,, ,Non-Junction,None,,,         ,Brian,Smith,Clear,Angle,no,no,no,no,no,False
101611023,METROPOLITAN NASHVILLE POLICE DEPT,20170319767,Davidson,Nashville,4/11/2017 2:02:00 PM,2,0,0,36.146270,-86.809790,WEST END AV,,,,0.00,Feet,,NATCHEZ TRC,,,,0.00,Y,Four-Way, ,Non-Junction,None,,,         ,Phillip,Murphy,Clear,"Sideswipe, Same Direction",no,no,no,no,no,Campus
101611027,METROPOLITAN NASHVILLE POLICE DEPT,20170320130,Davidson,Nashville,4/11/2017 3:55:00 PM,2,0,0,36.151880,-86.767940,I 40,,,,0.00,,,,,,,210.50,N,Not at Intersection, ,Non-Junction,None,,,         ,Brian,Woodard,Cloudy,Front to Rear,no,no,no,no,no,False
101611029,METROPOLITAN NASHVILLE POLICE DEPT,20170319981,Davidson,Nashville,4/11/2017 3:22:00 PM,2,0,0,36.150410,-86.856890,CHARLOTTE PKE,,,,150.00,Feet,East,ORLANDO AV,,,,0.00,N,Not at Intersection, ,Non-Junction,None,,,         ,Walter,Gray II,Cloudy,Angle,no,no,no,no,no,False
101611032,METROPOLITAN NASHVILLE POLICE DEPT,20170319917,Davidson,Nashville,4/11/2017 3:02:00 PM,2,0,0,36.143950,-86.691630,I 40,,,,0.00,,,,,,,215.20,N,Not at Intersection,N,Non-Junction,None,,,         ,Patrick,Taylor,Clear,"Sideswipe, Same Direction",no,no,no,no,no,False
101611038,METROPOLITAN NASHVILLE POLICE DEPT,20170320249,Davidson,Nashville,4/11/2017 4:26:00 PM,2,0,0,36.047110,-86.713470,NOLENSVILLE PKE,,,,614.00,Feet,South,HICKORYVIEW DR,,,,0.00,N,Not at Intersection, ,Non-Junction,None,,,         ,Tien,Nguyen,Cloudy,"Sideswipe, Same Direction",no,no,no,no,no,False
101611040,METROPOLITAN NASHVILLE POLICE DEPT,20170320197,Davidson,Nashville,4/11/2017 3:40:00 PM,2,0,0,36.168180,-86.786120,JAMES ROBERTSON PKWY,,,,116.00,Feet,East,7TH AVN,,,,0.00,N,Not at Intersection, ,Non-Junction,None,,,         ,David,Snowden,Rain,Angle,no,no,no,no,no,False
101611044,THP District 3 - Nashville,317019091,Davidson,Nashville,4/4/2017 6:37:00 AM,2,0,0,36.217150,-86.583320,MATTERHORN DR,,,,121.00,Feet,North,LEBANON RD,,,,0.00,N,Not at Intersection,N,Non-Junction,None,,,         ,Bryan,White,Clear,Angle,no,no,no,no,yes,False
101611048,METROPOLITAN NASHVILLE POLICE DEPT,20170320248,Davidson,Nashville,4/11/2017 4:26:00 PM,2,0,0,36.182800,-86.761270,ELLINGTON PKWYN,,,,73.00,Feet,East,ELLINGTON PKWYS,,,,0.00,N,Not at Intersection,N,Non-Junction,None,,,         ,Jonathan,Hadley,Rain,Front to Rear,no,no,no,no,no,False
101611052,BELLE MEADE POLICE DEPT,17-0099,Davidson,Belle Meade,4/11/2017 3:48:00 PM,2,0,0,36.078370,-86.868260,PAGE RD,,,,1776.00,Feet,South,BELLE MEADE BLVD,,,,0.00,N,Not at Intersection, ,,None,,,         ,Wes,Bowker,,,no,no,no,no,no,False
101611061,METROPOLITAN NASHVILLE POLICE DEPT,2017-0319859,Davidson,Nashville,4/11/2017 2:50:00 PM,2,0,0,36.158930,-86.664620,DONELSON PKE,,,,50.00,Feet,South,MCCAMPBELL AV,,,,0.00,N,Not at Intersection,N,Non-Junction,None,,,         ,John,Roberson,Clear,Angle,no,no,no,no,no,False
101611095,METROPOLITAN NASHVILLE POLICE DEPT,20170320358,Davidson,Nashville,4/11/2017 4:59:00 PM,2,0,0,36.146730,-86.808850,WEST END AV,,,,78.00,Feet,West,25TH AVN,,,,0.00,N,Not at Intersection, ,Non-Junction,None,,,         ,Eric,Burford,Rain,Front to Rear,no,no,no,no,no,Campus
101611102,METROPOLITAN NASHVILLE POLICE DEPT,20170320247,Davidson,Nashville,4/11/2017 4:22:00 PM,2,0,0,36.156310,-86.807250,22ND AVN,,,,0.00,,,CHARLOTTE AV,,,,0.00,Y,Four-Way, ,Non-Junction,None,,,         ,Michael,Brooks,Rain,Front to Rear,no,no,no,no,no,False
101611103,METROPOLITAN NASHVILLE POLICE DEPT,20170320366,Davidson,Nashville,4/11/2017 4:58:00 PM,2,1,0,36.178100,-86.802060,ARTHUR AV,,,,148.00,Feet,East,JANE ST,,,,0.00,N,Not at Intersection,N,Non-Junction,None,,,         ,Michael,Brooks,Rain,Front to Rear,no,no,no,no,no,False
101611104,METROPOLITAN NASHVILLE POLICE DEPT,20170320255,Davidson,Nashville,4/11/2017 12:00:00 AM,2,1,0,36.173120,-86.739670,FATHERLAND ST,,,,55.00,Feet,East,S 17TH ST,,,,0.00,N,Not at Intersection,N,Non-Junction,None,,,         ,FELIKS,ABRAHAMYAN,Rain,Rear to Side,no,no,no,yes,no,False
101611106,METROPOLITAN NASHVILLE POLICE DEPT,20170320443,Davidson,Nashville,4/11/2017 5:30:00 PM,2,0,0,36.154910,-86.831170,I 40,,,,0.00,,,,,,,205.45,N,Not at Intersection, ,,None,,,         ,Ethan,Usherwood,,,no,no,no,no,no,False
101611110,METROPOLITAN NASHVILLE POLICE DEPT,20170320310,Davidson,Nashville,4/11/2017 4:45:00 PM,2,0,0,36.174530,-86.760940,S 7TH ST,,,,0.00,,,MAIN ST,,,,0.00,Y,Four-Way, ,Non-Junction,None,,,         ,Kevin,Johnson,Rain,Angle,no,no,no,no,yes,False
101611112,METROPOLITAN NASHVILLE POLICE DEPT,20170320250,Davidson,Nashville,4/11/2017 4:30:00 PM,2,0,0,36.041780,-86.661270,CANE RIDGE RD,,,,118.00,Feet,North,BELL HOLLOW APTS PVTDR,,,,0.00,N,Not at Intersection, ,Non-Junction,None,,,         ,Jessie,Meadows,Clear,"Sideswipe, Same Direction",no,no,no,no,no,False
101611113,METROPOLITAN NASHVILLE POLICE DEPT,20170320395,Davidson,Nashville,4/11/2017 5:49:00 PM,2,0,0,36.129790,-86.727910,I 24,,,,0.00,,,,,,,51.20,N,Not at Intersection, ,Non-Junction,None,,,         ,Jessie,Meadows,Clear,Front to Rear,no,no,no,no,no,False
101611116,METROPOLITAN NASHVILLE POLICE DEPT,20170320420,Davidson,Nashville,4/11/2017 4:28:00 PM,2,0,0,36.143490,-86.822690,I 440,,,,0.00,,,,,,,1.00,N,Not at Intersection,N,Non-Junction,None,,,         ,Nicholas,Smith,Rain,Front to Rear,no,no,no,no,yes,False
101611117,METROPOLITAN NASHVILLE POLICE DEPT,20170320519,Davidson,Nashville,4/11/2017 5:54:00 PM,2,0,0,36.134130,-86.776390,I65 S ENT RAMP,,,,0.00,,,I65 S EXT RAMP,,,,0.00,Y,Four-Way,N,Non-Junction,None,,,         ,Ralph,Smith IV,Rain,Front to Rear,no,no,no,no,yes,False
101611119,METROPOLITAN NASHVILLE POLICE DEPT,20170320490,Davidson,Nashville,4/11/2017 5:37:00 PM,3,1,0,36.077470,-86.773100,FRANKLIN PKE,,,,0.00,Feet,,TYNE BLVD,,,,0.00,Y,T-Intersection,N,Intersection,None,,,         ,Miguel,Garcia,Rain,Angle,no,no,no,no,no,False
101611120,METROPOLITAN NASHVILLE POLICE DEPT,20170320573,Davidson,Nashville,4/11/2017 5:20:00 PM,2,0,0,36.162110,-86.790610,CHARLOTTE AV,,,,0.00,,,11TH AVN,,,,0.00,Y,Four-Way,N,Intersection,None,,,         ,Michael,Brooks,Rain,"Sideswipe, Same Direction",no,no,no,no,yes,False
101611122,METROPOLITAN NASHVILLE POLICE DEPT,20170320226,Davidson,Nashville,4/11/2017 4:08:00 PM,2,0,0,36.194140,-86.830780,BUENA VISTA PKE,,,,224.00,Feet,South,RESHA LN,,,,0.00,N,Not at Intersection, ,Non-Junction,None,,,         ,Christopher,Templin,Rain,Angle,no,no,no,no,yes,False
101611134,METROPOLITAN NASHVILLE POLICE DEPT,20170320467,Davidson,Nashville,4/11/2017 5:29:00 PM,2,1,0,36.131450,-86.818040,I 440,,,,0.00,,,,,,,1.90,N,Not at Intersection,N,Non-Junction,None,,,         ,Torian,Cox,Rain,Front to Rear,no,no,no,no,no,False
101611138,METROPOLITAN NASHVILLE POLICE DEPT,20170320585,Davidson,Antioch,4/11/2017 5:00:00 PM,2,0,0,36.070590,-86.592130,MT VIEW RD,,,,158.00,Feet,West,LEATHERBURY CT,,,,0.00,N,Not at Intersection, ,Non-Junction,None,,,         ,Candice,Soper,Clear,Front to Rear,no,no,no,no,no,False
101611147,METROPOLITAN NASHVILLE POLICE DEPT,20170320510,Davidson,Nashville,4/11/2017 5:50:00 PM,2,0,0,36.162230,-86.774360,BROADWAY,,,,0.00,,,1ST AVS,,,,0.00,Y,T-Intersection, ,Intersection,None,,,         ,David,Snowden,Rain,"Sideswipe, Same Direction",no,no,no,no,no,False
101611149,METROPOLITAN NASHVILLE POLICE DEPT,20170320634,Davidson,Nashville,4/11/2017 5:16:00 PM,2,0,0,36.139940,-86.791230,15TH AVS,,,,190.00,Feet,South,HORTON AV,,,,0.00,N,Not at Intersection,N,Non-Junction,None,,,         ,Nicholas,Smith,Rain,Angle,no,no,no,no,yes,False
101611154,METROPOLITAN NASHVILLE POLICE DEPT,20170320570,Davidson,Nashville,4/11/2017 6:14:00 PM,2,0,0,36.082610,-86.727250,NOLENSVILLE PKE,,,,0.00,,,WELSHWOOD DR,,,,0.00,Y,T-Intersection,N,Intersection-Related,None,,,         ,Tien,Nguyen,Rain,"Sideswipe, Same Direction",no,no,no,no,yes,False
101611156,METROPOLITAN NASHVILLE POLICE DEPT,20170320518,Davidson,Nashville,4/11/2017 5:55:00 PM,2,1,0,36.233000,-86.701440,BRILEY PKWYW,,,,544.00,Feet,North,MUSIC VALLEY DR,,,,0.00,N,Not at Intersection,N,Non-Junction,None,,,         ,John,Kelley,Rain,Front to Rear,no,no,no,no,no,False
101611158,METROPOLITAN NASHVILLE POLICE DEPT,20170320447,Davidson,Nashville,4/11/2017 5:31:00 PM,1,1,0,36.131760,-86.778970,SOUTH DOUGLAS AV,,,,0.00,,,8TH AVS,,,,0.00,Y,T-Intersection,N,Intersection-Related,None,,,         ,Tien,Nguyen,Rain,Not Collision with Motor Vehicle in Transport,yes,no,no,no,no,False