master_record_number,agency,agency_tracking_number,county,city,collision_date,vehicles_involved,number_injured,number_dead,latitude,longitude,roadway_name,roadway_suffix,roadway_number,roadway_local_id,distance_from_reference,miles-feet_indicator,direction_from_reference,intersection_road_name,intersection_road_name_suffix,intersection_road_number,intersection_local_id,mile_marker,intersection_indicator,intersect_type,interchange_related_indicator,relation_to_junction,work_zone_type,construction_maintenance_zone,construction_maintenance_zone_location,fatal_case_number,officer_first_name,officer_last_name,weather_condition(s),manner_of_crash,pedestrian,bicycle,scooter,parking,hitrun,mou
101613844,METROPOLITAN NASHVILLE POLICE DEPT,20170307051,Davidson,Nashville,4/7/2017 10:51:00 AM,1,2,0,36.152020,-86.853370,RICHLAND CREEK SHOPPING CENTER,,,,300.00,Feet,North,CHARLOTTE AV,,,,0.00,N,Not at Intersection,N,OtherLocation,None,,,         ,Donald,Davidson,Clear,Not Collision with Motor Vehicle in Transport,yes,no,no,no,no,False
101613855,METROPOLITAN NASHVILLE POLICE DEPT,2017330125,Davidson,Nashville,4/14/2017 9:50:00 AM,2,0,0,36.137570,-86.800760,21ST AVS,,,,0.00,,,BLAKEMORE AV,,,,0.00,Y,Four-Way, ,Intersection,None,,,         ,Erik,Wagner,Clear,"Sideswipe, Same Direction",no,no,no,no,no,Campus
101613901,METROPOLITAN NASHVILLE POLICE DEPT,20170330254,Davidson,Nashville,4/14/2017 12:00:00 AM,2,0,0,36.171680,-86.797790,JEFFERSON ST,,,,24.00,Feet,West,11TH AVN,,,,0.00,N,Not at Intersection, ,Non-Junction,None,,,         ,Julie,Nabors,Clear,Front to Rear,no,no,no,no,yes,False
101613938,METROPOLITAN NASHVILLE POLICE DEPT,20170330153,Davidson,Nashville,4/14/2017 9:55:00 AM,2,1,0,36.240850,-86.757350,DICKERSON PKE,,,,38.00,Feet,North,BRILEY PKWY E EXT RAMP,,,,0.00,N,Not at Intersection,N,Non-Junction,None,,,         ,Royce,McLester,Clear,Front to Rear,no,no,no,no,yes,False
101613961,METROPOLITAN NASHVILLE POLICE DEPT,20170330304,Davidson,Nashville,4/14/2017 11:00:00 AM,2,1,0,36.096040,-86.655450,MURFREESBORO PKE,,,,67.00,Feet,East,SMITH SPRINGS RD,,,,0.00,N,Not at Intersection,N,Non-Junction,None,,,         ,Steven,Rowlett,Cloudy,Front to Rear,no,no,no,no,no,False
101613975,METROPOLITAN NASHVILLE POLICE DEPT,20170330198,Davidson,Nashville,4/14/2017 10:00:00 AM,2,0,0,36.153070,-86.848670,ALABAMA AV,,,,20.00,Feet,West,51ST AVN,,,,0.00,N,Not at Intersection, ,Entrance/Exit Ramp Related,None,,,         ,Michael,Pyle,Clear,"Sideswipe, Same Direction",no,no,no,no,no,False
101614000,METROPOLITAN NASHVILLE POLICE DEPT,20170330380,Davidson,Nashville,4/14/2017 11:28:00 AM,2,0,0,36.144280,-86.749480,NANCE LN,,,,80.00,Feet,South,MURFREESBORO PKE,,,,0.00,N,Not at Intersection, ,"Driveway, Alley Access, etc",None,,,         ,Todd,Watson,Clear,Angle,no,no,no,no,no,False
101614002,METROPOLITAN NASHVILLE POLICE DEPT,2017-0329902,Davidson,Nashville,4/14/2017 8:38:00 AM,2,1,0,36.070960,-86.671500,DOWDY DR,,,,0.00,,,TERRAGON TRL,,,,0.00,Y,T-Intersection,N,Intersection,None,,,         ,William,Whitworth,Clear,HeadOn,no,no,no,no,no,False
101614005,METROPOLITAN NASHVILLE POLICE DEPT,2017-0330074,Davidson,Nashville,4/14/2017 9:37:00 AM,2,0,0,36.067410,-86.631250,MURFREESBORO PKE,,,,0.00,,,FOREST VIEW DR,,,,0.00,Y,Four-Way, ,Intersection,None,,,         ,William,Whitworth,Clear,Front to Rear,no,no,no,no,no,False
101614006,METROPOLITAN NASHVILLE POLICE DEPT,2017-0330320,Davidson,Nashville,4/14/2017 10:20:00 AM,2,0,0,36.093570,-86.709000,PARTNER WAY,,,,289.00,Feet,South,GENEROSITY WAY,,,,0.00,N,Not at Intersection,N,"Driveway, Alley Access, etc",None,,,         ,William,Whitworth,Clear,Angle,no,no,no,no,yes,False
101614019,METROPOLITAN NASHVILLE POLICE DEPT,2017330351,Davidson,Nashville,4/14/2017 11:06:00 AM,2,0,0,36.116870,-86.748230,NOLENSVILLE PKE,,,,219.00,Feet,South,WOODBINE ST,,,,0.00,N,Not at Intersection, ,Non-Junction,None,,,         ,Erik,Wagner,Clear,Front to Rear,no,no,no,no,no,False
101614026,METROPOLITAN NASHVILLE POLICE DEPT,20170330288,Davidson,Nashville,4/14/2017 10:51:00 AM,2,1,0,36.173790,-86.822580,ED TEMPLE BLVD,,,,0.00,,,DR WALTER S DAVIS BLVD,,,,0.00,Y,T-Intersection,Y,Intersection,None,,,         ,James,Jarvis,Clear,Angle,no,no,no,no,yes,False
101614046,METROPOLITAN NASHVILLE POLICE DEPT,20170330208,Davidson,Nashville,4/14/2017 10:44:00 AM,2,1,0,36.134290,-86.726910,I24E,,,,64.00,Feet,East,I24 E ENT RAMP,,,,0.00,N,Not at Intersection,N,Non-Junction,None,,,         ,Jessie,Meadows,Clear,Front to Rear,no,no,no,no,no,False
101614047,METROPOLITAN NASHVILLE POLICE DEPT,20170330529,Davidson,Nashville,4/14/2017 12:52:00 PM,2,0,0,36.114830,-86.724730,I 24,,,,0.00,,,,,,,53.30,N,Not at Intersection,N,Non-Junction,None,,,         ,Jessie,Meadows,Clear,Front to Rear,no,no,no,no,yes,False
101614048,METROPOLITAN NASHVILLE POLICE DEPT,20170330382,Davidson,Nashville,4/14/2017 11:30:00 AM,2,0,0,36.151680,-86.768390,I 40,,,,0.00,,,,,,,210.50,N,Not at Intersection, ,Non-Junction,None,,,         ,Byron,Carter,Clear,Angle,no,no,no,no,no,False
101614049,METROPOLITAN NASHVILLE POLICE DEPT,20170330091,Davidson,Nashville,4/14/2017 9:40:00 AM,2,4,0,0.000000,0.000000,,,I31,,0.00,Feet,,,,I31,,0.00,Y,T-Intersection,N,Entrance/Exit Ramp Related,None,,,         ,Faye,Denson,Clear,Angle,no,no,no,no,no,False
101614056,METROPOLITAN NASHVILLE POLICE DEPT,20170330321,Davidson,Nashville,4/14/2017 11:22:00 AM,3,0,0,36.176640,-86.770430,DICKERSON PKE,,,,39.00,Feet,West,SPRING ST,,,,0.00,N,Not at Intersection, ,Non-Junction,None,,,         ,Jared,Eaves,Clear,Front to Rear,no,no,no,no,no,False
101614090,METROPOLITAN NASHVILLE POLICE DEPT,20170330180,Davidson,Nashville,4/14/2017 10:05:00 AM,2,0,0,36.144650,-86.633410,FITZPATRICK RD,,,,225.00,Feet,West,NOBLE VALLEY DR,,,,0.00,N,Not at Intersection,N,Non-Junction,None,,,         ,John,Nicholson,Clear,HeadOn,no,no,no,no,yes,False
101614114,METROPOLITAN NASHVILLE POLICE DEPT,20170330540,Davidson,Nashville,4/14/2017 12:20:00 PM,2,0,0,36.168720,-86.690180,BRILEY PKWY S EXT RAMP,,,,0.00,,,BRILEY PKWY S ENT RAMP,,,,0.00,Y,T-Intersection, ,,None,,,         ,Richard,Hyatt,,,no,no,no,no,no,False
101614116,METROPOLITAN NASHVILLE POLICE DEPT,20170330099,Davidson,Nashville,4/14/2017 12:00:00 AM,2,0,0,36.202770,-86.593050,SCOTTS CREEK TRL,,,,92.00,Feet,North,GREER STATION DR,,,,0.00,N,Not at Intersection, ,Non-Junction,None,,,         ,James,Curtis,Unknown,Unknown,no,no,no,no,yes,False
101614117,METROPOLITAN NASHVILLE POLICE DEPT,20170330516,Davidson,Nashville,4/14/2017 12:24:00 PM,1,1,0,36.197510,-86.610230,TYLER DR,,,,0.00,Feet,,EVA DR,,,,0.00,Y,T-Intersection,N,Intersection,None,,,         ,James,Curtis,Clear,Not Collision with Motor Vehicle in Transport,no,yes,no,no,no,False
101614118,METROPOLITAN NASHVILLE POLICE DEPT,20170330468,Davidson,Not in City Limit,4/14/2017 12:09:00 PM,2,0,0,36.260270,-86.712900,GALLATIN PKES,,,,37.00,Feet,South,HICKORY ST,,,,0.00,N,Not at Intersection, ,Non-Junction,None,,,         ,DuJuan,Kendrick,Clear,"Sideswipe, Opposite Direction",no,no,no,no,no,False
101614120,METROPOLITAN NASHVILLE POLICE DEPT,20170330295,Davidson,Nashville,4/14/2017 11:00:00 AM,2,0,0,36.179230,-86.735150,ORDWAY PL,,,,56.00,Feet,West,BUSHNELL ST,,,,0.00,N,Not at Intersection, ,Non-Junction,None,,,         ,Anthony,Rizo,Clear,Front to Rear,no,no,no,no,no,False
101614151,METROPOLITAN NASHVILLE POLICE DEPT,20170330370,Davidson,Nashville,4/14/2017 11:21:00 AM,2,1,0,36.086870,-86.730230,NOLENSVILLE PKE,,,,0.00,,,ELYSIAN FIELDS CT,,,,0.00,Y,Four-Way,N,Intersection,None,,,         ,Darrell,Osment,Clear,Angle,no,no,no,no,no,False
101614160,METROPOLITAN NASHVILLE POLICE DEPT,20170330558,Davidson,Nashville,4/14/2017 12:39:00 PM,2,1,0,36.200390,-86.620870,OLD HICKORY BLVD,,,,61.00,Feet,South,PLANTATION DR,,,,0.00,N,Not at Intersection,N,Non-Junction,None,,,         ,Wesley,Young,Clear,Front to Rear,no,no,no,no,no,False
101614161,METROPOLITAN NASHVILLE POLICE DEPT,20170330643,Davidson,Not in City Limit,4/14/2017 12:52:00 PM,2,0,0,36.264210,-86.735190,OLD HICKORY BLVDW,,,,0.00,,,BOYDS HILLTOP DR,,,,0.00,Y,OTHER, ,,None,,,         ,Spencer,Pittman,,,no,no,no,no,no,False
101614238,METROPOLITAN NASHVILLE POLICE DEPT,20170330143,Davidson,Nashville,4/14/2017 10:00:00 AM,1,0,0,36.204350,-86.738090,ZOPHI ST,,,,0.00,,,GALLATIN PKE,,,,0.00,Y,OTHER, ,"Driveway, Alley Access, etc",None,,,         ,Alex,Moore,Clear,Not Collision with Motor Vehicle in Transport,no,no,no,no,yes,False
101614242,METROPOLITAN NASHVILLE POLICE DEPT,20170330731,Davidson,Nashville,4/14/2017 1:35:00 PM,2,0,0,36.142390,-86.815740,WEST END AV,,,,101.00,Feet,South,31ST AVN,,,,0.00,N,Not at Intersection, ,,None,,,         ,Ian,Hammond,,,no,no,no,no,no,Campus
101614258,METROPOLITAN NASHVILLE POLICE DEPT,20170330597,Davidson,Nashville,4/14/2017 12:01:00 PM,2,1,0,36.041520,-86.776160,BRENTWOOD COMMONS WAY,,,,139.00,Feet,North,BRENTWOOD TRC,,,,0.00,N,Not at Intersection,N,Non-Junction,None,,,         ,Kevin,Crawford,Clear,Other,no,no,no,no,no,False
101614294,METROPOLITAN NASHVILLE POLICE DEPT,20170330422,Davidson,Nashville,4/14/2017 11:30:00 AM,2,0,0,36.163680,-86.778980,CHURCH ST,,,,0.00,,,4TH AVN,,,,0.00,Y,OTHER,N,OtherLocation,None,,,         ,Frank,Campbell,Clear,Other,no,no,no,no,no,False
101614311,METROPOLITAN NASHVILLE POLICE DEPT,20170330317,Davidson,Nashville,4/14/2017 12:00:00 AM,1,0,0,36.080590,-86.901850,CRESTMEADE,,,,89.00,Feet,South,HILLMEADE DR,,,,0.00,N,Not at Intersection,N,Non-Junction,None,,,         ,William,Miller,Clear,Not Collision with Motor Vehicle in Transport,no,no,no,yes,yes,False
101614316,METROPOLITAN NASHVILLE POLICE DEPT,20170330459,Davidson,Nashville,4/14/2017 12:00:00 PM,2,3,0,36.166610,-86.820440,28TH AVN,,,,0.00,,,MEHARRY BLVD,,,,0.00,Y,Four-Way,N,Intersection,None,,,         ,Garren,Hoskins,Clear,HeadOn,no,no,no,no,no,False
101614331,METROPOLITAN NASHVILLE POLICE DEPT,20170330366,Davidson,Nashville,4/14/2017 11:15:00 AM,2,0,0,36.192320,-86.616300,OLD HICKORY BLVD,,,,0.00,,,JUAREZ DR,,,,0.00,Y,Four-Way, ,Intersection,None,,,         ,William,Walls,Clear,Front to Rear,no,no,no,no,no,False
101614346,METROPOLITAN NASHVILLE POLICE DEPT,20170330800,Davidson,Nashville,4/14/2017 2:05:00 PM,1,1,0,36.144190,-86.696880,I40 E EXT RAMP,,,,68.00,Feet,East,BRILEY PKWYN,,,,0.00,N,Not at Intersection,N,Entrance/Exit Ramp Related,None,,,         ,James,Curtis,Clear,Not Collision with Motor Vehicle in Transport,no,no,no,no,no,False
101614349,METROPOLITAN NASHVILLE POLICE DEPT,20170330500,Davidson,Nashville,4/14/2017 12:10:00 PM,3,0,0,36.137240,-86.699570,GLASTONBURY RD,,,,0.00,Feet,West,BRILEY PKWYN,,,,0.00,N,Not at Intersection, ,Non-Junction,None,,,         ,Torrance,Bennett,Clear,"Sideswipe, Same Direction",no,no,no,no,no,False
101614351,METROPOLITAN NASHVILLE POLICE DEPT,20170330686,Davidson,Nashville,4/14/2017 12:01:00 PM,2,0,0,36.218800,-86.834170,KINGS LN,,,,20.00,Feet,East,HAYNES PARK DR,,,,0.00,N,Not at Intersection,N,Non-Junction,None,,,         ,Michael,McCord,Clear,Front to Rear,no,no,no,no,yes,False
101614444,METROPOLITAN NASHVILLE POLICE DEPT,20170330868,Davidson,Nashville,4/14/2017 2:35:00 PM,2,0,0,36.133230,-86.801310,PORTLAND AV,,,,0.00,,,MAGNOLIA BLVD,,,,0.00,Y,Four-Way, ,Intersection-Related,None,,,         ,Tien,Nguyen,Clear,Angle,no,no,no,no,no,False
101614463,METROPOLITAN NASHVILLE POLICE DEPT,20170330438,Davidson,Nashville,4/14/2017 11:54:00 AM,2,0,0,36.157480,-86.635890,STEWARTS FERRY PKE,,,,0.00,,,MCCRORY CREEK RD,,,,0.00,Y,T-Intersection,N,Intersection,None,,,         ,Cody,O'Quinn,Clear,Angle,no,no,no,no,no,False
101614469,METROPOLITAN NASHVILLE POLICE DEPT,20170330847,Davidson,Nashville,4/14/2017 2:35:00 PM,2,0,0,36.132920,-86.721090,PAVILION BLVD,,,,73.00,Feet,South,MURFREESBORO PKE,,,,0.00,N,Not at Intersection, ,Non-Junction,None,,,         ,Wesley,Young,Clear,Angle,no,no,no,no,no,False
101614473,METROPOLITAN NASHVILLE POLICE DEPT,20170330980,Davidson,Nashville,4/14/2017 2:57:00 PM,2,2,0,36.151580,-86.786550,I 40,,,,0.00,,,,,,,209.50,N,Not at Intersection,N,Non-Junction,None,,,         ,Tien,Nguyen,Clear,Front to Rear,no,no,no,no,no,False
101614474,METROPOLITAN NASHVILLE POLICE DEPT,20170329722,Davidson,Not in City Limit,4/14/2017 7:20:00 AM,2,0,0,36.272960,-86.689500,MYATT DR,,,,308.00,Feet,North,ANDERSON LN,,,,0.00,N,Not at Intersection, ,Non-Junction,None,,,         ,Terrence,Bradley,Clear,Angle,no,no,no,no,no,False
101614496,METROPOLITAN NASHVILLE POLICE DEPT,20170330940,Davidson,Nashville,4/14/2017 3:13:00 PM,2,1,0,36.226970,-86.835890,CLARKSVILLE PKE,,,,61.00,Feet,South,BRILEY PKWY E ENT RAMP,,,,0.00,N,Not at Intersection,N,Non-Junction,None,,,         ,Kyle,Berkheiser,Clear,Front to Rear,no,no,no,no,no,False
101614514,METROPOLITAN NASHVILLE POLICE DEPT,20170330891,Davidson,Nashville,4/14/2017 2:47:00 PM,2,0,0,36.138220,-86.723650,SPENCE LN,,,,351.00,Feet,South,CORNELIA ST,,,,0.00,N,Not at Intersection,N,Non-Junction,None,,,         ,Cody,O'Quinn,Clear,Front to Rear,no,no,no,no,no,False
101614515,METROPOLITAN NASHVILLE POLICE DEPT,20170330893,Davidson,Nashville,4/14/2017 2:55:00 PM,2,1,0,36.073760,-86.920700,OLD HICKORY BLVD,,,,6.00,Feet,South,BELLEVUE VALLEY PLAZA PVTDR,,,,0.00,N,Not at Intersection,N,Non-Junction,None,,,         ,Brandon,Pedigo,Clear,Front to Rear,no,no,no,no,no,False
101614567,METROPOLITAN NASHVILLE POLICE DEPT,20170330920,Davidson,Nashville,4/14/2017 2:35:00 PM,2,0,0,36.165790,-86.777650,2ND AVN,,,,86.00,Feet,South,UNION ST,,,,0.00,N,Not at Intersection, ,Non-Junction,None,,,         ,David,Snowden,Clear,"Sideswipe, Same Direction",no,no,no,no,no,False
101614582,METROPOLITAN NASHVILLE POLICE DEPT,20170330890,Davidson,Nashville,4/14/2017 2:25:00 PM,2,0,0,36.220170,-86.774830,I 65,,,,0.00,,,,,,,88.30,N,Not at Intersection, ,Non-Junction,None,,,         ,Brandon,Rardin,Clear,"Sideswipe, Same Direction",no,no,no,no,no,False
101614592,METROPOLITAN NASHVILLE POLICE DEPT,20170331005,Davidson,Nashville,4/14/2017 3:25:00 PM,2,0,0,36.168830,-86.811440,JEFFERSON ST,,,,549.00,Feet,West,21ST AVN,,,,0.00,N,Not at Intersection, ,Non-Junction,None,,,         ,Landon,Bagwell,Clear,Rear to Side,no,no,no,yes,no,False
101614681,METROPOLITAN NASHVILLE POLICE DEPT,20170331056,Davidson,Nashville,4/14/2017 3:44:00 PM,2,0,0,36.076920,-86.725950,EDMONDSON PKE,,,,131.00,Feet,West,WALLACE RD,,,,0.00,N,Not at Intersection,N,Non-Junction,None,,,         ,Tien,Nguyen,Clear,Angle,no,no,no,no,no,False
101614683,METROPOLITAN NASHVILLE POLICE DEPT,20170331063,Davidson,Nashville,4/14/2017 3:45:00 PM,2,0,0,36.175770,-86.750130,S 11TH ST,,,,30.00,Feet,North,RUSSELL ST,,,,0.00,N,Not at Intersection, ,,None,,,         ,Micah,Wright,,,no,no,no,no,no,False
101614710,METROPOLITAN NASHVILLE POLICE DEPT,20170330955,Davidson,Nashville,4/14/2017 3:23:00 PM,2,0,0,36.044720,-86.658240,I 24,,,,0.00,,,,,,,59.50,N,Not at Intersection, ,Non-Junction,None,,,         ,Alyson,Cook,Clear,Front to Rear,no,no,no,no,no,False
101614726,GOODLETTSVILLE POLICE DEPT,17-13365,Davidson,Goodlettsville,4/14/2017 4:15:00 PM,2,0,0,36.296190,-86.715440,I 65,,,,0.00,,,,,,,94.80,N,Not at Intersection,N,Non-Junction,None,,,         ,Brian,Hajdu,Cloudy,Front to Rear,no,no,no,no,no,False
101614727,GOODLETTSVILLE POLICE DEPT,17-13360,Davidson,Goodlettsville,4/14/2017 4:25:00 PM,2,0,0,36.296080,-86.715580,I 65,,,,0.00,,,,,,,94.80,N,Not at Intersection, ,Entrance/Exit Ramp Related,None,,,         ,James,Wells,Clear,Front to Rear,no,no,no,no,no,False
101614738,METROPOLITAN NASHVILLE POLICE DEPT,20170331014,Davidson,Nashville,4/14/2017 3:45:00 PM,2,0,0,36.163310,-86.761780,I 24,,,,0.00,,,,,,,49.25,N,Not at Intersection, ,Non-Junction,None,,,         ,David,Snowden,Clear,Angle,no,no,no,no,no,False
101614740,METROPOLITAN NASHVILLE POLICE DEPT,20170331218,Davidson,Nashville,4/14/2017 4:20:00 PM,2,0,0,36.117720,-86.800580,I 440,,,,0.00,,,,,,,3.20,N,Not at Intersection, ,Non-Junction,None,,,         ,Tien,Nguyen,Clear,Front to Rear,no,no,no,no,no,False
101614767,METROPOLITAN NASHVILLE POLICE DEPT,20170331111,Davidson,Nashville,4/14/2017 4:02:00 PM,2,0,0,36.126870,-86.710260,THOMPSON PL,,,,253.00,Feet,East,MURFREESBORO PKE,,,,0.00,N,Not at Intersection, ,Non-Junction,None,,,         ,Kimberly,Annson,Clear,"Sideswipe, Opposite Direction",no,no,no,no,no,False
101614771,METROPOLITAN NASHVILLE POLICE DEPT,20170331214,Davidson,Nashville,4/14/2017 5:07:00 PM,2,0,0,36.164860,-86.767910,S 2ND ST,,,,0.00,,,SHELBY AV,,,,0.00,Y,Four-Way,Y,Intersection,None,,,         ,Wesley,Feinstein,Clear,Front to Rear,no,no,no,no,no,False
101614775,METROPOLITAN NASHVILLE POLICE DEPT,20170331007,Davidson,Nashville,4/14/2017 3:44:00 PM,2,0,0,36.086410,-86.691430,ANTIOCH PKE,,,,379.00,Feet,North,PERIMETER HILL DR,,,,0.00,N,Not at Intersection, ,Non-Junction,None,,,         ,William,McDaniel,Clear,Angle,no,no,no,no,no,False
101614796,METROPOLITAN NASHVILLE POLICE DEPT,20170331149,Davidson,Nashville,4/14/2017 3:50:00 PM,3,0,0,36.172060,-86.801340,I 40,,,,0.00,,,,,,,207.80,N,Not at Intersection,N,Non-Junction,None,,,         ,Landon,Bagwell,Clear,Front to Rear,no,no,no,no,no,False
101614797,METROPOLITAN NASHVILLE POLICE DEPT,20170331104,Davidson,Nashville,4/14/2017 4:22:00 PM,2,0,0,36.046440,-86.661200,I 24,,,,0.00,,,,,,,59.25,N,Not at Intersection, ,Non-Junction,None,,,         ,Alyson,Cook,Clear,"Sideswipe, Same Direction",no,no,no,no,no,False
101614803,METROPOLITAN NASHVILLE POLICE DEPT,20170330849,Davidson,Nashville,4/14/2017 2:57:00 PM,2,0,0,36.068270,-86.712160,HAYWOOD LN,,,,44.00,Feet,West,HOLLIS HILL DR,,,,0.00,N,Not at Intersection,N,Non-Junction,None,,,         ,Jessie,Meadows,Clear,Front to Rear,no,no,no,no,yes,False
101614804,METROPOLITAN NASHVILLE POLICE DEPT,20170330953,Davidson,Nashville,4/14/2017 2:59:00 PM,2,2,0,36.067990,-86.696390,KEELEY DR,,,,51.00,Feet,South,CREEKSIDE DR,,,,0.00,N,Not at Intersection,N,Non-Junction,None,,,         ,Jessie,Meadows,Clear,Angle,no,no,no,no,no,False
101614805,METROPOLITAN NASHVILLE POLICE DEPT,20170331100,Davidson,Nashville,4/14/2017 5:29:00 PM,2,0,0,36.091740,-86.704430,I 24,,,,0.00,,,,,,,55.25,N,Not at Intersection, ,Non-Junction,None,,,         ,Jessie,Meadows,Clear,"Sideswipe, Same Direction",no,no,no,no,no,False
101614833,METROPOLITAN NASHVILLE POLICE DEPT,2017-0331150,Davidson,Nashville,4/14/2017 3:59:00 PM,2,0,0,36.117410,-86.840660,WOODMONT BLVD,,,,335.00,Feet,East,WASHINGTON PK,,,,0.00,N,Not at Intersection,N,Non-Junction,None,,,         ,Michael,Rogers,Clear,"Sideswipe, Opposite Direction",no,no,no,no,no,False
101614834,METROPOLITAN NASHVILLE POLICE DEPT,20170331168,Davidson,Not in City Limit,4/14/2017 4:25:00 PM,3,1,0,35.991250,-86.665720,BURKITT RD,,,,122.00,Feet,East,WESTCOTT LN,,,,0.00,N,Not at Intersection,N,Non-Junction,None,,,         ,Alyson,Cook,Clear,Front to Rear,no,no,no,no,no,False
101614837,METROPOLITAN NASHVILLE POLICE DEPT,20170331305,Davidson,Nashville,4/14/2017 5:47:00 PM,2,1,0,36.154630,-86.779160,LAFAYETTE ST,,,,0.00,Feet,,8TH AVS,,,,0.00,Y,Roundabout,Y,Intersection,None,,,         ,Tyler,Manivong,Clear,"Sideswipe, Same Direction",no,no,no,no,no,False
101614850,METROPOLITAN NASHVILLE POLICE DEPT,20170331310,Davidson,Nashville,4/14/2017 5:00:00 PM,2,0,0,36.181860,-86.607420,OLD HICKORY BLVD,,,,218.00,Feet,East,FRIST BLVD,,,,0.00,N,Not at Intersection,N,OtherLocation,None,,,         ,Christopher,Mackey,Clear,Other,no,no,no,no,no,False
101614855,GOODLETTSVILLE POLICE DEPT,17-13373,Davidson,Goodlettsville,4/14/2017 6:14:00 PM,2,0,0,36.324500,-86.701320,CONFERENCE DR,,,,257.00,Feet,South,LONG HOLLOW PKE,,,,0.00,N,Not at Intersection, ,Non-Junction,None,,,         ,Wesley,Kinnaird,Clear,Angle,no,no,no,no,no,False
101614868,METROPOLITAN NASHVILLE POLICE DEPT,20170331416,Davidson,Nashville,4/14/2017 6:28:00 PM,1,1,0,36.199920,-86.738560,DELMAS AV,,,,556.00,Feet,North,BRONTE AV,,,,0.00,N,Not at Intersection,N,Non-Junction,None,,,         ,Steven,Frazier Jr.,Clear,Not Collision with Motor Vehicle in Transport,no,yes,no,no,no,False
101614879,METROPOLITAN NASHVILLE POLICE DEPT,20170331272,Davidson,Nashville,4/14/2017 5:34:00 PM,2,0,0,36.131190,-86.750090,HUTTON DR,,,,0.00,,,POLK AV,,,,0.00,Y,T-Intersection,N,Non-Junction,None,,,         ,Alyson,Cook,Clear,Angle,no,no,no,no,no,False
101614880,METROPOLITAN NASHVILLE POLICE DEPT,20170331330,Davidson,Nashville,4/14/2017 5:50:00 PM,2,0,0,36.048920,-86.665440,I 24,,,,0.00,,,,,,,59.00,N,Not at Intersection,N,Non-Junction,None,,,         ,Jeffrey,Livingston,Clear,Front to Rear,no,no,no,no,no,False
101614901,GOODLETTSVILLE POLICE DEPT,17-13376,Davidson,Goodlettsville,4/14/2017 6:25:00 PM,2,0,0,36.305530,-86.703450,MEADOW LARK LN,,,,131.00,Feet,West,RIVERGATE PKWY,,,,0.00,N,Not at Intersection, ,Non-Junction,None,,,         ,Benny,Alexander,Clear,Angle,no,no,no,no,no,False
101614904,METROPOLITAN NASHVILLE POLICE DEPT,20170330867,Davidson,Nashville,4/14/2017 2:00:00 PM,2,1,0,36.187560,-86.812260,18TH AVN,,,,0.00,,North,MCKINNEY AV,,,,0.00,N,Not at Intersection,Y,Non-Junction,None,,,         ,Frederick,Ware,Clear,Angle,no,no,no,no,no,False
101614923,METROPOLITAN NASHVILLE POLICE DEPT,20170331587,Davidson,Nashville,4/14/2017 7:00:00 PM,2,0,0,36.084200,-86.699030,I 24,,,,0.00,,,,,,,55.85,N,Not at Intersection, ,Non-Junction,None,,,         ,William,Durham,Clear,"Sideswipe, Same Direction",no,no,no,no,no,False
101614935,METROPOLITAN NASHVILLE POLICE DEPT,20170331645,Davidson,Nashville,4/14/2017 7:32:00 PM,1,1,0,36.152590,-86.787090,I 40,,,,0.00,,,,,,,209.40,N,Not at Intersection,N,Entrance/Exit Ramp Related,None,,,         ,Tyler,Manivong,Clear,Not Collision with Motor Vehicle in Transport,no,no,no,no,no,False
101614939,METROPOLITAN NASHVILLE POLICE DEPT,20170331347,Davidson,Nashville,4/14/2017 5:53:00 PM,2,0,0,36.044880,-86.663620,BELL RD,,,,619.00,Feet,West,CANE RIDGE RD,,,,0.00,N,Not at Intersection,N,Non-Junction,None,,,         ,Alyson,Cook,Clear,Angle,no,no,no,no,no,False
101614944,METROPOLITAN NASHVILLE POLICE DEPT,20170331713,Davidson,Nashville,4/14/2017 7:50:00 PM,2,1,0,36.074480,-86.920940,OLD HICKORY BLVD,,,,0.00,,,HIGHWAY 70S,,,,0.00,Y,OTHER,Y,Intersection-Related,None,,,         ,Benjamin,Spees,Clear,Front to Rear,no,no,no,no,no,False
101614947,METROPOLITAN NASHVILLE POLICE DEPT,20170331518,Davidson,Nashville,4/14/2017 6:18:00 PM,2,0,0,36.052060,-86.645060,BELL RD,,,,69.00,Feet,South,EAGLE VIEW BLVD,,,,0.00,N,Not at Intersection,N,Non-Junction,None,,,         ,Alyson,Cook,Clear,"Sideswipe, Same Direction",no,no,no,yes,no,False
101614948,METROPOLITAN NASHVILLE POLICE DEPT,20170331570,Davidson,Nashville,4/14/2017 7:10:00 PM,1,0,0,36.224050,-86.806060,KNIGHT DR,,,,0.00,,,,,,,0.00,,,N,Non-Junction,None,,,         ,Brandon,Rardin,Clear,Not Collision with Motor Vehicle in Transport,no,no,no,no,yes,False
101614963,METROPOLITAN NASHVILLE POLICE DEPT,2017-0331551,Davidson,Nashville,4/14/2017 7:06:00 PM,3,1,0,36.133010,-86.892440,CHARLOTTE PKE,,,,700.00,Feet,West,OLD CHARLOTTE PKE,,,,0.00,N,Not at Intersection,N,Non-Junction,None,,,         ,Michael,Rogers,Clear,Angle,no,no,no,no,no,False
101614965,METROPOLITAN NASHVILLE POLICE DEPT,2017-0331245,Davidson,Nashville,4/14/2017 5:18:00 PM,2,0,0,36.153680,-86.787620,I40 W EXT RAMP,,,,0.00,,,I 40,,,,0.00,Y,Four-Way, ,,None,,,         ,Cory,West,,,no,no,no,no,no,False