master_record_number,agency,agency_tracking_number,county,city,collision_date,vehicles_involved,number_injured,number_dead,latitude,longitude,roadway_name,roadway_suffix,roadway_number,roadway_local_id,distance_from_reference,miles-feet_indicator,direction_from_reference,intersection_road_name,intersection_road_name_suffix,intersection_road_number,intersection_local_id,mile_marker,intersection_indicator,intersect_type,interchange_related_indicator,relation_to_junction,work_zone_type,construction_maintenance_zone,construction_maintenance_zone_location,fatal_case_number,officer_first_name,officer_last_name,weather_condition(s),manner_of_crash,pedestrian,bicycle,scooter,parking,hitrun,mou
101617430,THP District 9 - Administrative,317022480,Davidson,Nashville,4/17/2017 7:02:00 AM,2,0,0,36.169870,-86.673640,LEBANON PKE,,,,0.00,,,SHADY GROVE RD,,,,0.00,Y,T-Intersection, ,Non-Junction,None,,,         ,James,Gatlin,Cloudy,"Sideswipe, Same Direction",no,no,no,no,no,False
101617441,METROPOLITAN NASHVILLE POLICE DEPT,20170338574,Davidson,Not in City Limit,4/17/2017 8:15:00 AM,2,0,0,36.264070,-86.690290,STATE RT 45,,,,0.00,,,MYATT DR,,,,0.00,Y,Four-Way,N,Intersection,None,,,         ,Coleman,McKellar,Cloudy,Angle,no,no,no,no,no,False
101617445,METROPOLITAN NASHVILLE POLICE DEPT,2017-0338522,Davidson,Nashville,4/17/2017 7:54:00 AM,2,0,0,36.185900,-86.758970,ELLINGTON PKWYS,,,,404.00,Feet,North,CLEVELAND ST,,,,0.00,N,Not at Intersection,N,Non-Junction,None,,,         ,Doyle,Price,Fog,Front to Rear,no,no,no,no,no,False
101617458,METROPOLITAN NASHVILLE POLICE DEPT,20170338542,Davidson,Nashville,4/17/2017 7:40:00 AM,2,0,0,0.000000,0.000000,BRILEY,PKWY,SR155,,0.25,Miles,South,TWO RIVERS,PKWY,SR,,10.00,N,Not at Intersection, ,Non-Junction,None,,,         ,Seth,Vaughn,Cloudy,"Sideswipe, Same Direction",no,no,no,no,no,False
101617477,METROPOLITAN NASHVILLE POLICE DEPT,20170338898,Davidson,Nashville,4/17/2017 12:00:00 AM,2,1,0,36.160910,-86.793320,CHARLOTTE AV,,,,0.00,,,I40 E EXT RAMP,,,,0.00,Y,Four-Way,Y,Intersection-Related,None,,,         ,Julie,Nabors,Cloudy,Front to Rear,no,no,no,no,no,False
101617478,METROPOLITAN NASHVILLE POLICE DEPT,20170338828,Davidson,Nashville,4/17/2017 9:40:00 AM,1,0,0,36.178740,-86.773520,I 24,,,,0.00,,,,,,,47.80,N,Not at Intersection,Y,Entrance/Exit Ramp Related,None,,,         ,Randall,Smith,Cloudy,Not Collision with Motor Vehicle in Transport,no,no,no,no,no,False
101617490,METROPOLITAN NASHVILLE POLICE DEPT,20170338889,Davidson,Nashville,4/17/2017 7:28:00 AM,2,0,0,36.240630,-86.749720,BRILEY PKWYW,,,,0.00,,,I65 S EXT RAMP,,,,0.00,Y,OTHER,N,Non-Junction,None,,,         ,James,Wray,Clear,"Sideswipe, Same Direction",no,no,no,no,yes,False
101617492,METROPOLITAN NASHVILLE POLICE DEPT,20170338454,Davidson,Nashville,4/17/2017 7:20:00 AM,2,0,0,36.143380,-86.737230,I 40,,,,0.00,,,,,,,212.65,N,Not at Intersection, ,Non-Junction,None,,,         ,Richard,Hyatt,Cloudy,"Sideswipe, Same Direction",no,no,no,no,no,False
101617495,METROPOLITAN NASHVILLE POLICE DEPT,20170338551,Davidson,Nashville,4/17/2017 7:35:00 AM,2,0,0,36.198440,-86.620270,LEBANON PKE,,,,0.00,,,OLD HICKORY BLVD,,,,0.00,Y,Four-Way, ,Intersection,None,,,         ,Cassandra,Del Bosco,Clear,Front to Rear,no,no,no,no,no,False
101617496,GOODLETTSVILLE POLICE DEPT,17-13764,Davidson,Goodlettsville,4/17/2017 10:50:00 AM,2,0,0,36.309470,-86.695640,VIETNAM VETERANS BLVD SB EXT R,,,,0.00,,,CONFERENCE DR,,,,0.00,Y,OTHER, ,Entrance/Exit Ramp Related,None,,,         ,Jeremy,Baker,Cloudy,Front to Rear,no,no,no,no,no,False
101617524,METROPOLITAN NASHVILLE POLICE DEPT,20170339060,Davidson,Nashville,4/17/2017 11:33:00 AM,2,0,0,36.229710,-86.732500,BROADMOOR DR,,,,0.00,,,SAUNDERS AV,,,,0.00,Y,Four-Way, ,Intersection,None,,,         ,Randall,Smith,Cloudy,Angle,no,no,no,no,no,False
101617525,METROPOLITAN NASHVILLE POLICE DEPT,20170338995,Davidson,Nashville,4/17/2017 10:54:00 AM,2,0,0,36.172490,-86.727050,HUNTLEIGH DR,,,,129.00,Feet,West,RIVERSIDE DR,,,,0.00,N,Not at Intersection, ,Non-Junction,None,,,         ,Anthony,Rizo,Clear,Front to Rear,no,no,no,no,no,False
101617529,METROPOLITAN NASHVILLE POLICE DEPT,20170339015,Davidson,Nashville,4/17/2017 10:50:00 AM,2,0,0,36.168680,-86.821050,ED TEMPLE BLVD,,,,0.00,Feet,East,SCOVEL ST,,,,0.00,N,Not at Intersection,N,Non-Junction,None,,,         ,Joshua,Baker,Cloudy,"Sideswipe, Same Direction",no,no,no,no,yes,False
101617536,METROPOLITAN NASHVILLE POLICE DEPT,2017-0339066,Davidson,Nashville,4/17/2017 11:30:00 AM,1,0,0,36.074650,-86.734570,OVERCREST DR,,,,20.00,Feet,North,MILNER DR,,,,0.00,N,Not at Intersection, ,Non-Junction,None,,,         ,Sean,Williams,Unknown,Not Collision with Motor Vehicle in Transport,no,no,no,yes,yes,False
101617537,GOODLETTSVILLE POLICE DEPT,17-13767,Davidson,Goodlettsville,4/17/2017 11:45:00 AM,2,0,0,36.300810,-86.710830,I 65,,,,0.00,,,,,,,95.20,N,Not at Intersection,N,Non-Junction,None,,,         ,George,Forbes,Cloudy,Front to Rear,no,no,no,no,yes,False
101617543,METROPOLITAN NASHVILLE POLICE DEPT,2017-0338883,Davidson,Antioch,4/17/2017 9:23:00 AM,2,0,0,36.016506,-86.619922,OLD HICKORY BLVD,BLVD,SR171,,145.00,Feet,South,FIRESTONE PKWY,PKWY,,,0.00,N,Not at Intersection,N,"Driveway, Alley Access, etc",None,,,         ,William,Whitworth,Cloudy,"Sideswipe, Opposite Direction",no,no,no,no,no,False
101617581,METROPOLITAN NASHVILLE POLICE DEPT,20170339287,Davidson,Nashville,4/17/2017 12:25:00 PM,2,0,0,36.037340,-86.786580,FRANKLIN PKE,,,,23.00,Feet,South,OLD HICKORY BLVD,,,,0.00,N,Not at Intersection, ,Non-Junction,None,,,         ,Gary,Peters,Cloudy,Angle,no,no,no,no,no,False
101617591,METROPOLITAN NASHVILLE POLICE DEPT,2017338814,Davidson,Nashville,4/17/2017 9:39:00 AM,1,0,0,36.044760,-86.781100,FRANKLIN PKE,,,,0.00,,,LAKEMONT DR,,,,0.00,Y,T-Intersection,N,Intersection,None,,,         ,Erik,Wagner,Cloudy,Not Collision with Motor Vehicle in Transport,no,no,no,no,no,False
101617592,METROPOLITAN NASHVILLE POLICE DEPT,20170339297,Davidson,Nashville,4/17/2017 12:36:00 PM,2,0,0,36.160570,-86.776910,4TH AVS,,,,261.00,Feet,North,SYMPHONY PL,,,,0.00,N,Not at Intersection,N,Non-Junction,None,,,         ,Jacob,West,Clear,"Sideswipe, Same Direction",no,no,no,no,no,False
101617600,METROPOLITAN NASHVILLE POLICE DEPT,20170339263,Davidson,Goodlettsville,4/17/2017 12:24:00 PM,2,1,0,36.296910,-86.699160,GALLATIN PKEN,,,,0.00,Feet,,RIVERGATE PKWY,,,,0.00,Y,Four-Way,N,Intersection-Related,None,,,         ,Jack,Crouch,Clear,Front to Rear,no,no,no,no,no,False
101617602,METROPOLITAN NASHVILLE POLICE DEPT,20170339223,Davidson,Nashville,4/17/2017 12:08:00 PM,2,1,0,36.170870,-86.679200,MCGAVOCK PKE,,,,278.00,Feet,South,PARK DR,,,,0.00,N,Not at Intersection,N,OtherLocation,None,,,         ,James,Curtis,Cloudy,Front to Rear,no,no,no,yes,no,False
101617604,THP District 3 - Nashville,317021677,Davidson,Nashville,4/14/2017 11:55:00 AM,2,0,0,36.250370,-86.718730,GALLATIN PKES,,,,170.00,Feet,South,MOVING CENTER CT,,,,0.00,N,Not at Intersection, ,"Driveway, Alley Access, etc",None,,,         ,William,Matsunaga,Clear,Rear to Side,no,no,no,yes,no,False
101617621,METROPOLITAN NASHVILLE POLICE DEPT,20170339393,Davidson,Nashville,4/17/2017 1:10:00 PM,2,0,0,36.134890,-86.759560,WALSH RD,,,,0.00,,,NOLENSVILLE PKE,,,,0.00,Y,T-Intersection, ,Intersection,None,,,         ,Abbey,Sawl,Clear,"Sideswipe, Same Direction",no,no,no,no,no,False
101617624,METROPOLITAN NASHVILLE POLICE DEPT,2017338933,Davidson,Nashville,4/17/2017 9:40:00 AM,1,0,0,36.088060,-86.771800,FRANKLIN PKE,,,,0.00,,,S CURTISWOOD LN,,,,0.00,Y,T-Intersection,N,Intersection,None,,,         ,Erik,Wagner,Cloudy,Not Collision with Motor Vehicle in Transport,no,no,no,no,no,False
101617627,METROPOLITAN NASHVILLE POLICE DEPT,20170339424,Davidson,Nashville,4/17/2017 1:45:00 PM,2,1,0,36.111850,-86.742900,FOSTER AV,,,,387.00,Feet,North,THOMPSON LN,,,,0.00,N,Not at Intersection,N,Non-Junction,None,,,         ,Jessie,Meadows,Clear,Front to Rear,no,no,no,no,no,False
101617634,METROPOLITAN NASHVILLE POLICE DEPT,20170338987,Davidson,Nashville,4/17/2017 10:43:00 AM,2,0,0,36.211640,-86.765210,DICKERSON PKE,,,,59.00,Feet,North,DONALD ST,,,,0.00,N,Not at Intersection, ,Non-Junction,None,,,         ,Steven,Spillers,Clear,Angle,no,no,no,no,no,False
101617654,METROPOLITAN NASHVILLE POLICE DEPT,2017-0339231,Davidson,Nashville,4/15/2017 2:00:00 PM,1,0,0,36.054560,-86.640980,HICKORY CLUB DR,,,,226.00,Feet,South,ZELIDA AV,,,,0.00,N,Not at Intersection,N,OtherLocation,None,,,         ,William,Whitworth,Clear,Not Collision with Motor Vehicle in Transport,no,no,no,yes,yes,False
101617656,METROPOLITAN NASHVILLE POLICE DEPT,20170339490,Davidson,Nashville,4/17/2017 1:50:00 PM,2,0,0,36.080770,-86.758400,TROUSDALE DR,,,,120.00,Feet,South,HARDING PL,,,,0.00,N,Not at Intersection, ,,None,,,         ,Ian,Hammond,,,no,no,no,no,no,False
101617676,METROPOLITAN NASHVILLE POLICE DEPT,20170339417,Davidson,Nashville,4/17/2017 1:19:00 PM,2,1,0,36.172890,-86.584690,CENTRAL PKE,,,,62.00,Feet,East,S NEW HOPE RD,,,,0.00,N,Not at Intersection,N,Non-Junction,None,,,         ,Steven,Rowlett,Cloudy,"Sideswipe, Same Direction",no,no,no,no,no,False
101617697,THP District 3 - Nashville,317021734,Davidson,Nashville,4/14/2017 1:20:00 PM,2,0,0,36.229790,-86.725070,GALLATIN PKE,,,,55.00,Feet,South,RICHMOND DR,,,,0.00,N,Not at Intersection,N,Non-Junction,None,,,         ,Kevin,Smith,Clear,Front to Rear,no,no,no,no,no,False
101617698,THP District 3 - Nashville,317021735,Davidson,Nashville,4/14/2017 1:10:00 PM,1,0,0,36.250220,-86.718830,GALLATIN PKES,,,,231.00,Feet,South,MOVING CENTER CT,,,,0.00,N,Not at Intersection, ,Non-Junction,None,,,         ,Kevin,Smith,Clear,Not Collision with Motor Vehicle in Transport,no,no,no,no,no,False
101617732,METROPOLITAN NASHVILLE POLICE DEPT,20170339572,Davidson,Nashville,4/17/2017 2:22:00 PM,1,1,0,36.218530,-86.755350,JONES AV,,,,301.00,Feet,North,JONES PARK CT,,,,0.00,N,Not at Intersection,N,Non-Junction,None,,,         ,Christopher,Valdez,Clear,Not Collision with Motor Vehicle in Transport,no,no,no,no,no,False
101617753,METROPOLITAN NASHVILLE POLICE DEPT,20170339666,Davidson,Nashville,4/17/2017 12:00:00 AM,2,0,0,36.162270,-86.813700,HERMAN ST,,,,259.00,Feet,East,25TH AVN,,,,0.00,N,Not at Intersection,N,Non-Junction,None,,,         ,Melvin,Taylor,Cloudy,"Sideswipe, Same Direction",no,no,no,no,yes,False
101617759,METROPOLITAN NASHVILLE POLICE DEPT,20170339564,Davidson,Nashville,4/17/2017 2:38:00 PM,2,0,0,36.065020,-86.692240,HORIZON PARK APTS PVTDR,,,,0.00,Feet,East,PACKARD DR,,,,0.00,N,Not at Intersection,N,OtherLocation,None,,,         ,Jessie,Meadows,Clear,"Sideswipe, Opposite Direction",no,no,no,yes,yes,False
101617764,METROPOLITAN NASHVILLE POLICE DEPT,20170339627,Davidson,Nashville,4/17/2017 2:53:00 PM,2,0,0,36.113820,-86.809210,WOODMONT BLVD,,,,0.00,,,GOLF CLUB LN,,,,0.00,Y,Four-Way,N,Intersection-Related,None,,,         ,Tien,Nguyen,Cloudy,Front to Rear,no,no,no,no,no,False
101617789,METROPOLITAN NASHVILLE POLICE DEPT,20170339432,Davidson,Nashville,4/17/2017 1:20:00 PM,2,2,0,36.156010,-86.788850,BROADWAY,,,,0.00,,,I40 W ENT RAMP,,,,0.00,Y,Four-Way,N,Intersection,None,,,         ,William,Gibbs,Cloudy,Angle,no,no,no,no,no,False
101617791,METROPOLITAN NASHVILLE POLICE DEPT,20170339575,Davidson,Nashville,4/17/2017 2:25:00 PM,2,1,0,36.239420,-86.741300,BRILEY PKWYW,,,,107.00,Feet,West,I65 N ENT RAMP,,,,0.00,N,Not at Intersection,N,Non-Junction,None,,,         ,Arthur,Hipp,Cloudy,Angle,no,no,no,no,no,False
101617803,METROPOLITAN NASHVILLE POLICE DEPT,20170339751,Davidson,Nashville,4/17/2017 4:02:00 PM,3,0,0,36.064850,-86.622500,HAMILTON CHURCH RD,,,,116.00,Feet,West,OWENDALE DR,,,,0.00,N,Not at Intersection, ,Non-Junction,None,,,         ,Jessie,Meadows,Clear,Front to Rear,no,no,no,no,no,False
101617832,METROPOLITAN NASHVILLE POLICE DEPT,2017-0339765,Davidson,Nashville,4/17/2017 3:40:00 PM,2,2,0,36.151430,-86.852680,CHARLOTTE AV,,,,180.00,Feet,West,MORROW RD,,,,0.00,N,Not at Intersection,N,Non-Junction,None,,,         ,Ryan,Allen,Cloudy,HeadOn,no,no,no,no,no,False
101617835,METROPOLITAN NASHVILLE POLICE DEPT,2017-339479,Davidson,Nashville,4/17/2017 1:50:00 PM,2,0,0,36.158940,-86.792440,14TH AVN,,,,0.00,,,I40 E EXT RAMP,,,,0.00,Y,Y-Intersection, ,Non-Junction,None,,,         ,Sean,Pulizzano,Clear,"Sideswipe, Same Direction",no,no,no,no,no,False
101617854,METROPOLITAN NASHVILLE POLICE DEPT,20170339918,Davidson,Nashville,4/17/2017 4:32:00 PM,2,0,0,36.131880,-86.795500,BERNARD AV,,,,0.00,,,BELMONT BLVD,,,,0.00,Y,T-Intersection, ,Intersection-Related,None,,,         ,Tien,Nguyen,Rain,Front to Rear,no,no,no,no,no,False
101617857,METROPOLITAN NASHVILLE POLICE DEPT,20170339776,Davidson,Nashville,4/17/2017 3:05:00 PM,2,0,0,36.153420,-86.756810,I 40,,,,0.00,,,,,,,211.20,N,Not at Intersection,N,Non-Junction,None,,,         ,John,Daugherty,Rain,Front to Rear,no,no,no,no,yes,False
101617867,METROPOLITAN NASHVILLE POLICE DEPT,20170339886,Davidson,Nashville,4/17/2017 4:21:00 PM,2,0,0,36.161490,-86.784630,9TH AVN,,,,78.00,Feet,North,CHURCH ST,,,,0.00,N,Not at Intersection, ,Non-Junction,None,,,         ,Tyler,Manivong,Rain,"Sideswipe, Same Direction",no,no,no,no,no,False
101617871,METROPOLITAN NASHVILLE POLICE DEPT,20170339700,Davidson,Nashville,4/17/2017 3:01:00 PM,2,0,0,36.045370,-86.713260,NOLENSVILLE PKE,,,,0.00,Feet,,OLD HICKORY BLVD,,,,0.00,Y,Four-Way, ,Intersection,None,,,         ,Alyson,Cook,Clear,Angle,no,no,no,no,no,False
101617884,METROPOLITAN NASHVILLE POLICE DEPT,20170339927,Davidson,Nashville,4/17/2017 4:34:00 PM,2,0,0,36.134600,-86.799810,MAGNOLIA BLVD,,,,0.00,,,20TH AVS,,,,0.00,Y,T-Intersection, ,Intersection-Related,None,,,         ,Tien,Nguyen,Rain,Front to Rear,no,no,no,no,no,False
101617885,METROPOLITAN NASHVILLE POLICE DEPT,20170339870,Davidson,Nashville,4/17/2017 3:19:00 PM,2,0,0,36.203880,-86.739010,E TRINITY LN,,,,0.00,,,,,,,0.00,,, ,Non-Junction,None,,,         ,Christopher,Valdez,Cloudy,Front to Rear,no,no,no,yes,yes,False
101617888,METROPOLITAN NASHVILLE POLICE DEPT,2017-0339937,Davidson,Nashville,4/17/2017 4:10:00 PM,2,0,0,36.101380,-86.818260,HILLSBORO PKE,,,,210.00,Feet,North,HOBBS RD,,,,0.00,N,Not at Intersection, ,Non-Junction,None,,,         ,Ryan,Allen,Rain,Angle,no,no,no,no,no,False
101617896,METROPOLITAN NASHVILLE POLICE DEPT,20170339878,Davidson,Nashville,4/17/2017 4:16:00 PM,2,0,0,36.204330,-86.870060,BRILEY PKWYN,,,,617.00,Feet,South,BRILEY PKWYS,,,,0.00,N,Not at Intersection, ,Non-Junction,None,,,         ,Victor,Alexander,Rain,Front to Rear,no,no,no,no,no,False
101617904,METROPOLITAN NASHVILLE POLICE DEPT,20170339995,Davidson,Nashville,4/17/2017 5:43:00 PM,2,0,0,36.148150,-86.762580,WHARF AV,,,,99.00,Feet,North,UNIVERSITY ST,,,,0.00,N,Not at Intersection, ,Non-Junction,None,,,         ,Jessie,Meadows,Rain,"Sideswipe, Same Direction",no,no,no,no,no,False
101617906,METROPOLITAN NASHVILLE POLICE DEPT,20170340087,Davidson,Nashville,4/17/2017 5:32:00 PM,2,0,0,36.111010,-86.753500,FOSTER CREIGHTON DR,,,,0.00,,,THOMPSON LN,,,,0.00,Y,T-Intersection, ,Non-Junction,None,,,         ,Ralph,Smith IV,Rain,Front to Rear,no,no,no,no,no,False
101617911,METROPOLITAN NASHVILLE POLICE DEPT,20170340038,Davidson,Nashville,4/17/2017 4:19:00 PM,2,0,0,36.171170,-86.870290,CENTENNIAL BLVD,,,,0.00,,,BRILEY PKWY S ENT RAMP,,,,0.00,Y,Four-Way, ,,None,,,         ,Barrett,Teague,,,no,no,no,no,no,False
101617917,METROPOLITAN NASHVILLE POLICE DEPT,20170340091,Davidson,Nashville,4/17/2017 5:24:00 PM,2,0,0,36.152200,-86.791370,DIVISION ST,,,,0.00,,,DEMONBREUN ST,,,,0.00,Y,Traffic Circle,N,Intersection-Related,None,,,         ,Tien,Nguyen,Rain,Front to Rear,no,no,no,no,no,False
101617924,METROPOLITAN NASHVILLE POLICE DEPT,20170340015,Davidson,Nashville,4/17/2017 4:30:00 PM,2,0,0,36.181720,-86.677820,WINDEMERE CIR,,,,0.00,,,WINDEMERE DR,,,,0.00,Y,Four-Way, ,Non-Junction,None,,,         ,Jefferson,Hughes,Rain,Front to Rear,no,no,no,no,no,False
101617930,METROPOLITAN NASHVILLE POLICE DEPT,20170340105,Davidson,Nashville,4/17/2017 5:31:00 PM,2,0,0,36.175170,-86.771580,I 24,,,,0.00,,,,,,,48.05,N,Not at Intersection, ,Non-Junction,None,,,         ,Jason,King,Rain,Front to Rear,no,no,no,no,no,False
101617935,METROPOLITAN NASHVILLE POLICE DEPT,20170340147,Davidson,Nashville,4/17/2017 5:35:00 PM,2,0,0,36.140620,-86.721440,I 40,,,,0.00,,,,,,,213.55,N,Not at Intersection, ,Non-Junction,None,,,         ,John,Kelley,Rain,"Sideswipe, Same Direction",no,no,no,no,no,False
101617937,METROPOLITAN NASHVILLE POLICE DEPT,20170340138,Davidson,Nashville,4/17/2017 5:30:00 PM,1,2,0,36.244200,-86.784950,I 24,,,,0.00,,,,,,,42.90,N,Not at Intersection,N,Non-Junction,None,,,         ,Kevin,Reynolds,Rain,Not Collision with Motor Vehicle in Transport,no,no,no,no,no,False
101617938,VANDERBILT UNIVERSITY POLICE,17-0339825,Davidson,Nashville,4/17/2017 3:25:00 PM,2,0,0,36.141240,-86.814470,31ST AVS,,,,0.00,,,VANDERBILT PL,,,,0.00,Y,Four-Way, ,Intersection,None,,,         ,William,West,Rain,Angle,no,no,no,no,no,Campus
101617942,METROPOLITAN NASHVILLE POLICE DEPT,20170340159,Davidson,Nashville,4/17/2017 6:11:00 PM,2,2,0,36.172510,-86.765150,S 5TH ST,,,,133.00,Feet,South,MAIN ST,,,,0.00,N,Not at Intersection,N,Non-Junction,None,,,         ,Christopher,Valdez,Rain,Angle,no,no,no,no,no,False
101617944,METROPOLITAN NASHVILLE POLICE DEPT,20170340160,Davidson,Nashville,4/17/2017 5:32:00 PM,2,0,0,36.229190,-86.594050,SAUNDERSVILLE RD,,,,170.00,Feet,East,GENERAL KERSHAW DR,,,,0.00,N,Not at Intersection,N,Non-Junction,None,,,         ,Dontaveous,Eubanks,Rain,Front to Rear,no,no,no,no,no,False
101617946,METROPOLITAN NASHVILLE POLICE DEPT,20170340113,Davidson,Nashville,4/17/2017 5:54:00 PM,1,0,0,36.180370,-86.869230,BRILEY PKWYS,,,,2463.00,Feet,North,BRILEY PKWYN,,,,0.00,N,Not at Intersection,N,Unknown,None,,,         ,Ethan,Usherwood,Rain,Unknown,no,no,no,no,yes,False
101617948,METROPOLITAN NASHVILLE POLICE DEPT,2017-0340165,Davidson,Nashville,4/17/2017 5:00:00 PM,2,0,0,36.143610,-86.822670,I 440,,,,0.00,,,,,,,1.00,N,Not at Intersection, ,Non-Junction,None,,,         ,Ryan,Allen,Rain,"Sideswipe, Same Direction",no,no,no,no,no,False
101617951,METROPOLITAN NASHVILLE POLICE DEPT,20170340125,Davidson,Nashville,4/17/2017 5:00:00 PM,2,0,0,36.037490,-86.785060,I65 S ENT RAMP,,,,0.00,,East,OLD HICKORY BLVD,,,,0.00,N,Not at Intersection, ,Non-Junction,None,,,         ,Katelin,Ehrhardt,Rain,Angle,no,no,no,no,no,False
101617955,METROPOLITAN NASHVILLE POLICE DEPT,20170340236,Davidson,Nashville,4/17/2017 6:25:00 PM,2,0,0,36.082490,-86.763490,HARDING PL,,,,0.00,,,I65 N ENT RAMP,,,,0.00,Y,Four-Way, ,Intersection,None,,,         ,Ralph,Smith IV,Cloudy,Front to Rear,no,no,no,no,no,False
101617962,METROPOLITAN NASHVILLE POLICE DEPT,20170340084,Davidson,Nashville,4/17/2017 5:25:00 PM,2,0,0,36.186460,-86.632630,LEBANON PKE,,,,63.00,Feet,West,STONES RIVER GRNWY,,,,0.00,N,Not at Intersection, ,OtherLocation,None,,,         ,Christopher,Mackey,Rain,Front to Rear,no,no,no,no,no,False
101617967,METROPOLITAN NASHVILLE POLICE DEPT,20170340242,Davidson,Nashville,4/17/2017 3:32:00 PM,2,0,0,36.184250,-86.798020,I 65,,,,0.00,,,,,,,85.30,N,Not at Intersection, ,Non-Junction,None,,,         ,Thomas,Burns,Rain,Front to Rear,no,no,no,no,no,False
101617970,METROPOLITAN NASHVILLE POLICE DEPT,20170339938,Davidson,Nashville,4/17/2017 4:36:00 PM,3,2,0,36.081570,-86.697430,I 24,,,,0.00,,,,,,,56.10,N,Not at Intersection,N,Non-Junction,None,,,         ,Alyson,Cook,Rain,"Sideswipe, Same Direction",no,no,no,no,no,False
101617976,BERRY HILL POLICE DEPT,17-1269,Davidson,Berry Hill,4/17/2017 5:40:00 PM,3,0,0,36.116670,-86.766320,E IRIS DR,,,,0.00,,,W IRIS DR,,,,0.00,Y,Four-Way,N,Intersection-Related,None,,,         ,Roy,Morris,Rain,Front to Rear,no,no,no,no,no,False
101617979,METROPOLITAN NASHVILLE POLICE DEPT,20170340287,Davidson,Nashville,4/17/2017 7:02:00 PM,2,0,0,36.045300,-86.658950,BELL RD,,,,178.00,Feet,West,I24 W ENT RAMP,,,,0.00,N,Not at Intersection,N,Entrance/Exit Ramp Related,None,,,         ,Benny,Pittman,Cloudy,Angle,no,no,no,no,no,False
101617985,METROPOLITAN NASHVILLE POLICE DEPT,20170339659,Davidson,Nashville,4/17/2017 3:03:00 PM,2,3,0,36.149930,-86.870430,I 40,,,,0.00,,,,,,,203.20,N,Not at Intersection,N,Non-Junction,None,,,         ,Walter,Gray II,Cloudy,Not Collision with Motor Vehicle in Transport,no,no,no,no,yes,False
101617987,METROPOLITAN NASHVILLE POLICE DEPT,20170340230,Davidson,Nashville,4/17/2017 6:43:00 PM,1,0,0,36.054760,-86.700910,DELVIN DR,,,,176.00,Feet,West,COLEMONT DR,,,,0.00,N,Not at Intersection,N,Non-Junction,None,,,         ,Eric,Keller,Rain,Not Collision with Motor Vehicle in Transport,no,no,no,no,no,False
101618003,METROPOLITAN NASHVILLE POLICE DEPT,20170340074,Davidson,Nashville,4/17/2017 5:17:00 PM,3,0,0,36.102380,-86.740850,NOLENSVILLE PKE,,,,99.00,Feet,South,THUSS AV,,,,0.00,N,Not at Intersection,N,Non-Junction,None,,,         ,Alyson,Cook,Clear,Angle,no,no,no,no,yes,False
101618008,METROPOLITAN NASHVILLE POLICE DEPT,20170340075,Davidson,Nashville,4/17/2017 5:21:00 PM,2,0,0,36.102380,-86.740850,NOLENSVILLE PKE,,,,99.00,Feet,South,THUSS AV,,,,0.00,N,Not at Intersection,N,Non-Junction,None,,,         ,Alyson,Cook,Rain,"Sideswipe, Opposite Direction",no,no,no,no,yes,False
101618011,METROPOLITAN NASHVILLE POLICE DEPT,20170340468,Davidson,Nashville,4/17/2017 7:55:00 PM,2,0,0,36.158890,-86.782110,8TH AVS,,,,0.00,,,BROADWAY,,,,0.00,Y,Four-Way, ,Non-Junction,None,,,         ,Jason,King,Clear,Front to Rear,no,no,no,no,no,False
101618019,METROPOLITAN NASHVILLE POLICE DEPT,20170340180,Davidson,Nashville,4/17/2017 6:21:00 PM,2,0,0,36.044800,-86.662130,BELL RD,,,,180.00,Feet,West,CANE RIDGE RD,,,,0.00,N,Not at Intersection, ,Non-Junction,None,,,         ,William,Durham,Rain,Front to Rear,no,no,no,no,no,False
101618025,METROPOLITAN NASHVILLE POLICE DEPT,20170340166,Davidson,Nashville,4/17/2017 12:00:00 AM,1,1,0,36.202600,-86.707680,COOPER LN,,,,491.00,Feet,North,PINEHURST DR,,,,0.00,N,Not at Intersection,N,Non-Junction,None,,,         ,Cressie,Prill,Clear,Not Collision with Motor Vehicle in Transport,no,no,no,no,no,False
101618026,METROPOLITAN NASHVILLE POLICE DEPT,20170340341,Davidson,Nashville,4/17/2017 6:07:00 PM,2,0,0,36.069500,-86.686960,I24 W EXT RAMP,,,,0.00,Feet,East,I 24,,,,0.00,N,Not at Intersection,N,Non-Junction,None,,,         ,Alyson,Cook,Clear,Front to Rear,no,no,no,no,no,False
101618028,METROPOLITAN NASHVILLE POLICE DEPT,20170339866,Davidson,Nashville,4/17/2017 3:40:00 PM,2,0,0,36.167300,-86.820620,28TH AVN,,,,182.00,Feet,South,JEFFERSON ST,,,,0.00,N,Not at Intersection,N,Non-Junction,None,,,         ,Charles,Holmes,Cloudy,Angle,no,no,no,no,no,False
101618029,METROPOLITAN NASHVILLE POLICE DEPT,20170340299,Davidson,Not in City Limit,4/17/2017 7:11:00 PM,2,0,0,36.269420,-86.736720,I 65,,,,0.00,,,,,,,92.60,N,Not at Intersection,Y,Entrance/Exit Ramp Related,None,,,         ,Samuel,Miller,Clear,Angle,no,no,no,no,yes,False
101618034,METROPOLITAN NASHVILLE POLICE DEPT,20170340217,Davidson,Nashville,4/17/2017 6:22:00 PM,4,0,0,36.044800,-86.662090,BELL RD,,,,164.00,Feet,West,CANE RIDGE RD,,,,0.00,N,Not at Intersection, ,Non-Junction,None,,,         ,William,Durham,Rain,Front to Rear,no,no,no,no,no,False