master_record_number,agency,agency_tracking_number,county,city,collision_date,vehicles_involved,number_injured,number_dead,latitude,longitude,roadway_name,roadway_suffix,roadway_number,roadway_local_id,distance_from_reference,miles-feet_indicator,direction_from_reference,intersection_road_name,intersection_road_name_suffix,intersection_road_number,intersection_local_id,mile_marker,intersection_indicator,intersect_type,interchange_related_indicator,relation_to_junction,work_zone_type,construction_maintenance_zone,construction_maintenance_zone_location,fatal_case_number,officer_first_name,officer_last_name,weather_condition(s),manner_of_crash,pedestrian,bicycle,scooter,parking,hitrun,mou
101618035,METROPOLITAN NASHVILLE POLICE DEPT,20170340214,Davidson,Nashville,4/17/2017 5:38:00 PM,2,0,0,36.139750,-86.879720,CHARLOTTE PKE,,,,204.00,Feet,West,RUSSLEO DR,,,,0.00,N,Not at Intersection,N,Non-Junction,None,,,         ,Jeremy,Huffine,Rain,Front to Rear,no,no,no,no,no,False
101618050,METROPOLITAN NASHVILLE POLICE DEPT,20170339772,Davidson,Goodlettsville,4/17/2017 3:41:00 PM,2,0,0,36.296910,-86.699160,GALLATIN PKEN,,,,0.00,,,RIVERGATE PKWY,,,,0.00,Y,Four-Way, ,Intersection-Related,None,,,         ,Samuel,Miller,Cloudy,Front to Rear,no,no,no,no,no,False
101618052,METROPOLITAN NASHVILLE POLICE DEPT,20170340268,Davidson,Nashville,4/17/2017 6:58:00 PM,2,0,0,36.073770,-86.724540,NOLENSVILLE PKE,,,,105.00,Feet,South,GOINS RD,,,,0.00,N,Not at Intersection,N,Non-Junction,None,,,         ,Tien,Nguyen,Rain,"Sideswipe, Same Direction",no,no,no,no,no,False
101618059,METROPOLITAN NASHVILLE POLICE DEPT,20170339983,Davidson,Goodlettsville,4/17/2017 4:50:00 PM,2,0,0,36.293850,-86.703890,ALTA LOMA RD,,,,60.00,Feet,West,RIVERGATE SQUARE PVTDR,,,,0.00,N,Not at Intersection,N,Non-Junction,None,,,         ,Samuel,Miller,Cloudy,Angle,no,no,no,no,no,False
101618064,METROPOLITAN NASHVILLE POLICE DEPT,20170340187,Davidson,Nashville,4/17/2017 5:20:00 PM,2,0,0,36.085120,-86.702840,HARDING PL,,,,0.00,,,I24 E ENT RAMP,,,,0.00,Y,Four-Way, ,Non-Junction,None,,,         ,Jedidayah,Merriweather,Rain,Angle,no,no,no,no,no,False
101618071,METROPOLITAN NASHVILLE POLICE DEPT,20170340585,Davidson,Nashville,4/17/2017 8:20:00 PM,1,0,0,36.187610,-86.794760,I 65,,,,0.00,,,,,,,85.40,N,Not at Intersection, ,Non-Junction,None,,,         ,Kevin,Reynolds,Clear,Not Collision with Motor Vehicle in Transport,no,no,no,no,no,False
101618081,METROPOLITAN NASHVILLE POLICE DEPT,20170340244,Davidson,Nashville,4/17/2017 6:45:00 PM,2,1,0,36.114760,-86.747200,NOLENSVILLE PKE,,,,66.00,Feet,North,CENTRAL AV,,,,0.00,N,Not at Intersection,N,Non-Junction,None,,,         ,William,McDaniel,Cloudy,Angle,no,no,no,no,no,False
101618082,METROPOLITAN NASHVILLE POLICE DEPT,20170340726,Davidson,Nashville,4/17/2017 9:39:00 PM,2,0,0,36.139000,-86.665800,DONELSON PKE,,,,0.00,,,I40 E ENT RAMP,,,,0.00,Y,OTHER, ,Non-Junction,None,,,         ,Michael,Apsey,Cloudy,"Sideswipe, Same Direction",no,no,no,no,no,False
101618087,METROPOLITAN NASHVILLE POLICE DEPT,20170340795,Davidson,Nashville,4/17/2017 9:59:00 PM,2,0,0,36.153900,-86.625640,STEWARTS FERRY PKE,,,,0.00,,,PERCY PRIEST DR,,,,0.00,Y,Four-Way, ,Intersection-Related,None,,,         ,Tyler,Conrads,Clear,Front to Rear,no,no,no,no,no,False
101618094,METROPOLITAN NASHVILLE POLICE DEPT,20170340049,Davidson,Not in City Limit,4/17/2017 5:01:00 PM,2,3,0,36.078020,-86.949070,HIGHWAY 70S,,,,0.00,,,BELLEVUE CTR PVTDR,,,,0.00,Y,Four-Way,N,Intersection,None,,,         ,Walter,Gray II,Cloudy,Angle,no,no,no,no,no,False
101618110,METROPOLITAN NASHVILLE POLICE DEPT,20170340001,Davidson,Not in City Limit,4/17/2017 3:41:00 PM,2,0,0,36.054200,-86.950690,POPLAR CREEK RD,,,,50.00,Feet,North,OLD HARDING PKE,,,,0.00,N,Not at Intersection, ,Non-Junction,None,,,         ,Walter,Gray II,Cloudy,Front to Rear,no,no,no,no,no,False
101618112,METROPOLITAN NASHVILLE POLICE DEPT,20170340256,Davidson,Nashville,4/17/2017 5:46:00 PM,2,0,0,36.130240,-86.900110,CHARLOTTE PKE,,,,50.00,Feet,West,I40 W EXT RAMP,,,,0.00,N,Not at Intersection, ,Entrance/Exit Ramp Related,None,,,         ,Walter,Gray II,Cloudy,Front to Rear,no,no,no,no,yes,False
101618115,METROPOLITAN NASHVILLE POLICE DEPT,20170340576,Davidson,Nashville,4/17/2017 8:29:00 PM,2,0,0,36.144890,-86.872190,CHARLOTTE PKE,,,,228.00,Feet,North,AMERICAN RD,,,,0.00,N,Not at Intersection,N,Non-Junction,None,,,         ,Walter,Gray II,Cloudy,Front to Rear,no,no,no,no,yes,False
101618120,METROPOLITAN NASHVILLE POLICE DEPT,20170340918,Davidson,Nashville,4/17/2017 10:45:00 PM,2,0,0,36.244440,-86.784880,I 24,,,,0.00,,,,,,,42.90,N,Not at Intersection,N,Non-Junction,None,,,         ,Bryant,Presley,Clear,"Sideswipe, Same Direction",no,no,no,no,no,False
101618143,METROPOLITAN NASHVILLE POLICE DEPT,20170341090,Davidson,Nashville,4/17/2017 10:00:00 PM,2,0,0,36.144920,-86.630780,WEMBERTON DR,,,,439.00,Feet,South,NORWALK DR,,,,0.00,N,Not at Intersection, ,Non-Junction,None,,,         ,Charles,Shaw,Rain,Angle,no,no,no,no,yes,False
101618149,METROPOLITAN NASHVILLE POLICE DEPT,20170341189,Davidson,Nashville,4/18/2017 12:39:00 AM,6,1,0,36.134650,-86.786290,W GROVE AV,,,,205.00,Feet,East,11TH AVS,,,,0.00,N,Not at Intersection,N,Non-Junction,None,,,         ,Nicholas,Smith,Cloudy,Rear to Side,no,no,no,no,no,False
101618150,METROPOLITAN NASHVILLE POLICE DEPT,20170341261,Davidson,Nashville,4/18/2017 1:24:00 AM,1,1,0,36.024950,-86.632520,I 24,,,,0.00,,,,,,,61.60,N,Not at Intersection,N,Non-Junction,None,,,         ,David,Moser,Clear,Not Collision with Motor Vehicle in Transport,no,no,no,no,no,False
101618154,GOODLETTSVILLE POLICE DEPT,17-12638,Davidson,Goodlettsville,4/8/2017 6:48:00 PM,2,0,0,36.311520,-86.682870,VIETNAM VETERANS,PKWY,SR386,SR386,131.00,Feet,East,CONFERENCE,DR,,,0.00,N,Not at Intersection,N,Non-Junction,None,,,         ,Donald,Brinton,Clear,"Sideswipe, Same Direction",no,no,no,no,no,False
101618168,METROPOLITAN NASHVILLE POLICE DEPT,20170341521,Davidson,Nashville,4/18/2017 12:00:00 AM,2,1,0,36.109450,-86.728050,BRILEY PKWYN,,,,0.00,Feet,,BRILEY PKWYS,,,,0.00,Y,Four-Way,N,Intersection,None,,,         ,Brian,Mclarty,Clear,Front to Rear,no,no,no,no,no,False
101618169,METROPOLITAN NASHVILLE POLICE DEPT,20170341375,Davidson,Nashville,4/18/2017 2:20:00 AM,3,0,0,36.134810,-86.788270,W GROVE AV,,,,209.00,Feet,East,12TH AVS,,,,0.00,N,Not at Intersection,N,Non-Junction,None,,,         ,Jose,Salazar,Clear,"Sideswipe, Opposite Direction",no,no,no,no,yes,False
101618207,METROPOLITAN NASHVILLE POLICE DEPT,20170341794,Davidson,Nashville,4/18/2017 5:50:00 AM,2,1,0,36.198440,-86.620270,LEBANON PKE,,,,0.00,,,OLD HICKORY BLVD,,,,0.00,Y,Four-Way,N,Intersection-Related,None,,,         ,Emily,Mulready,Cloudy,Front to Rear,no,no,no,no,no,False
101618227,METROPOLITAN NASHVILLE POLICE DEPT,20170341820,Davidson,Nashville,4/18/2017 6:00:00 AM,1,0,0,36.061660,-86.906900,HIGHWAY 100,,,,711.00,Feet,West,OLD HICKORY BLVD,,,,0.00,N,Not at Intersection,N,Non-Junction,None,,,         ,Terrance,Stuckey,Clear,Not Collision with Motor Vehicle in Transport,no,no,no,no,no,False
101618255,GOODLETTSVILLE POLICE DEPT,17-13796,Davidson,Goodlettsville,4/17/2017 5:31:00 PM,2,0,0,36.321090,-86.703490,I 65,,,,0.00,,,,,,,96.80,N,Not at Intersection, ,Non-Junction,None,,,         ,George,Forbes,Rain,Front to Rear,no,no,no,no,no,False
101618261,METROPOLITAN NASHVILLE POLICE DEPT,20170341815,Davidson,Nashville,4/18/2017 6:04:00 AM,2,2,0,36.058520,-86.597710,HOBSON,PIKE,,,0.00,,,HAMILTON CHURCH,RD,,,0.00,Y,Four-Way,Y,Intersection,None,,,         ,Kevin,Breeding,Cloudy,Angle,no,no,no,no,no,False
101618267,METROPOLITAN NASHVILLE POLICE DEPT,20170341897,Davidson,Nashville,4/18/2017 12:00:00 AM,3,0,0,36.216260,-86.775270,I 65,,,,0.00,,,,,,,88.00,N,Not at Intersection, ,Non-Junction,None,,,         ,Julie,Nabors,Cloudy,Front to Rear,no,no,no,no,yes,False
101618272,METROPOLITAN NASHVILLE POLICE DEPT,20170342016,Davidson,Nashville,4/18/2017 7:44:00 AM,2,0,0,36.153660,-86.845890,I 40,,,,0.00,,,,,,,204.60,N,Not at Intersection, ,Non-Junction,None,,,         ,Curtis,Rich,Cloudy,Front to Rear,no,no,no,no,no,False
101618278,METROPOLITAN NASHVILLE POLICE DEPT,20170341894,Davidson,Nashville,4/18/2017 6:50:00 AM,2,0,0,36.150150,-86.857950,CHARLOTTE PKE,,,,0.00,,,WHITE BRIDGE PKE,,,,0.00,Y,Four-Way,N,Intersection,None,,,         ,Michael,Pyle,Cloudy,Angle,no,no,no,no,no,False
101618284,METROPOLITAN NASHVILLE POLICE DEPT,20170342164,Davidson,Nashville,4/18/2017 8:33:00 AM,1,1,0,36.135270,-86.893990,I 40,,,,0.00,,,,,,,201.50,N,Not at Intersection,N,Non-Junction,None,,,         ,Curtis,Rich,Cloudy,Not Collision with Motor Vehicle in Transport,no,no,no,no,no,False
101618288,METROPOLITAN NASHVILLE POLICE DEPT,20170341941,Davidson,Nashville,4/18/2017 7:10:00 AM,2,0,0,36.196130,-86.752570,ELLINGTON PKWYS,,,,191.00,Feet,South,ELLINGTON PKWYN,,,,0.00,N,Not at Intersection, ,Non-Junction,None,,,         ,Steven,Spillers,Cloudy,Front to Rear,no,no,no,no,no,False
101618289,METROPOLITAN NASHVILLE POLICE DEPT,20170342156,Davidson,Not in City Limit,4/18/2017 12:00:00 AM,2,0,0,36.291240,-86.810280,I 24,,,,0.00,,,,,,,39.40,N,Not at Intersection, ,Non-Junction,None,,,         ,Julie,Nabors,Cloudy,Angle,no,no,no,no,no,False
101618295,METROPOLITAN NASHVILLE POLICE DEPT,20170341979,Davidson,Nashville,4/18/2017 7:09:00 AM,2,1,0,36.247750,-86.777970,BRICK CHURCH PKE,,,,29.00,Feet,East,VILLAGE TRL,,,,0.00,N,Not at Intersection,N,Non-Junction,None,,,         ,Jack,Crouch,Cloudy,Front to Rear,no,no,no,no,no,False
101618302,METROPOLITAN NASHVILLE POLICE DEPT,20170342203,Davidson,Nashville,4/18/2017 8:45:00 AM,2,0,0,36.134660,-86.786340,W GROVE AV,,,,190.00,Feet,East,11TH AVS,,,,0.00,N,Not at Intersection,N,Non-Junction,None,,,         ,Nathan,Kemp,Clear,"Sideswipe, Same Direction",no,no,no,no,yes,False
101618303,METROPOLITAN NASHVILLE POLICE DEPT,20170342305,Davidson,Nashville,4/18/2017 9:19:00 AM,2,0,0,36.134680,-86.786670,W GROVE AV,,,,93.00,Feet,East,11TH AVS,,,,0.00,N,Not at Intersection,N,Non-Junction,None,,,         ,Nathan,Kemp,Clear,"Sideswipe, Opposite Direction",no,no,no,no,yes,False
101618316,METROPOLITAN NASHVILLE POLICE DEPT,20170342297,Davidson,Nashville,4/18/2017 12:00:00 AM,2,0,0,36.206000,-86.776530,I 65,,,,0.00,,,,,,,87.30,N,Not at Intersection, ,Non-Junction,None,,,         ,Julie,Nabors,Cloudy,Angle,no,no,no,no,no,False
101618330,METROPOLITAN NASHVILLE POLICE DEPT,20170341997,Davidson,Nashville,4/18/2017 7:35:00 AM,2,0,0,36.121420,-86.756180,I 440,,,,0.00,,,,,,,6.00,N,Not at Intersection, ,Non-Junction,None,,,         ,Todd,Watson,Clear,Front to Rear,no,no,no,no,yes,False
101618333,METROPOLITAN NASHVILLE POLICE DEPT,20170342379,Davidson,Nashville,4/18/2017 9:55:00 AM,2,0,0,36.134480,-86.825550,WEST END AV,,,,86.00,Feet,West,BOWLING AV,,,,0.00,N,Not at Intersection, ,Non-Junction,Maintenance Zone,,,         ,Curtis,Rich,Cloudy,Angle,no,no,no,no,no,False
101618337,METROPOLITAN NASHVILLE POLICE DEPT,20170342194,Davidson,Nashville,4/18/2017 8:36:00 AM,1,0,0,36.161670,-86.776050,3RD AVN,,,,53.00,Feet,North,BROADWAY,,,,0.00,N,Not at Intersection, ,OtherLocation,Construction Zone,,,         ,Trenton,Searcy,Cloudy,Not Collision with Motor Vehicle in Transport,no,no,no,no,no,False
101618349,METROPOLITAN NASHVILLE POLICE DEPT,20170342119,Davidson,Nashville,4/18/2017 8:08:00 AM,3,1,0,36.106880,-86.719250,I 24,,,,0.00,,,,,,,53.95,N,Not at Intersection,N,Non-Junction,None,,,         ,David,Simmonds,Clear,Front to Rear,no,no,no,no,yes,False
101618351,METROPOLITAN NASHVILLE POLICE DEPT,20170342268,Davidson,Nashville,4/18/2017 8:15:00 AM,2,0,0,36.201040,-86.776800,I 65,,,,0.00,,,,,,,86.95,N,Not at Intersection, ,Non-Junction,None,,,         ,David,Robberson,Cloudy,Front to Rear,no,no,no,no,yes,False
101618353,METROPOLITAN NASHVILLE POLICE DEPT,2017-0342345,Davidson,Nashville,4/18/2017 8:06:00 AM,2,0,0,36.077500,-86.669380,BILLINGSGATE RD,,,,92.00,Feet,South,CHETOPA CT,,,,0.00,N,Not at Intersection, ,,None,,,         ,Stanley,Collins,,,no,no,no,no,no,False
101618355,METROPOLITAN NASHVILLE POLICE DEPT,20170342066,Davidson,Nashville,4/18/2017 8:03:00 AM,3,1,0,36.068530,-86.688450,I 24,,,,0.00,,,,,,,57.10,N,Not at Intersection,N,Non-Junction,None,,,         ,Brian,Lamb,Cloudy,Front to Rear,no,no,no,no,no,False
101618360,METROPOLITAN NASHVILLE POLICE DEPT,20170342371,Davidson,Nashville,4/18/2017 9:34:00 AM,2,1,0,36.142970,-86.666640,DONELSON PKE,,,,246.00,Feet,North,I40 W ENT RAMP,,,,0.00,N,Not at Intersection,N,Non-Junction,None,,,         ,MIchael,Mihajlov,Clear,Angle,no,no,no,no,no,False
101618361,METROPOLITAN NASHVILLE POLICE DEPT,20170342285,Davidson,Nashville,4/18/2017 12:00:00 AM,2,0,0,36.196090,-86.776120,I 65,,,,0.00,,,,,,,86.60,N,Not at Intersection, ,,None,,,         ,Julie,Nabors,,,no,no,no,no,no,False
101618368,GOODLETTSVILLE POLICE DEPT,17-13783,Davidson,Goodlettsville,4/17/2017 2:30:00 PM,2,0,0,36.306690,-86.694280,CONFERENCE DR,,,,57.00,Feet,South,VIETNAM VETERANS BLVD NB ENT R,,,,0.00,N,Not at Intersection, ,Non-Junction,None,,,         ,George,Forbes,Cloudy,"Sideswipe, Same Direction",no,no,no,no,no,False
101618369,METROPOLITAN NASHVILLE POLICE DEPT,20170342410,Davidson,Nashville,4/18/2017 9:40:00 AM,2,0,0,36.161870,-86.776190,3RD AVN,,,,139.00,Feet,North,BROADWAY,,,,0.00,N,Not at Intersection, ,Non-Junction,None,,,         ,Seth,Quiles,Cloudy,Front to Rear,no,no,no,no,no,False
101618393,METROPOLITAN NASHVILLE POLICE DEPT,20170342495,Davidson,Nashville,4/18/2017 10:39:00 AM,2,0,0,36.148660,-86.795370,CHET ATKINS PL,,,,188.00,Feet,East,19TH AVS,,,,0.00,N,Not at Intersection, ,"Driveway, Alley Access, etc",None,,,         ,Nathan,Kemp,Clear,Angle,no,no,no,no,no,False
101618394,METROPOLITAN NASHVILLE POLICE DEPT,20170342542,Davidson,Nashville,4/18/2017 10:45:00 AM,2,0,0,36.150310,-86.797250,BROADWAY,,,,0.00,,,LYLE AV,,,,0.00,Y,Four-Way, ,Intersection,None,,,         ,Nathan,Kemp,Clear,Angle,no,no,no,no,no,False
101618398,METROPOLITAN NASHVILLE POLICE DEPT,20170341938,Davidson,Nashville,4/18/2017 7:07:00 AM,2,0,0,36.169050,-86.772240,S 1ST ST,,,,0.00,,,WOODLAND ST,,,,0.00,Y,Four-Way, ,Intersection,None,,,         ,Frank,Campbell,Cloudy,Front to Rear,no,no,no,no,no,False
101618422,METROPOLITAN NASHVILLE POLICE DEPT,20170342319,Davidson,Nashville,4/18/2017 9:26:00 AM,2,0,0,36.190300,-86.612960,OLD LEBANON DIRT RD,,,,0.00,,,WEBER RD,,,,0.00,Y,OTHER, ,Non-Junction,None,,,         ,Calen,Morrison,Cloudy,Other,no,no,no,no,no,False
101618426,METROPOLITAN NASHVILLE POLICE DEPT,20170342545,Davidson,Nashville,4/18/2017 10:42:00 AM,2,0,0,36.249670,-86.719220,GALLATIN PKES,,,,115.00,Feet,North,E PALESTINE AV,,,,0.00,N,Not at Intersection, ,"Driveway, Alley Access, etc",None,,,         ,Michelle,Steidl,Cloudy,Angle,no,no,no,no,no,False
101618438,METROPOLITAN NASHVILLE POLICE DEPT,20170342731,Davidson,Nashville,4/18/2017 12:16:00 PM,2,1,0,36.107590,-86.743530,TIMMONS ST,,,,0.00,,,NOLENSVILLE PKE,,,,0.00,Y,Four-Way,N,Intersection,None,,,         ,Nathan,Kemp,Clear,Front to Rear,no,no,no,no,no,False
101618445,METROPOLITAN NASHVILLE POLICE DEPT,20170342550,Davidson,Madison,4/18/2017 10:20:00 AM,2,0,0,36.273580,-86.709730,PIERCE RD,,,,62.00,Feet,North,ANDERSON LN,,,,0.00,N,Not at Intersection, ,Non-Junction,None,,,         ,Coleman,McKellar,Cloudy,Front to Rear,no,no,no,no,no,False
101618446,METROPOLITAN NASHVILLE POLICE DEPT,2017-0342486,Davidson,Not in City Limit,4/18/2017 10:31:00 AM,2,0,0,36.262780,-86.738090,I 65,,,,0.00,,,,,,,92.15,N,Not at Intersection,N,Non-Junction,None,,,         ,Chad,Wilkinson,Cloudy,Front to Rear,no,no,no,no,no,False
101618452,METROPOLITAN NASHVILLE POLICE DEPT,20170342677,Davidson,Nashville,4/18/2017 12:12:00 PM,2,0,0,36.153930,-86.857760,ROBERTSON AV,,,,45.00,Feet,West,BRILEY PKWY S EXT RAMP,,,,0.00,N,Not at Intersection, ,,Construction Zone,,,         ,Curtis,Rich,,,no,no,no,no,no,False
101618460,Nashville Airport Police,2017-01225,Davidson,Nashville,4/17/2017 1:58:00 AM,2,0,0,36.117180,-86.669850,HANGAR LN,,,,0.00,,,HANGAR LN,,,,0.00,Y,OTHER, ,Non-Junction,None,,,         ,Kristina,Morrow,Clear,Rear to Side,no,no,no,yes,no,False
101618465,METROPOLITAN NASHVILLE POLICE DEPT,20170342408,Davidson,Nashville,4/18/2017 8:34:00 AM,2,0,0,36.085570,-86.701820,I24 E EXT RAMP,,,,0.00,Feet,East,I 24,,,,0.00,N,Not at Intersection, ,Non-Junction,None,,,         ,Brandon,O'Guin,Cloudy,Front to Rear,no,no,no,no,no,False
101618469,METROPOLITAN NASHVILLE POLICE DEPT,20170341948,Davidson,Nashville,4/18/2017 7:20:00 AM,2,0,0,36.040070,-86.603730,MURFREESBORO PKE,,,,328.00,Feet,North,OLD HICKORY BLVD,,,,0.00,N,Not at Intersection, ,,None,,,         ,Kevin,Coleman,,,no,no,no,no,no,False
101618484,METROPOLITAN NASHVILLE POLICE DEPT,20170342791,Davidson,Nashville,4/18/2017 12:14:00 PM,2,0,0,36.185410,-86.764690,LISCHEY AV,,,,0.00,,,WILBURN ST,,,,0.00,Y,T-Intersection, ,Intersection,None,,,         ,Jared,Eaves,Clear,Front to Rear,no,no,no,no,yes,False
101618490,METROPOLITAN NASHVILLE POLICE DEPT,20170341858,Davidson,Nashville,4/18/2017 5:59:00 AM,2,1,0,36.200200,-86.688570,BRILEY PKWYN,,,,76.00,Feet,South,BRILEY PKWY N ENT RAMP,,,,0.00,N,Not at Intersection,N,Non-Junction,None,,,         ,James,Curtis,Cloudy,Front to Rear,no,no,no,no,no,False
101618491,METROPOLITAN NASHVILLE POLICE DEPT,20170342007,Davidson,Nashville,4/18/2017 5:59:00 AM,2,0,0,36.200080,-86.688420,BRILEY PKWY N ENT RAMP,,,,0.00,Feet,East,BRILEY PKWYN,,,,0.00,N,Not at Intersection, ,Non-Junction,None,,,         ,James,Curtis,Cloudy,"Sideswipe, Opposite Direction",no,no,no,no,no,False
101618492,METROPOLITAN NASHVILLE POLICE DEPT,20170342723,Davidson,Nashville,4/18/2017 11:36:00 AM,1,0,0,36.153440,-86.756860,I 40,,,,0.00,,,,,,,211.20,N,Not at Intersection, ,Non-Junction,None,,,         ,James,Curtis,Cloudy,Not Collision with Motor Vehicle in Transport,no,no,no,no,no,False
101618493,METROPOLITAN NASHVILLE POLICE DEPT,20170341806,Davidson,Nashville,4/18/2017 5:59:00 AM,1,0,0,36.200080,-86.688420,BRILEY PKWY N ENT RAMP,,,,0.00,Feet,East,BRILEY PKWYN,,,,0.00,N,Not at Intersection,N,Non-Junction,None,,,         ,James,Curtis,Cloudy,Not Collision with Motor Vehicle in Transport,no,no,no,no,no,False
101618502,METROPOLITAN NASHVILLE POLICE DEPT,20170342652,Davidson,Nashville,4/18/2017 11:34:00 AM,2,0,0,36.162110,-86.790610,CHARLOTTE AV,,,,0.00,,,11TH AVN,,,,0.00,Y,Four-Way, ,Intersection,None,,,         ,Frank,Campbell,Cloudy,Angle,no,no,no,no,no,False
101618503,METROPOLITAN NASHVILLE POLICE DEPT,20170342869,Davidson,Nashville,4/18/2017 12:00:00 AM,2,0,0,36.208540,-86.777800,BRICK CHURCH PKE,,,,195.00,Feet,South,AVONDALE CIR,,,,0.00,N,Not at Intersection, ,Non-Junction,None,,,         ,Julie,Nabors,Clear,Angle,no,no,no,no,yes,False
101618522,METROPOLITAN NASHVILLE POLICE DEPT,20170342708,Davidson,Nashville,4/18/2017 12:00:00 PM,2,1,0,36.213570,-86.764520,DELLWAY VILLA RD,,,,0.00,,,DICKERSON PKE,,,,0.00,Y,T-Intersection,N,Non-Junction,None,,,         ,Tony,Folad,Cloudy,Angle,no,no,no,no,no,False
101618538,VANDERBILT UNIVERSITY POLICE,17-0342820,Davidson,Nashville,4/18/2017 12:30:00 PM,2,0,0,36.141540,-86.801390,MEDICAL CENTER DR,,,,0.00,,,,,,,0.00,,, ,"Driveway, Alley Access, etc",None,,,         ,Karl,Haury,Cloudy,Rear to Side,no,no,no,no,no,Campus
101618541,METROPOLITAN NASHVILLE POLICE DEPT,20170342825,Davidson,Nashville,4/18/2017 12:44:00 PM,1,0,0,36.172300,-86.605830,CENTRAL PKE ENT RAMP,,,,0.00,,,I40 E EXT RAMP,,,,0.00,Y,OTHER,N,Non-Junction,None,,,         ,Cassandra,Del Bosco,Rain,Not Collision with Motor Vehicle in Transport,no,no,no,no,no,False
101618546,METROPOLITAN NASHVILLE POLICE DEPT,20170343020,Davidson,Nashville,4/18/2017 1:54:00 PM,2,0,0,36.149520,-86.798130,BROADWAY,,,,48.00,Feet,South,20TH AVS,,,,0.00,N,Not at Intersection,N,Non-Junction,None,,,         ,Nathan,Kemp,Clear,Angle,no,no,no,no,no,Campus
101618549,METROPOLITAN NASHVILLE POLICE DEPT,20170343012,Davidson,Not in City Limit,4/18/2017 1:03:00 PM,1,0,0,36.263270,-86.790320,I 24,,,,0.00,,,,,,,41.60,N,Not at Intersection, ,Non-Junction,None,,,         ,David,Robberson,Cloudy,Not Collision with Motor Vehicle in Transport,no,no,no,no,no,False
101618554,METROPOLITAN NASHVILLE POLICE DEPT,20170342917,Davidson,Nashville,4/18/2017 12:48:00 PM,2,1,0,36.158760,-86.818890,CLIFTON AV,,,,106.00,Feet,West,28TH AVN,,,,0.00,N,Not at Intersection,N,Non-Junction,None,,,         ,Isaac,Wood,Clear,Angle,no,no,no,no,no,False
101618574,METROPOLITAN NASHVILLE POLICE DEPT,20170343052,Davidson,Nashville,4/18/2017 2:05:00 PM,1,0,0,36.178150,-86.751660,MAIN ST,,,,0.00,,,N 10TH ST,,,,0.00,Y,Four-Way,Y,Intersection,None,,,         ,Randall,Smith,Cloudy,Not Collision with Motor Vehicle in Transport,no,no,no,no,no,False
101618592,METROPOLITAN NASHVILLE POLICE DEPT,20170343040,Davidson,Nashville,4/18/2017 2:04:00 PM,1,0,0,36.215600,-86.801440,WHITES CREEK PKE,,,,311.00,Feet,South,MALTA DR,,,,0.00,N,Not at Intersection,N,Non-Junction,None,,,         ,Alex,Marchak,Rain,Not Collision with Motor Vehicle in Transport,no,no,no,no,no,False
101618616,METROPOLITAN NASHVILLE POLICE DEPT,20170342814,Davidson,Nashville,4/18/2017 1:24:00 PM,2,0,0,36.039910,-86.742050,OLD HICKORY BLVD,,,,424.00,Feet,East,EDMONDSON PKE,,,,0.00,N,Not at Intersection,N,Non-Junction,None,,,         ,Darrell,Osment,Cloudy,Angle,no,no,no,no,no,False
101618617,METROPOLITAN NASHVILLE POLICE DEPT,20170342973,Davidson,Nashville,4/18/2017 1:40:00 PM,2,2,0,36.152240,-86.625070,BELL RD,,,,0.00,,,STEWARTS FERRY PKE,,,,0.00,Y,Four-Way,N,Intersection,None,,,         ,Wesley,Young,Clear,Angle,no,no,no,no,no,False
101618622,METROPOLITAN NASHVILLE POLICE DEPT,20170343116,Davidson,Nashville,4/18/2017 2:36:00 PM,1,0,0,36.094490,-86.757950,SIDCO DR,,,,113.00,Feet,East,POWELL AV,,,,0.00,N,Not at Intersection, ,Non-Junction,None,,,         ,Ralph,Smith IV,Cloudy,Not Collision with Motor Vehicle in Transport,no,no,no,no,no,False
101618625,Nashville Airport Police,2017-01222,Davidson,Nashville,4/17/2017 12:00:00 AM,2,0,0,36.131080,-86.696190,AIRWAYS BLVD,,,,0.00,,,AIRWAYS BLVD,,,,0.00,Y,T-Intersection,Y,Intersection,None,,,         ,Kristina,Morrow,Clear,Angle,no,no,no,no,no,False
101618626,METROPOLITAN NASHVILLE POLICE DEPT,2017-0342734,Davidson,Not in City Limit,4/18/2017 12:00:00 AM,2,0,0,36.311590,-86.882740,RAWLINGS RD,,,,0.00,,,CLARKSVILLE PKE,,,,0.00,Y,Four-Way,N,Intersection,None,,,         ,William,Caillouette,Cloudy,Front to Rear,no,no,no,no,no,False
101618636,METROPOLITAN NASHVILLE POLICE DEPT,20170343079,Davidson,Nashville,4/18/2017 2:15:00 PM,2,0,0,36.248310,-86.720150,GALLATIN PKES,,,,100.00,Feet,North,DUE WEST AVE,,,,0.00,N,Not at Intersection,N,Non-Junction,None,,,         ,Christopher,Littles,Cloudy,"Sideswipe, Same Direction",no,no,no,no,yes,False
101618643,METROPOLITAN NASHVILLE POLICE DEPT,20170343051,Davidson,Nashville,4/18/2017 1:56:00 PM,2,0,0,36.236460,-86.728590,BRILEY PKWYE,,,,1005.00,Feet,East,SAUNDERS AV,,,,0.00,N,Not at Intersection,N,Non-Junction,None,,,         ,James,Smith,Cloudy,Front to Rear,no,no,no,no,no,False
101618656,METROPOLITAN NASHVILLE POLICE DEPT,20170343295,Davidson,Nashville,4/18/2017 3:30:00 PM,2,0,0,36.163170,-86.780190,5TH AVN,,,,0.00,Feet,East,CHURCH ST,,,,0.00,N,Not at Intersection, ,Non-Junction,None,,,         ,Joshua,Hausman,Clear,Front to Rear,no,no,no,no,no,False