master_record_number,agency,agency_tracking_number,county,city,collision_date,vehicles_involved,number_injured,number_dead,latitude,longitude,roadway_name,roadway_suffix,roadway_number,roadway_local_id,distance_from_reference,miles-feet_indicator,direction_from_reference,intersection_road_name,intersection_road_name_suffix,intersection_road_number,intersection_local_id,mile_marker,intersection_indicator,intersect_type,interchange_related_indicator,relation_to_junction,work_zone_type,construction_maintenance_zone,construction_maintenance_zone_location,fatal_case_number,officer_first_name,officer_last_name,weather_condition(s),manner_of_crash,pedestrian,bicycle,scooter,parking,hitrun,mou
101619015,METROPOLITAN NASHVILLE POLICE DEPT,20170344186,Davidson,Nashville,4/18/2017 12:00:00 AM,2,0,0,36.148620,-86.745770,I 40,,,,0.00,,,,,,,211.90,N,Not at Intersection, ,Non-Junction,None,,,         ,Matthew,Johnson,Rain,Angle,no,no,no,no,yes,False
101619038,METROPOLITAN NASHVILLE POLICE DEPT,20170344191,Davidson,Nashville,4/18/2017 6:10:00 PM,2,0,0,36.147140,-86.662250,ELM HILL PKE,,,,31.00,Feet,West,AIRPORT CENTER DR,,,,0.00,N,Not at Intersection, ,Non-Junction,None,,,         ,Thomas,Miller,Rain,Front to Rear,no,no,no,no,yes,False
101619039,METROPOLITAN NASHVILLE POLICE DEPT,20170343198,Davidson,Not in City Limit,4/18/2017 3:06:00 PM,2,0,0,36.365940,-86.888000,ELLIS DR,,,,0.00,,,WHITES CREEK PKE,,,,0.00,Y,T-Intersection,N,Intersection,None,,,         ,Timothy,Morgan,Rain,Front to Rear,no,no,no,no,no,False
101619045,METROPOLITAN NASHVILLE POLICE DEPT,20170344497,Davidson,Nashville,4/18/2017 8:25:00 PM,1,0,0,36.028460,-86.666970,PETTUS RD,,,,1358.00,Feet,North,PRESTON RD,,,,0.00,N,Not at Intersection, ,Non-Junction,None,,,         ,Darryl,Williams,Rain,Not Collision with Motor Vehicle in Transport,no,no,no,no,no,False
101619047,METROPOLITAN NASHVILLE POLICE DEPT,20170341817,Davidson,Nashville,4/18/2017 6:05:00 AM,2,0,0,36.092780,-86.678660,HARDING PL,,,,60.00,Feet,East,DONELSON PKE,,,,0.00,N,Not at Intersection, ,Non-Junction,None,,,         ,William,Williams,Clear,"Sideswipe, Same Direction",no,no,no,no,no,False
101619092,METROPOLITAN NASHVILLE POLICE DEPT,20170344686,Davidson,Nashville,4/18/2017 12:00:00 AM,1,1,0,36.149930,-86.765710,LAFAYETTE ST,,,,0.00,,,1ST AVS,,,,0.00,Y,Y-Intersection,N,Intersection-Related,None,,,         ,Austin,Childress,Rain,Not Collision with Motor Vehicle in Transport,no,no,no,no,no,False
101619096,METROPOLITAN NASHVILLE POLICE DEPT,20170341800,Davidson,Nashville,4/18/2017 5:50:00 AM,2,0,0,36.171220,-86.871010,BRILEY PKWY S ENT RAMP,,,,0.00,Feet,East,CENTENNIAL BLVD,,,,0.00,N,Not at Intersection,N,Entrance/Exit Ramp Related,None,,,         ,Jean,McCormack,Fog,Front to Rear,no,no,no,no,yes,False
101619099,METROPOLITAN NASHVILLE POLICE DEPT,20170344928,Davidson,Nashville,4/19/2017 12:50:00 AM,2,0,0,36.072720,-86.683060,ANTIOCH PKE,,,,222.00,Feet,North,CHEROKEE PL,,,,0.00,N,Not at Intersection,N,Non-Junction,None,,,         ,Sandra,Fly,Cloudy,Angle,no,no,no,no,yes,False
101619100,METROPOLITAN NASHVILLE POLICE DEPT,2017-0344788,Davidson,Nashville,4/18/2017 11:54:00 PM,2,0,0,36.151890,-86.795510,BROADWAY,,,,80.00,Feet,South,18TH AVS,,,,0.00,N,Not at Intersection,N,Non-Junction,None,,,         ,Matthew,Moses,Cloudy,Front to Rear,no,no,no,no,yes,False
101619106,METROPOLITAN NASHVILLE POLICE DEPT,20170345044,Davidson,Nashville,4/19/2017 12:00:00 AM,1,0,0,36.081110,-86.698310,LINBAR DR,,,,862.00,Feet,West,LUNA DR,,,,0.00,N,Not at Intersection,N,Non-Junction,None,,,         ,Daniel,Garrett,Clear,Not Collision with Motor Vehicle in Transport,no,no,no,no,yes,False
101619109,METROPOLITAN NASHVILLE POLICE DEPT,20170345000,Davidson,Nashville,4/19/2017 1:35:00 AM,1,0,0,36.161440,-86.594360,BELL RD,,,,257.00,Feet,West,LAKE CHATEAU DR,,,,0.00,N,Not at Intersection, ,Non-Junction,None,,,         ,Brett,Johns,Rain,Not Collision with Motor Vehicle in Transport,no,no,no,no,no,False
101619160,METROPOLITAN NASHVILLE POLICE DEPT,20170345559,Davidson,Nashville,4/19/2017 5:49:00 AM,2,1,0,36.095470,-86.707470,I 24,,,,0.00,,,,,,,54.95,N,Not at Intersection,N,Non-Junction,None,,,         ,William,Coy,Clear,"Sideswipe, Same Direction",no,no,no,no,no,False
101619166,METROPOLITAN NASHVILLE POLICE DEPT,20170345631,Davidson,Not in City Limit,4/19/2017 6:45:00 AM,2,0,0,36.263920,-86.690430,STATE RT 45,,,,39.00,Feet,West,MYATT DR,,,,0.00,N,Not at Intersection, ,,None,,,         ,Michelle,Steidl,,,no,no,no,no,no,False
101619172,METROPOLITAN NASHVILLE POLICE DEPT,20170345675,Davidson,Nashville,4/19/2017 7:28:00 AM,2,0,0,36.200100,-86.776650,I 65,,,,0.00,,,,,,,86.90,N,Not at Intersection, ,Non-Junction,None,,,         ,David,Robberson,Clear,Front to Rear,no,no,no,no,no,False
101619210,METROPOLITAN NASHVILLE POLICE DEPT,20170345772,Davidson,Nashville,4/19/2017 8:00:00 AM,2,1,0,36.154330,-86.859080,ROBERTSON AV,,,,244.00,Feet,West,MIDLAND AV,,,,0.00,N,Not at Intersection,N,Non-Junction,None,,,         ,Curtis,Rich,Cloudy,Front to Rear,no,no,no,no,no,False
101619222,METROPOLITAN NASHVILLE POLICE DEPT,20170345630,Davidson,Nashville,4/19/2017 6:28:00 AM,2,0,0,36.166350,-86.780690,4TH AVN,,,,0.00,,,CHARLOTTE AV,,,,0.00,Y,Four-Way, ,OtherLocation,None,,,         ,Frank,Campbell,Cloudy,Angle,no,no,no,no,no,False
101619235,METROPOLITAN NASHVILLE POLICE DEPT,20170345846,Davidson,Nashville,4/19/2017 8:01:00 AM,2,0,0,36.198160,-86.776340,I 65,,,,0.00,,,,,,,86.75,N,Not at Intersection, ,,None,,,         ,James,Jarvis,,,no,no,no,no,no,False
101619244,METROPOLITAN NASHVILLE POLICE DEPT,20170345806,Davidson,Nashville,4/19/2017 8:00:00 AM,2,0,0,36.031560,-86.712650,NOLENSVILLE PKE,,,,196.00,Feet,North,KINHAWK DR,,,,0.00,N,Not at Intersection,N,Non-Junction,None,,,         ,Darrell,Osment,Cloudy,Angle,no,no,no,no,no,False
101619250,METROPOLITAN NASHVILLE POLICE DEPT,20170345685,Davidson,Nashville,4/19/2017 7:10:00 AM,2,0,0,36.115960,-86.668760,DONELSON PKE,,,,320.00,Feet,South,HANGAR LN,,,,0.00,N,Not at Intersection,N,Non-Junction,None,,,         ,Scott,Toney,Cloudy,"Sideswipe, Opposite Direction",no,no,no,no,yes,False
101619262,METROPOLITAN NASHVILLE POLICE DEPT,20170345803,Davidson,Nashville,4/19/2017 7:57:00 AM,2,0,0,36.125430,-86.696180,BRILEY PKWY,,,,24.00,Feet,North,KERMIT DR,,,,0.00,N,Not at Intersection, ,Non-Junction,None,,,         ,James,Curtis,Cloudy,Front to Rear,no,no,no,no,no,False
101619263,METROPOLITAN NASHVILLE POLICE DEPT,20170309731,Davidson,Nashville,4/8/2017 7:42:00 AM,1,0,1,36.064670,-86.621010,HAMILTON CHURCH RD,,,,205.00,Feet,South,HAMILTON GLEN DR,,,,0.00,N,Not at Intersection,N,Non-Junction,None,,,17-0224  ,Donald,Davidson,Clear,Not Collision with Motor Vehicle in Transport,yes,no,no,no,yes,False
101619266,METROPOLITAN NASHVILLE POLICE DEPT,20170345946,Davidson,Nashville,4/19/2017 8:44:00 AM,1,0,0,36.169890,-86.674420,LEBANON PKE,,,,0.00,Feet,,GRAYLYNN DR,,,,0.00,Y,T-Intersection, ,Intersection,None,,,         ,Kayla,Castro,Clear,Not Collision with Motor Vehicle in Transport,no,no,no,no,yes,False
101619267,METROPOLITAN NASHVILLE POLICE DEPT,20170345763,Davidson,Nashville,4/19/2017 7:46:00 AM,2,0,0,36.115670,-86.780790,I65 ENT RAMP,,,,0.00,,East,I 440,,,,0.00,N,Not at Intersection,N,Non-Junction,None,,,         ,Benjamin,Williams,Clear,Front to Rear,no,no,no,no,no,False
101619276,METROPOLITAN NASHVILLE POLICE DEPT,20170345888,Davidson,Nashville,4/19/2017 8:27:00 AM,2,1,0,36.152440,-86.822500,I 440,,,,0.00,,,,,,,1.60,N,Not at Intersection,N,Non-Junction,None,,,         ,Walter,Gray II,Cloudy,Front to Rear,no,no,no,no,no,False
101619287,METROPOLITAN NASHVILLE POLICE DEPT,20170346075,Davidson,Nashville,4/19/2017 9:30:00 AM,2,0,0,36.181790,-86.799640,I 65,,,,0.00,,,,,,,85.15,N,Not at Intersection, ,,None,,,         ,Chase,Burnett,,,no,no,no,no,no,False
101619295,METROPOLITAN NASHVILLE POLICE DEPT,20170345964,Davidson,Nashville,4/19/2017 12:00:00 AM,1,0,0,36.172790,-86.768790,I24 W EXT RAMP,,,,0.00,Feet,East,I 24,,,,0.00,N,Not at Intersection,N,Entrance/Exit Ramp Related,None,,,         ,Richard,Conger,Unknown,Not Collision with Motor Vehicle in Transport,no,no,no,no,yes,False
101619298,METROPOLITAN NASHVILLE POLICE DEPT,20170345910,Davidson,Nashville,4/19/2017 8:34:00 AM,2,1,0,36.134450,-86.781850,WEDGEWOOD AV,,,,161.00,Feet,East,ACKLEN AV,,,,0.00,N,Not at Intersection,N,OtherLocation,None,,,         ,Brent,Bauer,Clear,Angle,no,no,no,no,no,False
101619299,METROPOLITAN NASHVILLE POLICE DEPT,20170345986,Davidson,Nashville,4/19/2017 8:30:00 AM,2,0,0,36.122440,-86.794700,PARIS AV,,,,0.00,,,BELMONT BLVD,,,,0.00,Y,Four-Way, ,Intersection,None,,,         ,Abbey,Sawl,Clear,HeadOn,no,no,no,no,no,False
101619307,METROPOLITAN NASHVILLE POLICE DEPT,20170340124,Davidson,Nashville,4/17/2017 4:20:00 PM,2,0,0,36.173660,-86.790150,7TH AVN,,,,35.00,Feet,North,JEFFERSON ST,,,,0.00,N,Not at Intersection,N,Non-Junction,None,,,         ,Ronald,Bright,Rain,Front to Rear,no,no,no,no,yes,False
101619311,METROPOLITAN NASHVILLE POLICE DEPT,20170346111,Davidson,Nashville,4/19/2017 9:45:00 AM,2,2,0,36.131960,-86.774280,I 65,,,,0.00,,,,,,,81.20,N,Not at Intersection,N,Non-Junction,None,,,         ,Earl,Davis,Clear,Front to Rear,no,no,no,no,no,False
101619321,GOODLETTSVILLE POLICE DEPT,17-13988,Davidson,Goodlettsville,4/19/2017 6:50:00 AM,2,0,0,36.317250,-86.700050,CONFERENCE DR,,,,400.00,Feet,South,NORTHCREEK BLVD,,,,0.00,N,Not at Intersection, ,Non-Junction,None,,,         ,Charles,Hauskin,Clear,"Sideswipe, Same Direction",no,no,no,no,no,False
101619340,METROPOLITAN NASHVILLE POLICE DEPT,2017-0345726,Davidson,Nashville,4/19/2017 7:31:00 AM,4,2,0,36.120170,-86.726650,I 24,,,,0.00,,,,,,,52.90,N,Not at Intersection,N,Non-Junction,None,,,         ,William,Whitworth,Clear,"Sideswipe, Same Direction",no,no,no,no,yes,False
101619342,METROPOLITAN NASHVILLE POLICE DEPT,2017-0346103,Davidson,Nashville,4/19/2017 9:00:00 AM,2,0,0,36.060630,-86.650740,PIPPIN DR,,,,0.00,Feet,East,TOOK DR,,,,0.00,N,Not at Intersection, ,Non-Junction,None,,,         ,William,Whitworth,Cloudy,Front to Rear,no,no,no,yes,no,False
101619358,METROPOLITAN NASHVILLE POLICE DEPT,20170346084,Davidson,Nashville,4/19/2017 9:30:00 AM,3,0,0,36.116160,-86.794770,I 440,,,,0.00,,,,,,,3.70,N,Not at Intersection,N,Non-Junction,None,,,         ,Ian,Ward,Clear,Front to Rear,no,no,no,no,yes,False
101619362,METROPOLITAN NASHVILLE POLICE DEPT,2017-0345932,Davidson,Nashville,4/19/2017 8:28:00 AM,4,0,0,36.170010,-86.807480,I 40,,,,0.00,,,,,,,207.25,N,Not at Intersection,N,Non-Junction,None,,,         ,Carlos,angulo,Clear,Front to Rear,no,no,no,no,no,False
101619378,METROPOLITAN NASHVILLE POLICE DEPT,20170346114,Davidson,Nashville,4/19/2017 9:47:00 AM,2,2,0,36.185740,-86.817130,25TH AVN,,,,80.00,Feet,North,CLARKSVILLE PKE,,,,0.00,N,Not at Intersection,N,OtherLocation,None,,,         ,Joshua,Baker,Clear,Angle,no,no,no,no,no,False
101619380,METROPOLITAN NASHVILLE POLICE DEPT,20170346209,Davidson,Nashville,4/19/2017 10:10:00 AM,2,0,0,36.191900,-86.782770,I 65,,,,0.00,,,,,,,86.15,N,Not at Intersection,N,Non-Junction,None,,,         ,Brent,Bauer,Clear,"Sideswipe, Same Direction",no,no,no,no,yes,False
101619408,METROPOLITAN NASHVILLE POLICE DEPT,20170346335,Davidson,Nashville,4/19/2017 11:06:00 AM,2,0,0,36.113340,-86.803370,WOODMONT BLVD,,,,69.00,Feet,West,AMANDA AV,,,,0.00,N,Not at Intersection, ,Non-Junction,None,,,         ,Benjamin,Williams,Clear,Front to Rear,no,no,no,no,no,False
101619415,METROPOLITAN NASHVILLE POLICE DEPT,20170346355,Davidson,Goodlettsville,4/19/2017 11:18:00 AM,2,0,0,36.296550,-86.698890,MYATT DR,,,,154.00,Feet,South,GALLATIN PKEN,,,,0.00,N,Not at Intersection, ,,None,,,         ,Joshua,Borum,,,no,no,no,no,no,False
101619440,METROPOLITAN NASHVILLE POLICE DEPT,20170346464,Davidson,Nashville,4/19/2017 11:55:00 AM,3,0,0,36.176510,-86.769720,SPRING ST,,,,0.00,Feet,,I24 W EXT RAMP,,,,0.00,Y,T-Intersection,N,Intersection-Related,None,,,         ,Richard,Conger,Clear,Front to Rear,no,no,no,no,no,False
101619445,METROPOLITAN NASHVILLE POLICE DEPT,20170345858,Davidson,Nashville,4/19/2017 8:14:00 AM,3,0,0,36.235500,-86.764510,I 65,,,,0.00,,,,,,,89.55,N,Not at Intersection,N,Non-Junction,None,,,         ,Jack,Crouch,Clear,"Sideswipe, Same Direction",no,no,no,no,no,False
101619476,METROPOLITAN NASHVILLE POLICE DEPT,2017-0346606,Davidson,Nashville,4/19/2017 12:38:00 PM,2,1,0,36.086780,-86.695030,HARDING PL,,,,274.00,Feet,East,S PERIMETER PARK DR,,,,0.00,N,Not at Intersection,N,Non-Junction,None,,,         ,William,Whitworth,Clear,Front to Rear,no,no,no,no,no,False
101619479,METROPOLITAN NASHVILLE POLICE DEPT,20170346537,Davidson,Nashville,4/19/2017 12:20:00 PM,2,0,0,36.079350,-86.727050,HARDING PL,,,,236.00,Feet,West,NOLENSVILLE PKE,,,,0.00,N,Not at Intersection,N,Non-Junction,None,,,         ,Darrell,Osment,Cloudy,Front to Rear,no,no,no,no,yes,False
101619503,METROPOLITAN NASHVILLE POLICE DEPT,20170346685,Davidson,Nashville,4/19/2017 12:57:00 PM,2,0,0,36.170400,-86.768450,INTERSTATE DR,,,,0.00,,,WOODLAND ST,,,,0.00,Y,Four-Way, ,Intersection,None,,,         ,Richard,Conger,Clear,Front to Rear,no,no,no,no,no,False
101619522,METROPOLITAN NASHVILLE POLICE DEPT,20170346609,Davidson,Nashville,4/19/2017 12:35:00 PM,2,0,0,36.156010,-86.788850,13TH AVS,,,,0.00,,,BROADWAY,,,,0.00,Y,Four-Way, ,Intersection,None,,,         ,Wesley,Henderson,Cloudy,"Sideswipe, Same Direction",no,no,no,no,no,False
101619524,METROPOLITAN NASHVILLE POLICE DEPT,20170346763,Davidson,Nashville,4/19/2017 1:11:00 PM,2,0,0,36.182140,-86.608120,OLD HICKORY BLVD,,,,0.00,,,FRIST BLVD,,,,0.00,Y,Four-Way, ,Intersection,None,,,         ,Gregory,Lindstrom,Clear,Front to Rear,no,no,no,no,no,False
101619527,METROPOLITAN NASHVILLE POLICE DEPT,20170346843,Davidson,Nashville,4/19/2017 2:00:00 PM,2,1,0,36.134090,-86.826610,WEST END AV,,,,352.00,Feet,East,CRAIGHEAD AV,,,,0.00,N,Not at Intersection,N,Non-Junction,None,,,         ,Curtis,Rich,Cloudy,Front to Rear,no,no,no,no,no,False
101619530,METROPOLITAN NASHVILLE POLICE DEPT,20170346744,Davidson,Nashville,4/19/2017 12:47:00 PM,2,0,0,36.120600,-86.802570,I440 W EXT RAMP,,,,0.00,Feet,East,I 440,,,,0.00,N,Not at Intersection, ,Non-Junction,None,,,         ,Sean,Williams,Clear,Angle,no,no,no,no,yes,False
101619534,METROPOLITAN NASHVILLE POLICE DEPT,20170346658,Davidson,Nashville,4/19/2017 12:50:00 PM,2,0,0,36.111030,-86.746800,THOMPSON LN,,,,0.00,,,GRANDVIEW AV,,,,0.00,Y,T-Intersection, ,Intersection-Related,None,,,         ,William,Waters,Clear,"Sideswipe, Same Direction",no,no,no,no,no,False
101619537,METROPOLITAN NASHVILLE POLICE DEPT,20170346812,Davidson,Nashville,4/19/2017 1:34:00 PM,1,1,0,36.157650,-86.678740,WOODBERRY DR,,,,337.00,Feet,West,HIBBITTS RD,,,,0.00,N,Not at Intersection,N,Non-Junction,None,,,         ,Jason,Smith,Cloudy,Not Collision with Motor Vehicle in Transport,no,no,no,no,no,False
101619538,METROPOLITAN NASHVILLE POLICE DEPT,2017-0346852,Davidson,Nashville,4/19/2017 1:44:00 PM,2,0,0,36.140010,-86.792500,VILLA PL,,,,213.00,Feet,South,HORTON AV,,,,0.00,N,Not at Intersection, ,Non-Junction,None,,,         ,Jonathan,Seidl,Clear,HeadOn,no,no,no,no,no,False
101619543,METROPOLITAN NASHVILLE POLICE DEPT,20170346679,Davidson,Nashville,4/19/2017 9:00:00 AM,1,0,0,36.073730,-86.928760,HIGHWAY 70S,,,,160.00,Feet,East,CLUB PKWY,,,,0.00,N,Not at Intersection,N,Non-Junction,None,,,         ,Walter,Gray II,Cloudy,Not Collision with Motor Vehicle in Transport,no,no,no,yes,yes,False
101619559,METROPOLITAN NASHVILLE POLICE DEPT,20170346774,Davidson,Nashville,4/19/2017 1:30:00 PM,2,0,0,36.134290,-86.774730,I65 N ENT RAMP,,,,0.00,Feet,East,I 65,,,,0.00,N,Not at Intersection, ,Non-Junction,None,,,         ,David,Humes,Cloudy,Front to Rear,no,no,no,no,no,False
101619560,METROPOLITAN NASHVILLE POLICE DEPT,20170346304,Davidson,Nashville,4/19/2017 10:57:00 AM,2,0,0,36.122390,-86.807020,HILLSBORO PKE,,,,94.00,Feet,South,I440 E EXT RAMP,,,,0.00,N,Not at Intersection, ,,None,,,         ,Phillip,Murphy,,,no,no,no,no,no,False
101619567,METROPOLITAN NASHVILLE POLICE DEPT,20170346860,Davidson,Nashville,4/19/2017 1:35:00 PM,2,0,0,36.040170,-86.780770,OLD HICKORY BLVD,,,,0.00,,,I65 N ENT RAMP,,,,0.00,Y,OTHER, ,Entrance/Exit Ramp Related,None,,,         ,Earl,Davis,Cloudy,Front to Rear,no,no,no,no,yes,False
101619611,METROPOLITAN NASHVILLE POLICE DEPT,20170346935,Davidson,Nashville,4/19/2017 2:10:00 PM,2,0,0,36.123900,-86.849430,HARDING PKE,,,,144.00,Feet,West,ROYAL OAKS CONDOS PVTDR,,,,0.00,N,Not at Intersection, ,,None,,,         ,Walter,Gray II,,,no,no,no,yes,no,False
101619669,METROPOLITAN NASHVILLE POLICE DEPT,2017-0346862,Davidson,Nashville,4/19/2017 1:55:00 PM,1,1,0,36.083950,-86.647340,MURFREESBORO PKE,,,,113.00,Feet,North,BROOKSBORO PL,,,,0.00,N,Not at Intersection,N,Non-Junction,None,,,         ,William,Whitworth,Clear,Not Collision with Motor Vehicle in Transport,no,no,no,no,no,False
101619682,METROPOLITAN NASHVILLE POLICE DEPT,20170346521,Davidson,Nashville,4/19/2017 12:10:00 PM,4,3,0,36.152210,-86.822500,I 440,,,,0.00,,,,,,,1.60,N,Not at Intersection,N,Non-Junction,None,,,         ,Phillip,Murphy,Clear,Front to Rear,no,no,no,no,no,False
101619688,METROPOLITAN NASHVILLE POLICE DEPT,20170347116,Davidson,Nashville,4/19/2017 3:29:00 PM,2,0,0,36.167630,-86.795860,I 40,,,,0.00,,,,,,,208.20,N,Not at Intersection, ,,None,,,         ,Derek,Betty,,,no,no,no,no,no,False
101619689,METROPOLITAN NASHVILLE POLICE DEPT,20170347246,Davidson,Nashville,4/19/2017 4:00:00 PM,1,0,0,36.201050,-86.688960,BRILEY PKWYS,,,,0.00,,,,,,,0.00,,, ,,None,,,         ,Brian,Smith,,,no,no,no,no,no,False
101619696,METROPOLITAN NASHVILLE POLICE DEPT,20170347188,Davidson,Nashville,4/19/2017 3:50:00 PM,2,1,0,36.159760,-86.785330,10TH AVN,,,,207.00,Feet,South,LIFEWAY PLZ,,,,0.00,N,Not at Intersection,N,Non-Junction,None,,,         ,Michael,Baron,Clear,Angle,no,no,no,no,no,False
101619697,METROPOLITAN NASHVILLE POLICE DEPT,20170347074,Davidson,Nashville,4/19/2017 3:15:00 PM,2,1,0,36.041710,-86.748270,OLD HICKORY BLVD,,,,103.00,Feet,East,COPPERFIELD WAY,,,,0.00,N,Not at Intersection,N,Non-Junction,None,,,         ,Nicholas,Berens,Clear,Front to Rear,no,no,no,no,no,False
101619698,METROPOLITAN NASHVILLE POLICE DEPT,20170347039,Davidson,Nashville,4/19/2017 2:40:00 PM,3,0,0,36.187920,-86.794120,I 65,,,,0.00,,,,,,,85.45,N,Not at Intersection, ,Non-Junction,None,,,         ,Kendra,Cowper,Clear,Front to Rear,no,no,no,no,yes,False
101619708,METROPOLITAN NASHVILLE POLICE DEPT,20170347000,Davidson,Nashville,4/19/2017 1:35:00 PM,2,0,0,36.175270,-86.792660,MONROE ST,,,,0.00,,,ROSA L PARKS BLVD,,,,0.00,Y,Four-Way, ,Intersection,None,,,         ,Christopher,Templin,Clear,Front to Rear,no,no,no,no,no,False
101619710,METROPOLITAN NASHVILLE POLICE DEPT,20170347082,Davidson,Nashville,4/19/2017 3:23:00 PM,3,0,0,36.152120,-86.844180,CHARLOTTE AV,,,,0.00,Feet,East,48TH AVN,,,,0.00,N,Not at Intersection,N,Non-Junction,None,,,         ,Ethan,Usherwood,Clear,Front to Rear,no,no,no,no,no,False
101619711,METROPOLITAN NASHVILLE POLICE DEPT,20170347245,Davidson,Nashville,4/19/2017 3:43:00 PM,2,0,0,36.014710,-86.619790,I24 W EXT RAMP,,,,0.00,Feet,East,I 24,,,,0.00,N,Not at Intersection,N,Non-Junction,None,,,         ,Alyson,Cook,Clear,Front to Rear,no,no,no,yes,no,False
101619712,METROPOLITAN NASHVILLE POLICE DEPT,20170347228,Davidson,Nashville,4/19/2017 4:31:00 PM,3,2,0,36.127440,-86.728340,I 24,,,,0.00,,,,,,,51.35,N,Not at Intersection,N,Non-Junction,None,,,         ,Jessie,Meadows,Clear,Front to Rear,no,no,no,no,no,False
101619713,THP District 9 - Administrative,317021208,Davidson,Nashville,4/13/2017 9:45:00 AM,2,0,0,36.154890,-86.779150,8TH AVS,,,,0.00,,,KOREAN VETERANS BLVD,,,,0.00,Y,Roundabout, ,Non-Junction,Construction Zone,,,         ,Russell,Peters,Clear,"Sideswipe, Same Direction",no,no,no,no,no,False
101619714,Nashville Airport Police,2017-01254,Davidson,Nashville,4/17/2017 12:00:00 AM,1,0,0,0.000000,0.000000,FAIRCLOTH,LN,,,20.00,Feet,East,FAIRCLOTH,LN,,,0.00,N,Not at Intersection, ,Non-Junction,None,,,         ,Nathan,Holt,Unknown,Unknown,no,no,no,yes,yes,False
101619719,METROPOLITAN NASHVILLE POLICE DEPT,20170347308,Davidson,Nashville,4/19/2017 12:00:00 AM,2,0,0,36.142090,-86.711180,I 40,,,,0.00,,,,,,,214.15,N,Not at Intersection, ,Non-Junction,None,,,         ,Craig,Gentry,Clear,Front to Rear,no,no,no,no,no,False
101619724,METROPOLITAN NASHVILLE POLICE DEPT,20170346972,Davidson,Nashville,4/19/2017 2:27:00 PM,2,0,0,36.147430,-86.799390,21ST AVS,,,,0.00,,,GRAND AV,,,,0.00,Y,Four-Way, ,Intersection-Related,None,,,         ,Tien,Nguyen,Clear,Angle,no,no,no,no,no,Campus
101619730,METROPOLITAN NASHVILLE POLICE DEPT,20170347046,Davidson,Nashville,4/19/2017 3:04:00 PM,2,0,0,36.199850,-86.743260,DELMAS AV,,,,530.00,Feet,East,FAIRWIN AV,,,,0.00,N,Not at Intersection,N,Non-Junction,None,,,         ,Jonathan,Hadley,Clear,"Sideswipe, Same Direction",no,no,no,no,yes,False
101619731,METROPOLITAN NASHVILLE POLICE DEPT,20170347397,Davidson,Nashville,4/19/2017 3:04:00 PM,1,0,0,36.199690,-86.743290,DELMAS AV,,,,0.00,,,,,,,0.00,,,N,Non-Junction,None,,,         ,Jonathan,Hadley,Clear,Not Collision with Motor Vehicle in Transport,no,no,no,yes,no,False
101619734,METROPOLITAN NASHVILLE POLICE DEPT,20170347089,Davidson,Nashville,4/19/2017 3:17:00 PM,2,0,0,36.040120,-86.780740,OLD HICKORY BLVD,,,,0.00,,,I65 N ENT RAMP,,,,0.00,Y,T-Intersection,N,Entrance/Exit Ramp Related,None,,,         ,Tien,Nguyen,Clear,Angle,no,no,no,no,no,False
101619744,GOODLETTSVILLE POLICE DEPT,17-14053,Davidson,Goodlettsville,4/19/2017 4:48:00 PM,2,0,0,36.308540,-86.691250,VIETNAM VETERANS BLVDN,,,,49.00,Feet,East,VIETNAM VETERANS BLVD NB ENT R,,,,0.00,N,Not at Intersection, ,Non-Junction,None,,,         ,Rico,Jones,Clear,"Sideswipe, Same Direction",no,no,no,no,no,False
101619745,METROPOLITAN NASHVILLE POLICE DEPT,20170347428,Davidson,Nashville,4/19/2017 5:05:00 PM,2,0,0,36.062320,-86.904630,HIGHWAY 100,,,,0.00,,,OLD HICKORY BLVD,,,,0.00,Y,Four-Way, ,,None,,,         ,Benjamin,Spees,,,no,no,no,no,no,False
101619746,METROPOLITAN NASHVILLE POLICE DEPT,20170347358,Davidson,Nashville,4/19/2017 4:17:00 PM,2,0,0,36.144280,-86.813500,WEST END AV,,,,152.00,Feet,West,29TH AVN,,,,0.00,N,Not at Intersection, ,Non-Junction,None,,,         ,Eric,Burford,Clear,Front to Rear,no,no,no,no,no,Campus
101619747,METROPOLITAN NASHVILLE POLICE DEPT,20170347426,Davidson,Nashville,4/19/2017 4:57:00 PM,2,0,0,36.191690,-86.771900,RICHARDSON AV,,,,118.00,Feet,West,JOSEPH AV,,,,0.00,N,Not at Intersection,N,Non-Junction,None,,,         ,Christopher,Valdez,Cloudy,Angle,no,no,no,no,yes,False
101619752,METROPOLITAN NASHVILLE POLICE DEPT,20170347242,Davidson,Nashville,4/19/2017 3:28:00 PM,2,0,0,36.178920,-86.810280,17TH AVN,,,,252.00,Feet,South,DR D B TODD JR BLVD,,,,0.00,N,Not at Intersection,N,Non-Junction,None,,,         ,Christopher,Templin,Clear,"Sideswipe, Same Direction",no,no,no,no,yes,False
101619760,METROPOLITAN NASHVILLE POLICE DEPT,20170347396,Davidson,Nashville,4/19/2017 5:00:00 PM,2,0,0,36.151800,-86.771250,LAFAYETTE ST,,,,0.00,,,4TH AVS,,,,0.00,Y,Four-Way, ,,None,,,         ,Pedro,Rivera Chaparro,,,no,no,no,no,no,False