master_record_number,agency,agency_tracking_number,county,city,collision_date,vehicles_involved,number_injured,number_dead,latitude,longitude,roadway_name,roadway_suffix,roadway_number,roadway_local_id,distance_from_reference,miles-feet_indicator,direction_from_reference,intersection_road_name,intersection_road_name_suffix,intersection_road_number,intersection_local_id,mile_marker,intersection_indicator,intersect_type,interchange_related_indicator,relation_to_junction,work_zone_type,construction_maintenance_zone,construction_maintenance_zone_location,fatal_case_number,officer_first_name,officer_last_name,weather_condition(s),manner_of_crash,pedestrian,bicycle,scooter,parking,hitrun,mou
101619763,METROPOLITAN NASHVILLE POLICE DEPT,20170347175,Davidson,Not in City Limit,4/19/2017 3:44:00 PM,2,0,0,36.264100,-86.724180,OLD HICKORY BLVDW,,,,0.00,,,HERITAGE DR,,,,0.00,Y,T-Intersection,N,Intersection,None,,,         ,Christopher,Littles,Cloudy,"Sideswipe, Same Direction",no,no,no,no,yes,False
101619764,METROPOLITAN NASHVILLE POLICE DEPT,20170347432,Davidson,Nashville,4/19/2017 5:00:00 PM,2,2,0,36.149430,-86.747540,I 40,,,,0.00,,,,,,,211.75,N,Not at Intersection,N,Non-Junction,None,,,         ,John,Kelley,Clear,Front to Rear,no,no,no,no,yes,False
101619766,METROPOLITAN NASHVILLE POLICE DEPT,20170347404,Davidson,Nashville,4/19/2017 4:50:00 PM,3,1,0,36.150900,-86.796600,BROADWAY,,,,51.00,Feet,South,19TH AVS,,,,0.00,N,Not at Intersection,N,Non-Junction,None,,,         ,Nicholas,Carroll,Clear,Front to Rear,no,no,no,no,no,False
101619780,METROPOLITAN NASHVILLE POLICE DEPT,20170347306,Davidson,Nashville,4/19/2017 4:17:00 PM,2,0,0,36.193660,-86.831220,CLARKSVILLE PKE,,,,0.00,,,BUENA VISTA PKE,,,,0.00,Y,Four-Way, ,Intersection,None,,,         ,Christopher,Templin,Clear,Front to Rear,no,no,no,no,no,False
101619781,METROPOLITAN NASHVILLE POLICE DEPT,20170347346,Davidson,Nashville,4/19/2017 4:00:00 PM,2,0,0,36.155650,-86.789720,14TH AVN,,,,0.00,,,BROADWAY,,,,0.00,Y,Four-Way,N,Intersection,None,,,         ,Maria,Cortez,Cloudy,Angle,no,no,no,no,yes,False
101619787,METROPOLITAN NASHVILLE POLICE DEPT,20170347438,Davidson,Nashville,4/19/2017 5:00:00 PM,2,0,0,36.087790,-86.647100,NASHBORO BLVD,,,,563.00,Feet,East,MURFREESBORO PKE,,,,0.00,N,Not at Intersection,N,Non-Junction,None,,,         ,Tyler,Maupin,Cloudy,"Sideswipe, Same Direction",no,no,no,no,yes,False
101619795,METROPOLITAN NASHVILLE POLICE DEPT,20170347356,Davidson,Nashville,4/19/2017 2:11:00 PM,2,0,0,36.133310,-86.835490,MAYFAIR RD,,,,190.00,Feet,South,VALLEY RD,,,,0.00,N,Not at Intersection, ,,None,,,         ,Paxton,Montgomery,,,no,no,no,no,no,False
101619796,METROPOLITAN NASHVILLE POLICE DEPT,20170347355,Davidson,Nashville,4/19/2017 4:31:00 PM,2,0,0,36.081990,-86.727060,NOLENSVILLE PKE,,,,231.00,Feet,South,WELSHWOOD DR,,,,0.00,N,Not at Intersection, ,Non-Junction,None,,,         ,Miguel,Garcia,Cloudy,Angle,no,no,no,no,no,False
101619798,METROPOLITAN NASHVILLE POLICE DEPT,20170347406,Davidson,Nashville,4/19/2017 5:00:00 PM,2,0,0,36.101740,-86.739250,ANTIOCH PKE,,,,86.00,Feet,West,MCCOMBS AV,,,,0.00,N,Not at Intersection, ,Non-Junction,None,,,         ,Jessie,Meadows,Clear,Front to Rear,no,no,no,no,no,False
101619799,METROPOLITAN NASHVILLE POLICE DEPT,20170347543,Davidson,Nashville,4/19/2017 6:00:00 PM,3,0,0,36.089320,-86.702740,I 24,,,,0.00,,,,,,,55.45,N,Not at Intersection,N,Non-Junction,None,,,         ,Jessie,Meadows,Clear,Front to Rear,no,no,no,no,yes,False
101619800,METROPOLITAN NASHVILLE POLICE DEPT,20170347469,Davidson,Nashville,4/19/2017 5:15:00 PM,2,1,0,36.132470,-86.719310,MURFREESBORO PKE,,,,0.00,,,WILHAGAN RD,,,,0.00,Y,T-Intersection,N,Intersection-Related,None,,,         ,Alyson,Cook,Clear,Front to Rear,no,no,no,no,no,False
101619801,METROPOLITAN NASHVILLE POLICE DEPT,20170347027,Davidson,Nashville,4/19/2017 1:23:00 PM,1,0,0,36.122740,-86.886540,BROOK HOLLOW RD,,,,398.00,Feet,North,BRESSLYN RD,,,,0.00,N,Not at Intersection,N,Non-Junction,None,,,         ,Brandon,Pedigo,Cloudy,Not Collision with Motor Vehicle in Transport,no,no,no,no,yes,False
101619802,METROPOLITAN NASHVILLE POLICE DEPT,20170347479,Davidson,Not in City Limit,4/19/2017 5:14:00 PM,2,0,0,36.072530,-86.934820,COLICE JEANNE RD,,,,0.00,Feet,East,CREEKSIDE MANOR PVTDR,,,,0.00,N,Not at Intersection,N,Non-Junction,None,,,         ,Zachariah,Bush,Clear,Front to Rear,no,no,no,no,no,False
101619803,METROPOLITAN NASHVILLE POLICE DEPT,20170347394,Davidson,Not in City Limit,4/19/2017 4:53:00 PM,2,2,0,36.317830,-86.887990,CLARKSVILLE PKE,,,,218.00,Feet,East,CHAMBLISS RD,,,,0.00,N,Not at Intersection,N,Non-Junction,None,,,         ,Christopher,Templin,Clear,Front to Rear,no,no,no,no,no,False
101619806,METROPOLITAN NASHVILLE POLICE DEPT,20170347507,Davidson,Nashville,4/19/2017 4:54:00 PM,3,0,0,36.121710,-86.757800,I 440,,,,0.00,,,,,,,5.90,N,Not at Intersection,N,Non-Junction,None,,,         ,Tien,Nguyen,Clear,Front to Rear,no,no,no,no,no,False
101619812,THP District 3 - Nashville,317022914,Davidson,Not in City Limit,4/19/2017 3:30:00 PM,2,0,0,36.348320,-86.930910,I 24,,,,0.00,,,,,,,31.05,N,Not at Intersection,N,Non-Junction,None,,,         ,Randall retired,Cole retired,Cloudy,Front to Rear,no,no,no,no,no,False
101619816,METROPOLITAN NASHVILLE POLICE DEPT,2017-0347375,Davidson,Nashville,4/19/2017 4:47:00 PM,3,0,0,36.081410,-86.759520,HARDING PL,,,,363.00,Feet,West,TROUSDALE DR,,,,0.00,N,Not at Intersection,N,Non-Junction,None,,,         ,Jed,Baldoni,Clear,Front to Rear,no,no,no,no,yes,False
101619818,METROPOLITAN NASHVILLE POLICE DEPT,20170347554,Davidson,Nashville,4/19/2017 5:26:00 PM,2,0,0,36.118140,-86.728340,GLENROSE AV,,,,381.00,Feet,South,OLD GLENROSE AV,,,,0.00,N,Not at Intersection,N,Non-Junction,None,,,         ,Alyson,Cook,Clear,Front to Rear,no,no,no,no,yes,False
101619830,METROPOLITAN NASHVILLE POLICE DEPT,20170347527,Davidson,Not in City Limit,4/19/2017 5:32:00 PM,2,2,0,36.264750,-86.757070,DICKERSON PKE,,,,563.00,Feet,North,WESTCHESTER DR,,,,0.00,N,Not at Intersection,N,Non-Junction,None,,,         ,Samuel,Miller,Clear,Front to Rear,no,no,no,no,yes,False
101619831,METROPOLITAN NASHVILLE POLICE DEPT,20170347827,Davidson,Nashville,4/19/2017 5:10:00 PM,2,0,0,36.128770,-86.802880,21ST AVS,,,,143.00,Feet,North,SUNSET PL,,,,0.00,N,Not at Intersection, ,Non-Junction,None,,,         ,Tien,Nguyen,Clear,Angle,no,no,no,no,no,False
101619846,METROPOLITAN NASHVILLE POLICE DEPT,20170347502,Davidson,Nashville,4/19/2017 5:30:00 PM,2,0,0,36.239040,-86.754780,I65 S EXT RAMP,,,,0.00,Feet,East,I 65,,,,0.00,N,Not at Intersection, ,Non-Junction,None,,,         ,Jerry,Pirtle,Cloudy,Front to Rear,no,no,no,no,no,False
101619851,METROPOLITAN NASHVILLE POLICE DEPT,20170347765,Davidson,Not in City Limit,4/19/2017 5:20:00 PM,1,1,0,36.315290,-86.872870,OLD CLARKSVILLE PKE,,,,570.00,Feet,West,JOELTON COMMUNITY CENTER RD,,,,0.00,N,Not at Intersection,N,Non-Junction,None,,,         ,Christopher,Templin,Clear,Not Collision with Motor Vehicle in Transport,no,yes,no,no,no,False
101619857,METROPOLITAN NASHVILLE POLICE DEPT,20170347826,Davidson,Nashville,4/19/2017 5:02:00 PM,2,0,0,36.146850,-86.793660,MUSIC SQS,,,,41.00,Feet,East,MUSIC SQW,,,,0.00,N,Not at Intersection, ,Non-Junction,None,,,         ,Tien,Nguyen,Clear,"Sideswipe, Same Direction",no,no,no,no,no,False
101619858,METROPOLITAN NASHVILLE POLICE DEPT,20170347628,Davidson,Nashville,4/19/2017 6:06:00 PM,4,2,0,36.153570,-86.850980,I 40,,,,0.00,,,,,,,204.35,N,Not at Intersection,N,Non-Junction,None,,,         ,Ethan,Usherwood,Clear,Front to Rear,no,no,no,no,no,False
101619859,METROPOLITAN NASHVILLE POLICE DEPT,20170347908,Davidson,Nashville,4/19/2017 7:04:00 PM,2,0,0,36.103720,-86.869530,HARDING PKE,,,,0.00,,,POST RD,,,,0.00,Y,OTHER, ,,None,,,         ,Benjamin,Spees,,,no,no,no,no,no,False
101619860,METROPOLITAN NASHVILLE POLICE DEPT,20170347056,Davidson,Nashville,4/19/2017 3:11:00 PM,2,0,0,36.040900,-86.779380,STONE BROOK DR,,,,0.00,,,OLD HICKORY BLVD,,,,0.00,Y,Four-Way, ,Intersection-Related,None,,,         ,Tien,Nguyen,Clear,Angle,no,no,no,no,no,False
101619864,METROPOLITAN NASHVILLE POLICE DEPT,20170347778,Davidson,Nashville,4/19/2017 6:25:00 PM,2,0,0,36.153710,-86.625530,STEWARTS FERRY PKE,,,,77.00,Feet,South,PERCY PRIEST DR,,,,0.00,N,Not at Intersection, ,Non-Junction,None,,,         ,Marcus,Mitchell,Clear,"Sideswipe, Same Direction",no,no,no,no,no,False
101619868,METROPOLITAN NASHVILLE POLICE DEPT,2017-0347753,Davidson,Nashville,4/19/2017 5:43:00 PM,2,1,0,36.192460,-86.622540,JUAREZ DR,,,,409.00,Feet,East,LEBANON PKE,,,,0.00,N,Not at Intersection,N,Non-Junction,None,,,         ,Sandra,Talavera,Cloudy,Front to Rear,no,no,no,no,no,False
101619875,METROPOLITAN NASHVILLE POLICE DEPT,20170347811,Davidson,Nashville,4/19/2017 6:38:00 PM,2,0,0,36.174680,-86.760570,MAIN ST,,,,120.00,Feet,East,N 7TH ST,,,,0.00,N,Not at Intersection,N,Non-Junction,None,,,         ,Jonathan,Hadley,Clear,Front to Rear,no,no,no,no,no,False
101619877,BERRY HILL POLICE DEPT,17-1283,Davidson,Berry Hill,4/18/2017 12:00:00 AM,2,0,0,36.112330,-86.767020,THOMPSON LN,,,,0.00,,,BRANSFORD AV,,,,0.00,Y,Four-Way,Y,Intersection,None,,,         ,John,Gleixner,Rain,Angle,no,no,no,no,no,False
101619880,METROPOLITAN NASHVILLE POLICE DEPT,20170348006,Davidson,Nashville,4/19/2017 6:57:00 PM,2,0,0,36.091970,-86.630750,SMITH SPRINGS RD,,,,0.00,,,OLD SMITH SPRINGS RD,,,,0.00,Y,Y-Intersection, ,Non-Junction,None,,,         ,Michael,Apsey,Cloudy,Front to Rear,no,no,no,no,no,False
101619883,METROPOLITAN NASHVILLE POLICE DEPT,20170347851,Davidson,Nashville,4/19/2017 6:34:00 PM,1,0,0,36.116070,-86.791860,I 440,,,,0.00,,,,,,,3.90,N,Not at Intersection, ,Non-Junction,None,,,         ,David,Collins,Clear,Not Collision with Motor Vehicle in Transport,no,no,no,no,no,False
101619884,GOODLETTSVILLE POLICE DEPT,17-14061,Davidson,Goodlettsville,4/19/2017 6:08:00 PM,2,2,0,36.292600,-86.733210,DICKERSON PKES,,,,171.00,Feet,East,CAMPBELL RD,,,,0.00,N,Not at Intersection,N,Non-Junction,None,,,         ,Benny,Alexander,Clear,Angle,no,no,no,no,no,False
101619906,VANDERBILT UNIVERSITY POLICE,2017-0347681,Davidson,Nashville,4/19/2017 6:00:00 PM,2,0,0,36.146150,-86.809410,WEST END AV,,,,0.00,,,,,,,0.00,,, ,,None,,,         ,Robert,Skucy,,,no,no,no,yes,no,Campus
101619907,METROPOLITAN NASHVILLE POLICE DEPT,20170348036,Davidson,Nashville,4/19/2017 7:18:00 PM,2,0,0,36.154340,-86.798960,19TH AVN,,,,0.00,,,CHURCH ST,,,,0.00,Y,Four-Way, ,Intersection-Related,None,,,         ,Tien,Nguyen,Clear,Front to Rear,no,no,no,no,no,False
101619916,METROPOLITAN NASHVILLE POLICE DEPT,20170347795,Davidson,Nashville,4/19/2017 6:30:00 PM,2,0,0,36.112480,-86.746040,NOLENSVILLE PKE,,,,600.00,Feet,North,THOMPSON LN,,,,0.00,N,Not at Intersection, ,,None,,,         ,Jonathan,Frith,,,no,no,no,no,no,False
101619920,METROPOLITAN NASHVILLE POLICE DEPT,20170347712,Davidson,Nashville,4/19/2017 5:35:00 PM,3,0,0,36.082080,-86.805190,GRANNY WHITE PKE,,,,0.00,,,GOODLOE DR,,,,0.00,Y,T-Intersection, ,Intersection,None,,,         ,Nicholas,Berens,Clear,Angle,no,no,no,no,no,False
101619923,METROPOLITAN NASHVILLE POLICE DEPT,20170347806,Davidson,Nashville,4/19/2017 5:58:00 PM,2,0,0,36.069550,-86.693500,HAYWOOD LN,,,,121.00,Feet,East,EZELL RD,,,,0.00,N,Not at Intersection,N,Non-Junction,None,,,         ,Alyson,Cook,Clear,Front to Rear,no,no,no,yes,no,False
101619965,METROPOLITAN NASHVILLE POLICE DEPT,20170347920,Davidson,Antioch,4/19/2017 6:35:00 PM,2,0,0,36.013800,-86.619370,I24 W EXT RAMP,,,,0.00,Feet,East,I 24,,,,0.00,N,Not at Intersection, ,Non-Junction,None,,,         ,Alyson,Cook,Clear,Front to Rear,no,no,no,no,no,False
101619972,METROPOLITAN NASHVILLE POLICE DEPT,20170348015,Davidson,Nashville,4/19/2017 7:57:00 PM,2,0,0,36.087590,-86.688390,EZELL PKE,,,,75.00,Feet,South,CORRECTIONS CENTER PVTDR,,,,0.00,N,Not at Intersection,N,Non-Junction,None,,,         ,William,Durham,Cloudy,"Sideswipe, Same Direction",no,no,no,yes,yes,False
101619973,METROPOLITAN NASHVILLE POLICE DEPT,20170348132,Davidson,Nashville,4/19/2017 8:28:00 PM,2,1,0,36.084210,-86.699190,I24 E ENT RAMP,,,,0.00,Feet,East,I 24,,,,0.00,N,Not at Intersection,N,Non-Junction,None,,,         ,Alyson,Cook,Clear,Angle,no,no,no,no,no,False
101619975,METROPOLITAN NASHVILLE POLICE DEPT,20170347202,Davidson,Nashville,4/19/2017 3:53:00 PM,3,0,0,36.193660,-86.831220,CLARKSVILLE PKE,,,,0.00,Feet,,BUENA VISTA PKE,,,,0.00,Y,Four-Way,N,Intersection,None,,,         ,Christopher,Templin,Clear,Front to Rear,no,no,no,no,no,False
101619987,METROPOLITAN NASHVILLE POLICE DEPT,20170310354,Davidson,Nashville,4/8/2017 2:59:00 PM,2,1,0,36.206140,-86.771800,W TRINITY LN,,,,207.00,Feet,West,LUCAS LN,,,,0.00,N,Not at Intersection,N,Non-Junction,None,,,         ,Joshua,Lackey,Clear,"Sideswipe, Same Direction",no,no,no,no,no,False
101619997,METROPOLITAN NASHVILLE POLICE DEPT,20170348313,Davidson,Nashville,4/19/2017 12:00:00 AM,2,0,0,36.144080,-86.814510,30TH AVN,,,,129.00,Feet,South,HEDRICK ST,,,,0.00,N,Not at Intersection,N,OtherLocation,None,,,         ,Tien,Nguyen,Clear,Rear to Side,no,no,no,yes,yes,Campus
101619998,METROPOLITAN NASHVILLE POLICE DEPT,20170348138,Davidson,Nashville,4/19/2017 8:33:00 PM,2,0,0,36.239090,-86.630430,OLD HICKORY BLVD,,,,139.00,Feet,North,PITTS AV,,,,0.00,N,Not at Intersection, ,Non-Junction,None,,,         ,Kyle,Burks,Clear,Front to Rear,no,no,no,no,no,False
101620007,METROPOLITAN NASHVILLE POLICE DEPT,20170348278,Davidson,Nashville,4/19/2017 8:45:00 PM,1,0,0,36.178040,-86.678410,MCGAVOCK PKE,,,,103.00,Feet,North,LINCOYA DR,,,,0.00,N,Not at Intersection,N,Non-Junction,None,,,         ,Thomas,Miller,Clear,Not Collision with Motor Vehicle in Transport,no,no,no,no,no,False
101620009,METROPOLITAN NASHVILLE POLICE DEPT,20170348451,Davidson,Nashville,4/19/2017 10:17:00 PM,1,0,0,36.042230,-86.636060,MT VIEW RD,,,,1152.00,Feet,West,OLD FRANKLIN RD,,,,0.00,N,Not at Intersection,N,Non-Junction,None,,,         ,Alyson,Cook,Clear,Not Collision with Motor Vehicle in Transport,no,no,no,no,no,False
101620024,METROPOLITAN NASHVILLE POLICE DEPT,20170347548,Davidson,Nashville,4/19/2017 4:30:00 PM,2,0,0,36.144550,-86.777370,I 65,,,,0.00,,,,,,,82.10,N,Not at Intersection, ,,None,,,         ,William,Taylor,,,no,no,no,no,no,False
101620033,METROPOLITAN NASHVILLE POLICE DEPT,20170348524,Davidson,Not in City Limit,4/19/2017 10:50:00 PM,1,1,0,36.032530,-86.988880,HIGHWAY 100,,,,745.00,Feet,West,HESTER BEASLEY RD,,,,0.00,N,Not at Intersection,N,Non-Junction,None,,,         ,Jackson,Smythe,Clear,Not Collision with Motor Vehicle in Transport,no,no,no,no,no,False
101620054,METROPOLITAN NASHVILLE POLICE DEPT,20170348613,Davidson,Nashville,4/19/2017 11:20:00 PM,2,0,0,36.174400,-86.774190,OLDHAM ST,,,,0.00,,,N 1ST ST,,,,0.00,Y,Four-Way,N,Intersection,None,,,         ,Damon,Hutcheson,Cloudy,Angle,no,no,no,no,no,False
101620057,METROPOLITAN NASHVILLE POLICE DEPT,20170348683,Davidson,Nashville,4/19/2017 10:15:00 PM,1,0,0,36.228010,-86.778910,I 24,,,,0.00,,,,,,,44.40,N,Not at Intersection,N,Non-Junction,None,,,         ,Caesar,Harris,Clear,Not Collision with Motor Vehicle in Transport,no,no,no,no,yes,False
101620059,METROPOLITAN NASHVILLE POLICE DEPT,20170348680,Davidson,Nashville,4/19/2017 11:49:00 PM,2,2,0,36.216780,-86.623510,GRANWOOD BLVD,,,,0.00,,,2ND ST,,,,0.00,Y,Four-Way,Y,Intersection,None,,,         ,Sean,Wuethrich,Clear,Front to Rear,no,no,no,no,no,False
101620064,METROPOLITAN NASHVILLE POLICE DEPT,20170348563,Davidson,Nashville,4/19/2017 10:45:00 PM,2,0,0,36.061540,-86.681500,I 24,,,,0.00,,,,,,,57.70,N,Not at Intersection,N,Non-Junction,None,,,         ,William,Williams,Clear,Front to Rear,no,no,no,no,no,False
101620068,METROPOLITAN NASHVILLE POLICE DEPT,20170348658,Davidson,Nashville,4/19/2017 11:38:00 PM,1,0,0,36.085210,-86.920640,AMBERWOOD CIR,,,,28.00,Feet,East,OLD HICKORY BLVD,,,,0.00,N,Not at Intersection,N,Non-Junction,None,,,         ,Albert,Wilson,Clear,Not Collision with Motor Vehicle in Transport,no,no,no,no,yes,False
101620079,METROPOLITAN NASHVILLE POLICE DEPT,20170348753,Davidson,Nashville,4/20/2017 12:10:00 AM,1,0,0,36.095540,-87.002690,HIGHWAY 70,,,,384.00,Feet,East,HARPETH RIV RIVERWALK GRNWY,,,,0.00,N,Not at Intersection, ,Non-Junction,None,,,         ,Kenneth,Bray,Clear,Not Collision with Motor Vehicle in Transport,no,no,no,no,no,False
101620080,METROPOLITAN NASHVILLE POLICE DEPT,20170348771,Davidson,Nashville,4/20/2017 12:00:00 AM,2,0,0,36.150970,-86.762150,CANNON ST,,,,0.00,,,CHARLES E DAVIS BLVD,,,,0.00,Y,T-Intersection, ,Non-Junction,None,,,         ,Jonathon,Sheppard,Clear,"Sideswipe, Same Direction",no,no,no,no,yes,False
101620087,METROPOLITAN NASHVILLE POLICE DEPT,2017-0349034,Davidson,Nashville,4/20/2017 2:10:00 AM,1,0,0,36.039750,-86.763400,OLD HICKORY BLVD,,,,180.00,Feet,West,HEARTHSTONE LN,,,,0.00,N,Not at Intersection,N,Non-Junction,None,,,         ,Thomas,Miller,Clear,Not Collision with Motor Vehicle in Transport,no,no,no,no,yes,False
101620099,METROPOLITAN NASHVILLE POLICE DEPT,20170348955,Davidson,Nashville,4/20/2017 1:30:00 AM,2,0,0,36.156980,-86.691960,ATRIUM WAY,,,,283.00,Feet,North,BRILEY PKWYN,,,,0.00,N,Not at Intersection,N,Non-Junction,None,,,         ,Austin,Childress,Clear,"Sideswipe, Opposite Direction",no,no,no,yes,yes,False
101620175,METROPOLITAN NASHVILLE POLICE DEPT,20170349630,Davidson,Nashville,4/20/2017 7:00:00 AM,2,1,0,36.040070,-86.781220,I65 N EXT RAMP,,,,0.00,Feet,East,I 65,,,,0.00,N,Not at Intersection,N,Non-Junction,None,,,         ,Nathan,Kemp,Clear,Front to Rear,no,no,no,no,no,False
101620193,BERRY HILL POLICE DEPT,17-1289,Davidson,Berry Hill,4/19/2017 8:36:00 AM,2,0,0,36.117600,-86.766220,BRANSFORD AV,,,,0.00,,,LARMON AV,,,,0.00,Y,T-Intersection, ,Non-Junction,None,,,         ,Ronnie,Hill,Clear,"Sideswipe, Same Direction",no,no,no,no,yes,False
101620197,METROPOLITAN NASHVILLE POLICE DEPT,20170349566,Davidson,Nashville,4/20/2017 6:19:00 AM,2,0,0,36.157850,-86.842520,46TH AVN,,,,0.00,,,ILLINOIS AV,,,,0.00,Y,Four-Way,Y,Intersection-Related,None,,,         ,Robert,Buckman,Clear,Other,no,no,no,no,no,False
101620214,METROPOLITAN NASHVILLE POLICE DEPT,20170349604,Davidson,Nashville,4/20/2017 6:50:00 AM,2,0,0,36.253220,-86.716800,GALLATIN PKES,,,,0.00,Feet,,MADISON SQ,,,,0.00,Y,Four-Way, ,Intersection,None,,,         ,Brian,Otto,Clear,Angle,no,no,no,no,no,False
101620221,METROPOLITAN NASHVILLE POLICE DEPT,20170349708,Davidson,Nashville,4/20/2017 7:25:00 AM,1,0,0,36.188260,-86.607560,ANDREW JACKSON PKWY,,,,130.00,Feet,North,CHANDLER RD,,,,0.00,N,Not at Intersection, ,Non-Junction,None,,,         ,Gregory,Lindstrom,Clear,Not Collision with Motor Vehicle in Transport,no,no,no,no,no,False
101620237,METROPOLITAN NASHVILLE POLICE DEPT,20170349663,Davidson,Nashville,4/20/2017 7:20:00 AM,1,1,0,36.159410,-86.623560,I 40,,,,0.00,,,,,,,219.40,N,Not at Intersection,N,Non-Junction,None,,,         ,Larry,Benz,Clear,Not Collision with Motor Vehicle in Transport,no,no,no,no,no,False
101620253,METROPOLITAN NASHVILLE POLICE DEPT,20170349662,Davidson,Nashville,4/20/2017 7:17:00 AM,2,0,0,36.173180,-86.758030,RUSSELL ST,,,,0.00,,,S 8TH ST,,,,0.00,Y,Four-Way,N,Intersection,None,,,         ,Richard,Conger,Clear,Angle,no,no,no,no,no,False
101620273,METROPOLITAN NASHVILLE POLICE DEPT,20170349805,Davidson,Nashville,4/20/2017 8:04:00 AM,2,0,0,36.131450,-86.727270,I 24,,,,0.00,,,,,,,51.10,N,Not at Intersection, ,Non-Junction,None,,,         ,Robert,Erickson,Clear,Front to Rear,no,no,no,no,no,False
101620283,METROPOLITAN NASHVILLE POLICE DEPT,20170349694,Davidson,Nashville,4/20/2017 7:30:00 AM,2,0,0,36.161540,-86.775970,3RD AVS,,,,0.00,,,BROADWAY,,,,0.00,Y,Four-Way, ,Intersection,None,,,         ,William,Vincion,Clear,"Sideswipe, Same Direction",no,no,no,no,no,False
101620286,METROPOLITAN NASHVILLE POLICE DEPT,20170349644,Davidson,Nashville,4/20/2017 7:00:00 AM,2,0,0,36.167150,-86.779610,3RD AVN,,,,0.00,,,JAMES ROBERTSON PKWY,,,,0.00,Y,T-Intersection, ,Non-Junction,None,,,         ,Gregory,Julia,Clear,"Sideswipe, Opposite Direction",no,no,no,no,no,False
101620296,METROPOLITAN NASHVILLE POLICE DEPT,20170349871,Davidson,Nashville,4/20/2017 8:30:00 AM,1,2,0,36.152110,-86.772960,5TH AVS,,,,95.00,Feet,North,ASH ST,,,,0.00,N,Not at Intersection,N,Non-Junction,None,,,         ,Shawn,Taylor,Clear,Not Collision with Motor Vehicle in Transport,yes,no,no,no,no,False
101620297,METROPOLITAN NASHVILLE POLICE DEPT,20170349877,Davidson,Nashville,4/20/2017 8:33:00 AM,2,1,0,36.064270,-86.627910,MURFREESBORO PKE,,,,253.00,Feet,South,HAMILTON CHURCH RD,,,,0.00,N,Not at Intersection,N,Non-Junction,None,,,         ,Roy,McElwee,Clear,Front to Rear,no,no,no,no,no,False
101620307,METROPOLITAN NASHVILLE POLICE DEPT,20170349969,Davidson,Nashville,4/20/2017 8:33:00 AM,2,1,0,36.120130,-86.726500,I440 W ENT RAMP,,,,0.00,,,I 24,,,,0.00,Y,OTHER,Y,Entrance/Exit Ramp Related,None,,,         ,Robert,Erickson,Clear,Front to Rear,no,no,no,no,no,False
101620309,METROPOLITAN NASHVILLE POLICE DEPT,20170349862,Davidson,Nashville,4/20/2017 8:08:00 AM,3,0,0,36.165140,-86.614340,I 40,,,,0.00,,,,,,,220.05,N,Not at Intersection, ,Non-Junction,None,,,         ,William,Waters,Clear,"Sideswipe, Same Direction",no,no,no,no,no,False
101620310,METROPOLITAN NASHVILLE POLICE DEPT,20170349829,Davidson,Nashville,4/20/2017 8:00:00 AM,2,0,0,36.121000,-86.807730,HILLSBORO PKE,,,,129.00,Feet,North,LOMBARDY AV,,,,0.00,N,Not at Intersection,N,Non-Junction,None,,,         ,Gregory,McDaniel,Clear,"Sideswipe, Same Direction",no,no,no,no,yes,False
101620312,METROPOLITAN NASHVILLE POLICE DEPT,20170349981,Davidson,Nashville,4/20/2017 9:10:00 AM,2,0,0,36.127050,-86.772490,I 65,,,,0.00,,,,,,,80.85,N,Not at Intersection,N,Non-Junction,None,,,         ,Nathan,Kemp,Clear,Front to Rear,no,no,no,no,yes,False
101620313,METROPOLITAN NASHVILLE POLICE DEPT,20170350030,Davidson,Nashville,4/20/2017 9:28:00 AM,3,1,0,36.146620,-86.799490,21ST AVS,,,,300.00,Feet,South,GRAND AV,,,,0.00,N,Not at Intersection,N,Non-Junction,None,,,         ,Nathan,Kemp,Clear,Front to Rear,no,no,no,no,yes,Campus
101620316,METROPOLITAN NASHVILLE POLICE DEPT,20170350021,Davidson,Nashville,4/20/2017 8:45:00 AM,2,0,0,36.098420,-86.659100,MURFREESBORO PKE,,,,106.00,Feet,East,HARDING PL,,,,0.00,N,Not at Intersection, ,Non-Junction,None,,,         ,Steven,Rowlett,Cloudy,Front to Rear,no,no,no,no,no,False
101620334,METROPOLITAN NASHVILLE POLICE DEPT,20170349898,Davidson,Nashville,4/20/2017 7:30:00 AM,2,0,0,36.187240,-86.836150,HYDES FERRY RD,,,,100.00,Feet,North,RIVER DR,,,,0.00,N,Not at Intersection,N,Non-Junction,None,,,         ,Nicholas,MacDougall,Clear,"Sideswipe, Opposite Direction",no,no,no,no,no,False
101620336,VANDERBILT UNIVERSITY POLICE,17-0346749,Davidson,Nashville,4/19/2017 1:10:00 PM,2,0,0,36.108160,-86.763000,POWELL AVE,,,,1138.00,Feet,South,THOMPSON LN,,,,0.00,,Not at Intersection, ,OtherLocation,None,,,         ,Anthony,Jones,Clear,Angle,no,no,no,yes,no,OHO
101620344,METROPOLITAN NASHVILLE POLICE DEPT,20170349629,Davidson,Nashville,4/20/2017 6:47:00 AM,2,3,0,36.232480,-86.624780,OLD HICKORY BLVD,,,,72.00,Feet,North,SHUTE LN,,,,0.00,N,Not at Intersection,N,Non-Junction,None,,,         ,James,Curtis,Clear,Front to Rear,no,no,no,no,no,False
101620392,METROPOLITAN NASHVILLE POLICE DEPT,20170349632,Davidson,Not in City Limit,4/20/2017 6:55:00 AM,5,2,0,36.330510,-86.898990,I 24,,,,0.00,,,,,,,33.15,N,Not at Intersection,N,Non-Junction,None,,,         ,David,Robberson,Clear,Front to Rear,no,no,no,no,no,False