master_record_number,agency,agency_tracking_number,county,city,collision_date,vehicles_involved,number_injured,number_dead,latitude,longitude,roadway_name,roadway_suffix,roadway_number,roadway_local_id,distance_from_reference,miles-feet_indicator,direction_from_reference,intersection_road_name,intersection_road_name_suffix,intersection_road_number,intersection_local_id,mile_marker,intersection_indicator,intersect_type,interchange_related_indicator,relation_to_junction,work_zone_type,construction_maintenance_zone,construction_maintenance_zone_location,fatal_case_number,officer_first_name,officer_last_name,weather_condition(s),manner_of_crash,pedestrian,bicycle,scooter,parking,hitrun,mou
101620394,BRENTWOOD POLICE DEPT,201700013871,Davidson,Nashville,4/20/2017 10:50:00 AM,2,1,0,36.040900,-86.779380,OLD HICKORY BLVD,,,,0.00,,,STONE BROOK DR,,,,0.00,Y,Four-Way,N,Intersection,None,,,         ,John,Maxwell,Clear,Angle,no,no,no,no,no,False
101620402,METROPOLITAN NASHVILLE POLICE DEPT,20170350143,Davidson,Nashville,4/20/2017 10:04:00 AM,2,0,0,36.065640,-86.812730,OTTER CREEK RD,,,,0.00,,,GRANNY WHITE PKE,,,,0.00,Y,Four-Way, ,Intersection,None,,,         ,Nathan,Kemp,Clear,Angle,no,no,no,no,no,False
101620419,METROPOLITAN NASHVILLE POLICE DEPT,2017-0350388,Davidson,Nashville,4/20/2017 11:12:00 AM,2,0,0,36.050730,-86.646910,BELL RD,,,,0.00,,,HICKORY HOLLOW TER,,,,0.00,Y,Four-Way, ,Intersection,None,,,         ,William,Whitworth,Clear,Angle,no,no,no,no,no,False
101620430,METROPOLITAN NASHVILLE POLICE DEPT,20170349747,Davidson,Nashville,4/20/2017 7:46:00 AM,2,0,0,36.176370,-86.768830,SPRING ST,,,,0.00,,,I24 W EXT RAMP,,,,0.00,Y,Y-Intersection, ,Intersection-Related,None,,,         ,Richard,Conger,Clear,"Sideswipe, Same Direction",no,no,no,no,no,False
101620435,METROPOLITAN NASHVILLE POLICE DEPT,20170349646,Davidson,Nashville,4/20/2017 7:15:00 AM,2,0,0,36.277140,-86.781930,BRICK CHURCH PKE,,,,13.00,Feet,North,CREEK TRAIL DR,,,,0.00,N,Not at Intersection,N,Non-Junction,None,,,         ,Terrence,Bradley,Clear,Front to Rear,no,no,no,no,no,False
101620440,METROPOLITAN NASHVILLE POLICE DEPT,20170350562,Davidson,Nashville,4/20/2017 12:49:00 PM,2,0,0,36.122470,-86.775830,FRANKLIN PKE,,,,35.00,Feet,South,HORNER AV,,,,0.00,N,Not at Intersection, ,Non-Junction,None,,,         ,Nathan,Kemp,Clear,Front to Rear,no,no,no,no,no,False
101620450,METROPOLITAN NASHVILLE POLICE DEPT,20170350462,Davidson,Nashville,4/20/2017 12:09:00 PM,2,0,0,36.157930,-86.760430,I 24,,,,0.00,,,,,,,49.60,N,Not at Intersection, ,Non-Junction,None,,,         ,Shawn,Taylor,Clear,Front to Rear,no,no,no,no,no,False
101620495,METROPOLITAN NASHVILLE POLICE DEPT,20170350186,Davidson,Nashville,4/20/2017 11:50:00 AM,2,0,0,36.055770,-86.642160,BELL RD,,,,288.00,Feet,North,THE OVERLOOK PVTDR,,,,0.00,N,Not at Intersection,N,Non-Junction,Work Zone,,,         ,Jessie,Meadows,Clear,Front to Rear,no,no,no,no,no,False
101620496,METROPOLITAN NASHVILLE POLICE DEPT,20170350104,Davidson,Nashville,4/20/2017 10:10:00 AM,2,0,0,36.145580,-86.767090,4TH AVS,,,,268.00,Feet,North,CHESTNUT ST,,,,0.00,N,Not at Intersection,N,Non-Junction,None,,,         ,Jessie,Meadows,Clear,"Sideswipe, Same Direction",no,no,no,no,no,False
101620497,METROPOLITAN NASHVILLE POLICE DEPT,20170350352,Davidson,Nashville,4/20/2017 12:03:00 PM,2,0,0,36.098690,-86.710330,I 24,,,,0.00,,,,,,,54.65,N,Not at Intersection, ,Non-Junction,None,,,         ,Jessie,Meadows,Clear,"Sideswipe, Same Direction",no,no,no,no,no,False
101620545,METROPOLITAN NASHVILLE POLICE DEPT,20170350577,Davidson,Madison,4/20/2017 1:30:00 PM,2,0,0,36.263840,-86.712380,OLD TIME VILLAGE PVTDR,,,,0.00,Feet,East,GALLATIN PKEN,,,,0.00,N,Not at Intersection, ,,Maintenance Zone,,,         ,Terrence,Bradley,,,no,no,no,no,no,False
101620556,METROPOLITAN NASHVILLE POLICE DEPT,20170350752,Davidson,Not in City Limit,4/20/2017 1:39:00 PM,2,0,0,36.057520,-86.946130,MORTON MILL RD,,,,42.00,Feet,West,OLD HARDING PKE,,,,0.00,N,Not at Intersection, ,,None,,,         ,Curtis,Rich,,,no,no,no,no,no,False
101620567,METROPOLITAN NASHVILLE POLICE DEPT,20170350416,Davidson,Nashville,4/20/2017 11:37:00 AM,3,0,0,36.209070,-86.777940,AVONDALE CIR,,,,0.00,,,BRICK CHURCH PKE,,,,0.00,Y,T-Intersection,N,Intersection,None,,,         ,Nicholas,MacDougall,Clear,Angle,no,no,no,no,yes,False
101620589,METROPOLITAN NASHVILLE POLICE DEPT,20170346564,Davidson,Nashville,4/19/2017 12:27:00 PM,2,2,0,36.148180,-86.767530,3RD AVS,,,,33.00,Feet,North,CAMERON ST,,,,0.00,N,Not at Intersection,N,Non-Junction,None,,,         ,Jessie,Meadows,Clear,Angle,no,no,no,no,no,False
101620590,METROPOLITAN NASHVILLE POLICE DEPT,20170350684,Davidson,Nashville,4/20/2017 1:54:00 PM,2,0,0,36.086700,-86.698940,I24 W ENT RAMP,,,,0.00,Feet,East,I 24,,,,0.00,N,Not at Intersection, ,Entrance/Exit Ramp Related,None,,,         ,Jessie,Meadows,Clear,"Sideswipe, Same Direction",no,no,no,no,no,False
101620592,METROPOLITAN NASHVILLE POLICE DEPT,20170350744,Davidson,Nashville,4/20/2017 1:51:00 PM,2,1,0,36.183500,-86.610760,OLD HICKORY BLVD,,,,0.00,,,DODSON CHAPEL RD,,,,0.00,Y,Four-Way,N,Intersection,None,,,         ,William,Mckay,Clear,Front to Rear,no,no,no,no,no,False
101620595,METROPOLITAN NASHVILLE POLICE DEPT,2017-0350790,Davidson,Antioch,4/20/2017 1:53:00 PM,2,0,0,36.005818,-86.610813,,,I24,,0.10,Feet,,,,,,63.20,N,Not at Intersection,N,Non-Junction,None,,,         ,William,Whitworth,Clear,Other,no,no,no,no,yes,False
101620690,METROPOLITAN NASHVILLE POLICE DEPT,20170350895,Davidson,Nashville,4/20/2017 2:50:00 PM,2,1,0,36.044880,-86.667810,BELL RD,,,,166.00,Feet,East,BEECHWOOD TER,,,,0.00,N,Not at Intersection,N,Non-Junction,None,,,         ,Jessie,Meadows,Clear,Front to Rear,no,no,no,no,no,False
101620693,METROPOLITAN NASHVILLE POLICE DEPT,2017-0350777,Davidson,Nashville,4/20/2017 2:03:00 PM,2,0,0,36.147690,-86.799340,21ST AVS,,,,100.00,Feet,South,BROADWAY,,,,0.00,N,Not at Intersection, ,,None,,,         ,Allen,Bates,,,no,no,no,no,no,Campus
101620694,METROPOLITAN NASHVILLE POLICE DEPT,20170350898,Davidson,Nashville,4/20/2017 2:59:00 PM,2,0,0,36.171030,-86.770960,MAIN ST,,,,627.00,Feet,East,N 1ST ST,,,,0.00,N,Not at Intersection, ,Non-Junction,None,,,         ,Michael,Baron,Clear,Angle,no,no,no,no,no,False
101620703,METROPOLITAN NASHVILLE POLICE DEPT,20170350869,Davidson,Nashville,4/20/2017 2:19:00 PM,2,0,0,36.104840,-86.753670,NORRIS AV,,,,172.00,Feet,East,FOSTER CREIGHTON DR,,,,0.00,N,Not at Intersection, ,Non-Junction,None,,,         ,Akira,McSwain,Clear,Angle,no,no,no,no,no,False
101620721,METROPOLITAN NASHVILLE POLICE DEPT,20170350973,Davidson,Nashville,4/20/2017 3:00:00 PM,2,0,0,36.226500,-86.625370,OLD HICKORY BLVD,,,,474.00,Feet,North,CENTER ST,,,,0.00,N,Not at Intersection,N,OtherLocation,None,,,         ,Christopher,Mackey,Clear,Front to Rear,no,no,no,no,no,False
101620731,METROPOLITAN NASHVILLE POLICE DEPT,20170351078,Davidson,Nashville,4/20/2017 3:53:00 PM,2,0,0,36.131720,-86.768970,BENTON AV,,,,162.00,Feet,West,BRANSFORD AV,,,,0.00,N,Not at Intersection, ,,None,,,         ,Katelin,Ehrhardt,,,no,no,no,no,no,False
101620739,METROPOLITAN NASHVILLE POLICE DEPT,20170350922,Davidson,Nashville,4/20/2017 3:00:00 PM,2,0,0,36.176020,-86.769740,I24 W EXT RAMP,,,,0.00,,,SPRING ST,,,,0.00,Y,Y-Intersection, ,Entrance/Exit Ramp Related,None,,,         ,Alexander,Georgeson,Clear,Front to Rear,no,no,no,no,no,False
101620745,METROPOLITAN NASHVILLE POLICE DEPT,20170351084,Davidson,Nashville,4/20/2017 4:00:00 PM,2,1,0,36.065030,-86.717300,NOLENSVILLE PKE,,,,562.00,Feet,East,NORTHCREST DR,,,,0.00,N,Not at Intersection,N,Non-Junction,None,,,         ,Nicholas,Berens,Clear,"Sideswipe, Same Direction",no,no,no,no,yes,False
101620747,METROPOLITAN NASHVILLE POLICE DEPT,20170351110,Davidson,Nashville,4/20/2017 4:15:00 PM,2,0,0,36.109950,-86.770240,I 65,,,,0.00,,,,,,,79.75,N,Not at Intersection, ,,None,,,         ,Jonathan,Frith,,,no,no,no,no,no,False
101620750,METROPOLITAN NASHVILLE POLICE DEPT,20170351045,Davidson,Nashville,4/20/2017 3:39:00 PM,2,0,0,36.141120,-86.717000,I 40,,,,0.00,,,,,,,213.80,N,Not at Intersection, ,Non-Junction,None,,,         ,Michael,Apsey,Cloudy,Front to Rear,no,no,no,no,no,False
101620760,METROPOLITAN NASHVILLE POLICE DEPT,20170351115,Davidson,Nashville,4/20/2017 3:55:00 PM,2,0,0,36.155290,-86.812060,CHARLOTTE AV,,,,0.00,,,25TH AVN,,,,0.00,Y,T-Intersection, ,Intersection,None,,,         ,David,Collins,Clear,"Sideswipe, Same Direction",no,no,no,no,no,False
101620775,METROPOLITAN NASHVILLE POLICE DEPT,20170350876,Davidson,Nashville,4/20/2017 2:36:00 PM,2,1,0,36.177940,-86.605000,OLD HICKORY BLVD,,,,0.00,Feet,,I40 E EXT RAMP,,,,0.00,Y,OTHER,N,Intersection-Related,None,,,         ,Kyle,Burks,Clear,Front to Rear,no,no,no,no,yes,False
101620781,METROPOLITAN NASHVILLE POLICE DEPT,20170351063,Davidson,Nashville,4/20/2017 3:52:00 PM,2,2,0,36.199610,-86.692910,OPRY MILLS DR,,,,1145.00,Feet,North,SHELBY BOTTOMS GRNWY,,,,0.00,N,Not at Intersection,N,"Driveway, Alley Access, etc",None,,,         ,Tyler,Maupin,Cloudy,Angle,no,no,no,no,no,False
101620783,METROPOLITAN NASHVILLE POLICE DEPT,20170351189,Davidson,Nashville,4/20/2017 12:00:00 AM,2,0,0,36.145090,-86.740220,I 40,,,,0.00,,,,,,,212.30,N,Not at Intersection,N,Non-Junction,None,,,         ,Craig,Gentry,Clear,Front to Rear,no,no,no,no,no,False
101620785,METROPOLITAN NASHVILLE POLICE DEPT,20170350951,Davidson,Nashville,4/20/2017 3:16:00 PM,2,0,0,36.177750,-86.645040,LEBANON PKE,,,,445.00,Feet,North,WELLINGTON SQ,,,,0.00,N,Not at Intersection,N,Non-Junction,None,,,         ,Jaby,Djabbarov,Clear,"Sideswipe, Same Direction",no,no,no,no,yes,False
101620792,METROPOLITAN NASHVILLE POLICE DEPT,20170351242,Davidson,Nashville,4/20/2017 4:15:00 PM,2,0,0,36.045290,-86.717320,OLD HICKORY BLVD,,,,150.00,Feet,West,HICKORY PLZ,,,,0.00,N,Not at Intersection, ,Non-Junction,None,,,         ,Nicholas,Berens,Clear,Front to Rear,no,no,no,no,no,False
101620793,METROPOLITAN NASHVILLE POLICE DEPT,20170351246,Davidson,Nashville,4/20/2017 5:05:00 PM,2,2,0,36.168690,-86.776160,JAMES ROBERTSON PKWY,,,,420.00,Feet,East,WOODLAND ST,,,,0.00,N,Not at Intersection,N,Non-Junction,None,,,         ,Kendra,Cowper,Cloudy,Front to Rear,no,no,no,no,no,False
101620799,METROPOLITAN NASHVILLE POLICE DEPT,20170351057,Davidson,Nashville,4/20/2017 3:53:00 PM,2,1,0,36.194460,-86.776170,I 24,,,,0.00,,,,,,,46.60,N,Not at Intersection,N,Non-Junction,None,,,         ,Christopher,Templin,Clear,"Sideswipe, Same Direction",no,no,no,no,no,False
101620800,METROPOLITAN NASHVILLE POLICE DEPT,20170351303,Davidson,Nashville,4/20/2017 5:13:00 PM,2,0,0,36.176140,-86.603460,OLD HICKORY BLVD,,,,472.00,Feet,South,HERMITAGE WOODS DR,,,,0.00,N,Not at Intersection, ,OtherLocation,None,,,         ,Christopher,Mackey,Cloudy,Front to Rear,no,no,no,no,no,False
101620802,METROPOLITAN NASHVILLE POLICE DEPT,20170351151,Davidson,Antioch,4/20/2017 4:54:00 PM,2,0,0,36.055360,-86.598800,HOBSON PKE,,,,431.00,Feet,North,MARITIME PORT,,,,0.00,N,Not at Intersection,N,Non-Junction,None,,,         ,Jessie,Meadows,Clear,"Sideswipe, Same Direction",no,no,no,no,yes,False
101620803,METROPOLITAN NASHVILLE POLICE DEPT,20170351200,Davidson,Nashville,4/20/2017 5:00:00 PM,2,0,0,36.166280,-86.869330,BRILEY PKWYN,,,,800.00,Feet,South,BRILEY PKWYS,,,,0.00,N,Not at Intersection, ,Non-Junction,None,,,         ,Joseph,Patricio,Clear,Front to Rear,no,no,no,no,no,False
101620806,METROPOLITAN NASHVILLE POLICE DEPT,20170351154,Davidson,Nashville,4/20/2017 4:30:00 PM,2,0,0,36.186570,-86.795630,I65 N ENT RAMP,,,,0.00,Feet,East,I 65,,,,0.00,N,Not at Intersection, ,Non-Junction,None,,,         ,Arend,Groeneweg,Clear,"Sideswipe, Same Direction",no,no,no,no,yes,False
101620814,METROPOLITAN NASHVILLE POLICE DEPT,20170350887,Davidson,Nashville,4/20/2017 12:00:00 AM,1,1,0,36.232000,-86.755970,HILLSIDE RD,,,,275.00,Feet,South,MAPLEWOOD TRC,,,,0.00,N,Not at Intersection,N,Non-Junction,None,,,         ,Gunes,Akyildiz,Clear,Not Collision with Motor Vehicle in Transport,yes,no,no,no,yes,False
101620815,METROPOLITAN NASHVILLE POLICE DEPT,20170351128,Davidson,Nashville,4/20/2017 4:16:00 PM,2,0,0,36.172750,-86.769190,I 24,,,,0.00,,,,,,,48.25,N,Not at Intersection, ,Non-Junction,None,,,         ,Joshua,Lackey,Cloudy,Front to Rear,no,no,no,no,no,False
101620816,METROPOLITAN NASHVILLE POLICE DEPT,20170351382,Davidson,Nashville,4/20/2017 5:21:00 PM,2,0,0,36.168650,-86.686860,LEBANON PKE,,,,0.00,,,,,,,0.00,,,N,Non-Junction,None,,,         ,Brian,Smith,Rain,"Sideswipe, Same Direction",no,no,no,no,yes,False
101620821,METROPOLITAN NASHVILLE POLICE DEPT,20170351067,Davidson,Nashville,4/20/2017 3:55:00 PM,3,2,0,36.058230,-86.773600,I 65,,,,0.00,,,,,,,75.10,N,Not at Intersection,N,Non-Junction,None,,,         ,Miguel,Garcia,Clear,Front to Rear,no,no,no,no,no,False
101620822,METROPOLITAN NASHVILLE POLICE DEPT,20170351296,Davidson,Nashville,4/20/2017 5:26:00 PM,3,1,0,36.089820,-86.807690,HARDING PL,,,,94.00,Feet,East,BENTON SMITH RD,,,,0.00,N,Not at Intersection,N,Non-Junction,None,,,         ,Miguel,Garcia,Rain,Front to Rear,no,no,no,no,no,False
101620830,METROPOLITAN NASHVILLE POLICE DEPT,20170351205,Davidson,Nashville,4/20/2017 4:54:00 PM,2,0,0,36.155630,-86.782480,10TH AVS,,,,181.00,Feet,South,DEMONBREUN ST,,,,0.00,N,Not at Intersection, ,Non-Junction,None,,,         ,Derek,Betty,Cloudy,"Sideswipe, Same Direction",no,no,no,no,no,False
101620831,METROPOLITAN NASHVILLE POLICE DEPT,20170351274,Davidson,Nashville,4/20/2017 5:00:00 PM,2,0,0,36.154560,-86.779210,8TH AVS,,,,0.00,,,LAFAYETTE ST,,,,0.00,Y,T-Intersection,N,Intersection-Related,None,,,         ,Derek,Betty,Rain,"Sideswipe, Same Direction",no,no,no,no,no,False
101620832,METROPOLITAN NASHVILLE POLICE DEPT,20170351284,Davidson,Nashville,4/20/2017 5:20:00 PM,2,2,0,36.096700,-86.771870,MORRISWOOD DR,,,,0.00,,,FRANKLIN PKE,,,,0.00,Y,T-Intersection,N,Intersection,None,,,         ,Jonathan,Frith,Rain,Angle,no,no,no,no,no,False
101620834,METROPOLITAN NASHVILLE POLICE DEPT,20170351465,Davidson,Nashville,4/20/2017 12:00:00 AM,2,0,0,36.152380,-86.766400,I 40,,,,0.00,,,,,,,210.60,N,Not at Intersection, ,Non-Junction,None,,,         ,Craig,Gentry,Rain,Front to Rear,no,no,no,no,no,False
101620836,METROPOLITAN NASHVILLE POLICE DEPT,20170351398,Davidson,Nashville,4/20/2017 4:50:00 PM,2,0,0,36.081950,-86.761790,I65 N EXT RAMP,,,,60.00,Feet,South,SIDCO DR,,,,0.00,N,Not at Intersection, ,Non-Junction,None,,,         ,Nicholas,Berens,Cloudy,Front to Rear,no,no,no,no,no,False
101620840,METROPOLITAN NASHVILLE POLICE DEPT,20170351261,Davidson,Nashville,4/20/2017 5:10:00 PM,2,0,0,36.170760,-86.767610,WOODLAND ST,,,,20.00,Feet,South,I24 W ENT RAMP,,,,0.00,N,Not at Intersection, ,Non-Junction,None,,,         ,Tyler,Manivong,Rain,"Sideswipe, Same Direction",no,no,no,no,no,False
101620863,METROPOLITAN NASHVILLE POLICE DEPT,20170351483,Davidson,Nashville,4/20/2017 6:30:00 PM,2,1,0,36.094540,-86.771630,FRANKLIN PKE,,,,615.00,Feet,North,SOUTHMEADE PKWY,,,,0.00,N,Not at Intersection,N,Non-Junction,None,,,         ,Edin,Plancic,Rain,Front to Rear,no,no,no,no,yes,False
101620866,METROPOLITAN NASHVILLE POLICE DEPT,20170351267,Davidson,Nashville,4/20/2017 5:10:00 PM,4,0,0,36.070960,-86.769680,I 65,,,,0.00,,,,,,,77.00,N,Not at Intersection,N,Non-Junction,None,,,         ,Jed,Baldoni,Cloudy,Front to Rear,no,no,no,no,no,False
101620868,METROPOLITAN NASHVILLE POLICE DEPT,20170351535,Davidson,Nashville,4/20/2017 6:30:00 PM,2,0,0,36.126730,-86.804280,21ST AVS,,,,137.00,Feet,South,BEECHWOOD AV,,,,0.00,N,Not at Intersection, ,Non-Junction,None,,,         ,Ryan,Cagle,Clear,Angle,no,no,no,no,no,False
101620888,METROPOLITAN NASHVILLE POLICE DEPT,20170351343,Davidson,Nashville,4/20/2017 5:46:00 PM,2,1,0,36.071730,-86.683840,ANTIOCH PKE,,,,204.00,Feet,South,CHEROKEE PL,,,,0.00,N,Not at Intersection,N,Non-Junction,None,,,         ,Matthew,Johnson,Rain,Front to Rear,no,no,no,no,no,False
101620890,METROPOLITAN NASHVILLE POLICE DEPT,20170351402,Davidson,Nashville,4/20/2017 6:00:00 PM,2,0,0,36.192820,-86.828620,CLIFF DR,,,,219.00,Feet,North,CLARKSVILLE PKE,,,,0.00,N,Not at Intersection, ,Non-Junction,None,,,         ,Arend,Groeneweg,Rain,"Sideswipe, Same Direction",no,no,no,no,yes,False
101620891,METROPOLITAN NASHVILLE POLICE DEPT,20170351368,Davidson,Nashville,4/20/2017 5:36:00 PM,2,0,0,36.107875,-86.922472,OLD HICKORY BLVD,,,,0.00,,,ROCKY LN,,,,0.00,Y,T-Intersection, ,Intersection,None,,,         ,Jeremy,Huffine,Rain,Angle,no,no,no,no,no,False
101620895,METROPOLITAN NASHVILLE POLICE DEPT,20170351525,Davidson,Nashville,4/20/2017 5:30:00 PM,2,0,0,36.085630,-86.769000,HARDING PL,,,,0.00,,,PEACH ORCHARD DR,,,,0.00,Y,T-Intersection,N,Non-Junction,None,,,         ,Miguel,Garcia,Rain,Angle,no,no,no,no,no,False
101620896,METROPOLITAN NASHVILLE POLICE DEPT,20170351560,Davidson,Nashville,4/20/2017 6:50:00 PM,1,1,0,36.085730,-86.768640,PEACH ORCHARD DR,,,,112.00,Feet,East,HARDING PL,,,,0.00,N,Not at Intersection,N,Non-Junction,None,,,         ,Miguel,Garcia,Rain,Not Collision with Motor Vehicle in Transport,no,no,no,no,no,False
101620897,METROPOLITAN NASHVILLE POLICE DEPT,20170351172,Davidson,Nashville,4/20/2017 3:20:00 PM,2,0,0,36.154410,-86.758460,I 40,,,,0.00,,,,,,,211.05,N,Not at Intersection, ,,None,,,         ,Brent,Hedgcoth,,,no,no,no,no,no,False
101620898,METROPOLITAN NASHVILLE POLICE DEPT,20170351276,Davidson,Nashville,4/20/2017 5:15:00 PM,2,0,0,36.151820,-86.766920,CARROLL ST,,,,0.00,,,1ST AVS,,,,0.00,Y,T-Intersection, ,Intersection,None,,,         ,Brent,Hedgcoth,Cloudy,Angle,no,no,no,no,no,False
101620900,METROPOLITAN NASHVILLE POLICE DEPT,20170351542,Davidson,Nashville,4/20/2017 6:26:00 PM,2,0,0,36.238080,-86.786160,BRILEY PKWYW,,,,49.00,Feet,East,I24 E EXT RAMP,,,,0.00,N,Not at Intersection, ,Non-Junction,None,,,         ,Rodney,Phipps,Clear,Front to Rear,no,no,no,no,no,False
101620904,METROPOLITAN NASHVILLE POLICE DEPT,20170351363,Davidson,Nashville,4/20/2017 5:30:00 PM,2,0,0,36.238120,-86.783030,BRILEY PKWYE,,,,0.00,,,I24 W EXT RAMP,,,,0.00,Y,OTHER,Y,Entrance/Exit Ramp Related,None,,,         ,William,Crowe,Cloudy,Angle,no,no,no,no,no,False
101620905,METROPOLITAN NASHVILLE POLICE DEPT,20170351569,Davidson,Nashville,4/20/2017 3:30:00 PM,2,0,0,36.161400,-86.819190,28TH AVN,,,,67.00,Feet,North,HERMAN ST,,,,0.00,N,Not at Intersection,N,Non-Junction,None,,,         ,Matthew,Boguskie,Clear,Front to Rear,no,no,no,no,yes,False
101620908,METROPOLITAN NASHVILLE POLICE DEPT,20170351624,Davidson,Nashville,4/20/2017 7:17:00 PM,2,1,0,36.157040,-86.774820,KOREAN VETERANS BLVD,,,,52.00,Feet,West,4TH AVS,,,,0.00,N,Not at Intersection,N,Non-Junction,None,,,         ,Derek,Betty,Clear,Front to Rear,no,no,no,no,no,False
101620913,METROPOLITAN NASHVILLE POLICE DEPT,20170351620,Davidson,Nashville,4/20/2017 6:21:00 PM,2,0,0,36.155650,-86.789720,14TH AVN,,,,0.00,,,BROADWAY,,,,0.00,Y,Four-Way, ,Intersection,None,,,         ,David,Collins,Rain,"Sideswipe, Same Direction",no,no,no,no,no,False
101620928,METROPOLITAN NASHVILLE POLICE DEPT,20170350431,Davidson,Antioch,4/20/2017 11:47:00 AM,1,0,0,36.053820,-86.572770,LAVERGNE COUCHVILLE PKE,,,,161.00,Feet,South,HAMILTON CHURCH RD,,,,0.00,N,Not at Intersection,N,Non-Junction,None,,,         ,Alyson,Cook,Clear,Not Collision with Motor Vehicle in Transport,no,no,no,no,yes,False
101620931,METROPOLITAN NASHVILLE POLICE DEPT,20170351271,Davidson,Nashville,4/20/2017 5:10:00 PM,2,0,0,36.089530,-86.650260,MURFREESBORO PKE,,,,181.00,Feet,North,RANSOM PL,,,,0.00,N,Not at Intersection,N,Non-Junction,None,,,         ,Kevin,Keating,Clear,Front to Rear,no,no,no,no,no,False
101620938,METROPOLITAN NASHVILLE POLICE DEPT,20170351195,Davidson,Nashville,4/20/2017 4:27:00 PM,2,0,0,36.153850,-86.761770,CHARLES E DAVIS BLVD,,,,92.00,Feet,South,OLD HERMITAGE AV,,,,0.00,N,Not at Intersection,N,Non-Junction,None,,,         ,John,Daugherty,Clear,Angle,no,no,no,no,no,False
101620939,METROPOLITAN NASHVILLE POLICE DEPT,20170351515,Davidson,Nashville,4/20/2017 6:45:00 PM,2,0,0,36.203760,-86.747630,E TRINITY LN,,,,267.00,Feet,South,DR RICHARD G ADAMS DR,,,,0.00,N,Not at Intersection, ,Non-Junction,None,,,         ,Christopher,Augustin,Cloudy,Front to Rear,no,no,no,yes,no,False
101620942,VANDERBILT UNIVERSITY POLICE,17-0344062,Davidson,Nashville,4/18/2017 7:05:00 PM,1,0,0,36.108970,-86.762750,POWELL AVE,,,,0.00,,,,,,,0.00,,,N,Intersection-Related,None,,,         ,Cheryl,Bradley,Rain,Not Collision with Motor Vehicle in Transport,no,no,no,yes,no,OHO
101620944,METROPOLITAN NASHVILLE POLICE DEPT,20170351518,Davidson,Nashville,4/20/2017 6:40:00 PM,2,1,0,36.123190,-86.807450,I 440,,,,0.00,,,,,,,2.65,N,Not at Intersection,N,Non-Junction,None,,,         ,Torian,Cox,Rain,Front to Rear,no,no,no,no,no,False
101620946,METROPOLITAN NASHVILLE POLICE DEPT,20170351600,Davidson,Nashville,4/20/2017 4:40:00 PM,2,0,0,36.118400,-86.726000,I 24,,,,0.00,,,,,,,53.00,N,Not at Intersection, ,Non-Junction,None,,,         ,William,McDaniel,Cloudy,Front to Rear,no,no,no,no,no,False
101620971,METROPOLITAN NASHVILLE POLICE DEPT,20170351988,Davidson,Nashville,4/20/2017 8:55:00 PM,2,0,0,36.040250,-86.768130,OLD HICKORY BLVD,,,,71.00,Feet,East,SEVEN SPRINGS WAY,,,,0.00,N,Not at Intersection, ,Non-Junction,None,,,         ,Miguel,Garcia,Clear,Front to Rear,no,no,no,no,no,False
101620975,METROPOLITAN NASHVILLE POLICE DEPT,20170351263,Davidson,Not in City Limit,4/20/2017 5:13:00 PM,1,1,0,36.265620,-86.680610,RIO VISTA DR,,,,67.00,Feet,South,N DUPONT AV,,,,0.00,N,Not at Intersection,N,Non-Junction,None,,,         ,Samuel,Miller,Cloudy,Not Collision with Motor Vehicle in Transport,no,no,no,no,no,False
101620979,METROPOLITAN NASHVILLE POLICE DEPT,20170351567,Davidson,Nashville,4/20/2017 5:35:00 PM,2,0,0,36.114010,-86.792040,CLIFTON LN,,,,57.00,Feet,East,GRANNY WHITE PKE,,,,0.00,N,Not at Intersection,N,Non-Junction,None,,,         ,Katelin,Ehrhardt,Rain,Angle,no,no,no,no,no,False
101620998,METROPOLITAN NASHVILLE POLICE DEPT,20170351628,Davidson,Nashville,4/20/2017 7:28:00 PM,2,2,0,36.099760,-86.711190,I 24,,,,0.00,,,,,,,54.60,N,Not at Intersection,N,Non-Junction,None,,,         ,Jeffrey,Livingston,Rain,Front to Rear,no,no,no,no,no,False
101621000,METROPOLITAN NASHVILLE POLICE DEPT,20170351789,Davidson,Nashville,4/20/2017 8:00:00 PM,2,2,0,36.230210,-86.770730,EWING DR,,,,25.00,Feet,East,HILLHURST DR,,,,0.00,N,Not at Intersection,N,Non-Junction,None,,,         ,Amanda,Fox,Cloudy,"Sideswipe, Opposite Direction",no,no,no,no,no,False
101621001,METROPOLITAN NASHVILLE POLICE DEPT,20170350939,Davidson,Nashville,4/20/2017 3:16:00 PM,3,3,0,36.249390,-86.719410,GALLATIN PKES,,,,0.00,,,E PALESTINE AV,,,,0.00,Y,Four-Way,Y,Intersection,None,,,         ,Samuel,Miller,Cloudy,Front to Rear,no,no,no,no,no,False
101621009,METROPOLITAN NASHVILLE POLICE DEPT,20170351419,Davidson,Nashville,4/20/2017 5:12:00 PM,2,0,0,36.149560,-86.747770,I 40,,,,0.00,,,,,,,211.75,N,Not at Intersection, ,Non-Junction,None,,,         ,John,Daugherty,Rain,"Sideswipe, Same Direction",no,no,no,no,no,False
101621010,METROPOLITAN NASHVILLE POLICE DEPT,20170352146,Davidson,Nashville,4/20/2017 9:59:00 PM,2,1,0,36.157150,-86.786170,11TH AVN,,,,4.00,Feet,North,BROADWAY,,,,0.00,N,Not at Intersection,N,Non-Junction,None,,,         ,Joshua,Hausman,Clear,Front to Rear,no,no,no,no,no,False