master_record_number,agency,agency_tracking_number,county,city,collision_date,vehicles_involved,number_injured,number_dead,latitude,longitude,roadway_name,roadway_suffix,roadway_number,roadway_local_id,distance_from_reference,miles-feet_indicator,direction_from_reference,intersection_road_name,intersection_road_name_suffix,intersection_road_number,intersection_local_id,mile_marker,intersection_indicator,intersect_type,interchange_related_indicator,relation_to_junction,work_zone_type,construction_maintenance_zone,construction_maintenance_zone_location,fatal_case_number,officer_first_name,officer_last_name,weather_condition(s),manner_of_crash,pedestrian,bicycle,scooter,parking,hitrun,mou
101622880,METROPOLITAN NASHVILLE POLICE DEPT,20170357755,Davidson,Nashville,4/22/2017 7:24:00 PM,2,0,0,36.048090,-86.760010,HILL RD,,,,379.00,Feet,East,MAXWELL CRSG,,,,0.00,N,Not at Intersection, ,,None,,,         ,Eric,Thomas,,,no,no,no,no,no,False
101622887,METROPOLITAN NASHVILLE POLICE DEPT,20170357986,Davidson,Nashville,4/22/2017 8:35:00 PM,1,0,0,36.136110,-86.727250,I24 E EXT RAMP,,,,0.00,,,I 24,,,,0.00,Y,OTHER,N,Entrance/Exit Ramp Related,None,,,         ,Jeffrey,Livingston,Cloudy,Not Collision with Motor Vehicle in Transport,no,no,no,no,no,False
101622889,METROPOLITAN NASHVILLE POLICE DEPT,20170358196,Davidson,Nashville,4/22/2017 9:30:00 PM,2,0,0,36.106920,-86.674760,MURFREESBORO PKE,,,,564.00,Feet,West,DONELSON PKE,,,,0.00,N,Not at Intersection,N,Non-Junction,None,,,         ,William,McDaniel,Cloudy,Front to Rear,no,no,no,no,no,False
101622900,METROPOLITAN NASHVILLE POLICE DEPT,20170358206,Davidson,Nashville,4/22/2017 9:37:00 PM,2,2,0,36.167910,-86.818670,27TH AVN,,,,0.00,,,JEFFERSON ST,,,,0.00,Y,T-Intersection,N,Intersection-Related,None,,,         ,Thomas,Burns,Cloudy,HeadOn,no,no,no,no,no,False
101622901,Metro Park Police,20170354596,Davidson,Nashville,4/21/2017 3:15:00 AM,2,0,0,36.061600,-86.907270,HIGHWAY 100,,,,821.00,Feet,West,OLD HICKORY BLVD,,,,0.00,N,Not at Intersection,Y,Non-Junction,None,,,         ,Penny,Adcock,Rain,Other,no,no,no,no,no,False
101622902,METROPOLITAN NASHVILLE POLICE DEPT,20170358166,Davidson,Nashville,4/22/2017 8:40:00 PM,2,0,0,36.059710,-86.687580,PANAMINT DR,,,,76.00,Feet,South,CIMARRON WAY,,,,0.00,N,Not at Intersection,N,Non-Junction,None,,,         ,Nakia,Reid,Rain,Rear to Side,no,no,no,no,yes,False
101622910,METROPOLITAN NASHVILLE POLICE DEPT,20170358170,Davidson,Nashville,4/22/2017 10:08:00 PM,2,0,0,36.194740,-86.775570,I 65,,,,0.00,,,,,,,86.50,N,Not at Intersection,Y,Entrance/Exit Ramp Related,None,,,         ,Christopher,Valdez,Clear,Angle,no,no,no,no,yes,False
101622928,METROPOLITAN NASHVILLE POLICE DEPT,20170358449,Davidson,Nashville,4/22/2017 11:20:00 PM,1,1,0,36.142330,-86.709720,I 40,,,,0.00,,,,,,,214.20,N,Not at Intersection,N,Non-Junction,None,,,         ,Tien,Nguyen,Cloudy,Not Collision with Motor Vehicle in Transport,no,no,no,no,no,False
101622954,METROPOLITAN NASHVILLE POLICE DEPT,20170358331,Davidson,Nashville,4/22/2017 10:15:00 PM,2,0,0,36.191780,-86.782680,I 65,,,,0.00,,,,,,,86.20,N,Not at Intersection,N,Non-Junction,None,,,         ,Damon,Hutcheson,Cloudy,Front to Rear,no,no,no,no,no,False
101622960,METROPOLITAN NASHVILLE POLICE DEPT,20170358484,Davidson,Nashville,4/22/2017 12:00:00 AM,2,0,0,36.161580,-86.783890,ROSA L PARKS BLVD,,,,0.00,,,CHURCH ST,,,,0.00,Y,Four-Way,N,Intersection,None,,,         ,Kevin,Ott,Rain,Angle,no,no,no,no,yes,False
101622968,METROPOLITAN NASHVILLE POLICE DEPT,20170358541,Davidson,Nashville,4/22/2017 11:08:00 PM,2,0,0,36.153960,-86.818220,28TH AVN,,,,0.00,,,CHARLOTTE AV,,,,0.00,Y,Four-Way, ,Intersection,None,,,         ,Craig,Oakley,Rain,Angle,no,no,no,no,no,False
101622969,METROPOLITAN NASHVILLE POLICE DEPT,20170358460,Davidson,Nashville,4/22/2017 10:32:00 PM,2,0,0,36.140650,-86.721070,I 40,,,,0.00,,,,,,,213.60,N,Not at Intersection, ,Non-Junction,None,,,         ,Joseph,Zambardi,Rain,"Sideswipe, Same Direction",no,no,no,no,no,False
101622978,METROPOLITAN NASHVILLE POLICE DEPT,20170358655,Davidson,Nashville,4/23/2017 12:31:00 AM,2,0,0,36.155850,-86.777290,KOREAN VETERANS BLVD,,,,0.00,,,6TH AVS,,,,0.00,Y,Four-Way, ,Intersection-Related,None,,,         ,John,Anderson,Rain,"Sideswipe, Same Direction",no,no,no,no,no,False
101622998,METROPOLITAN NASHVILLE POLICE DEPT,20170358701,Davidson,Nashville,4/23/2017 12:59:00 AM,2,0,0,36.206110,-86.771490,W TRINITY LN,,,,116.00,Feet,West,LUCAS LN,,,,0.00,N,Not at Intersection,N,Non-Junction,None,,,         ,Brandon,Hughes,Rain,Angle,no,no,no,no,no,False
101623001,METROPOLITAN NASHVILLE POLICE DEPT,20170356419,Davidson,Nashville,4/22/2017 5:54:00 AM,1,1,0,36.050400,-86.667970,I 24,,,,0.00,,,,,,,58.80,N,Not at Intersection,N,Non-Junction,None,,,         ,Dezmond,Hughes,Rain,Not Collision with Motor Vehicle in Transport,no,no,no,no,no,False
101623010,METROPOLITAN NASHVILLE POLICE DEPT,20170358816,Davidson,Nashville,4/23/2017 12:00:00 AM,1,0,0,36.091330,-86.892330,MELINDA DR,,,,75.00,Feet,North,CARNAVON PKWY,,,,0.00,N,Not at Intersection,N,Non-Junction,None,,,         ,Kristen,Morgan,Rain,Not Collision with Motor Vehicle in Transport,no,no,no,no,no,False
101623018,VANDERBILT UNIVERSITY POLICE,17-03585553,Davidson,Nashville,4/23/2017 12:00:00 AM,2,0,0,36.145950,-86.810460,WEST END AV,,,,230.00,Feet,West,CENTENNIAL PARK PVTDR,,,,0.00,N,Not at Intersection, ,Non-Junction,None,,,         ,Jonathan,McAllister,Rain,"Sideswipe, Same Direction",no,no,no,no,no,Campus
101623019,METROPOLITAN NASHVILLE POLICE DEPT,20170358639,Davidson,Nashville,4/23/2017 12:25:00 AM,1,2,0,36.186330,-86.690410,BRILEY PKWYN,,,,95.00,Feet,East,BRILEY PKWYS,,,,0.00,N,Not at Intersection,N,Non-Junction,None,,,         ,Emily,Mulready,Rain,Not Collision with Motor Vehicle in Transport,no,no,no,no,no,False
101623030,METROPOLITAN NASHVILLE POLICE DEPT,20170358528,Davidson,Nashville,4/22/2017 12:00:00 AM,1,0,0,36.053920,-86.775150,I 65,,,,0.00,,,,,,,74.80,N,Not at Intersection,N,Non-Junction,None,,,         ,Jose,Salazar,Rain,Not Collision with Motor Vehicle in Transport,no,no,no,no,no,False
101623032,METROPOLITAN NASHVILLE POLICE DEPT,20170358567,Davidson,Nashville,4/22/2017 11:50:00 PM,1,1,0,36.041720,-86.782420,I 65,,,,0.00,,,,,,,74.80,N,Not at Intersection,N,Non-Junction,None,,,         ,Joshua,Dickall,Rain,Not Collision with Motor Vehicle in Transport,no,no,no,no,no,False
101623036,METROPOLITAN NASHVILLE POLICE DEPT,20170358861,Davidson,Nashville,4/23/2017 1:52:00 AM,2,0,0,36.152780,-86.790130,DEMONBREUN ST,,,,424.00,Feet,East,DIVISION ST,,,,0.00,N,Not at Intersection, ,Non-Junction,None,,,         ,Joshua,Billotte,Rain,"Sideswipe, Same Direction",no,no,no,no,no,False
101623037,METROPOLITAN NASHVILLE POLICE DEPT,20170358798,Davidson,Nashville,4/23/2017 2:02:00 AM,2,1,0,36.079060,-86.746460,HARDING PL,,,,398.00,Feet,West,DANBY DR,,,,0.00,N,Not at Intersection,N,Non-Junction,None,,,         ,Cody,Jaworski,Rain,Front to Rear,no,no,no,no,no,False
101623046,METROPOLITAN NASHVILLE POLICE DEPT,20170358836,Davidson,Nashville,4/23/2017 2:25:00 AM,2,0,0,36.171840,-86.764770,S 5TH ST,,,,0.00,,,WOODLAND ST,,,,0.00,Y,Four-Way,Y,Intersection,None,,,         ,Michael,Wolterbeek,Rain,HeadOn,no,no,no,no,no,False
101623052,METROPOLITAN NASHVILLE POLICE DEPT,20170358949,Davidson,Nashville,4/23/2017 12:00:00 AM,1,0,0,36.142540,-86.708460,I 40,,,,0.00,,,,,,,214.30,N,Not at Intersection,N,Non-Junction,None,,,         ,Bo,Branum,Rain,Unknown,no,no,no,no,yes,False
101623057,METROPOLITAN NASHVILLE POLICE DEPT,20170358896,Davidson,Nashville,4/23/2017 3:08:00 AM,2,1,0,36.142300,-86.742830,MURFREESBORO PKE,,,,0.00,,,POLK AV,,,,0.00,Y,T-Intersection,N,Intersection-Related,None,,,         ,Joseph,Zambardi,Clear,Front to Rear,no,no,no,no,no,False
101623058,METROPOLITAN NASHVILLE POLICE DEPT,20170358909,Davidson,Nashville,4/23/2017 3:24:00 AM,2,0,0,36.161230,-86.775770,3RD AVS,,,,126.00,Feet,South,BROADWAY,,,,0.00,N,Not at Intersection,N,Non-Junction,None,,,         ,Hunter,Fikes,Rain,Front to Rear,no,no,no,no,yes,False
101623065,METROPOLITAN NASHVILLE POLICE DEPT,20170358699,Davidson,Nashville,4/23/2017 12:50:00 AM,1,0,0,36.158970,-86.876410,JAMES CT,,,,0.00,,,JAMES AV,,,,0.00,Y,OTHER, ,Unknown,Unknown,,,         ,Kenneth,Bray,Rain,Unknown,no,no,no,no,no,False
101623066,METROPOLITAN NASHVILLE POLICE DEPT,20170358489,Davidson,Nashville,4/22/2017 4:30:00 PM,2,0,0,36.217540,-86.811430,VANDERHORST DR,,,,450.00,Feet,West,MOORMANS ARM RD,,,,0.00,N,Not at Intersection,N,Non-Junction,None,,,         ,Anthony,Cavis,Rain,Front to Rear,no,no,no,no,yes,False
101623067,METROPOLITAN NASHVILLE POLICE DEPT,20170358975,Davidson,Nashville,4/23/2017 4:15:00 AM,1,1,0,36.136960,-86.727300,I 24,,,,0.00,,,,,,,51.30,N,Not at Intersection,N,Non-Junction,None,,,         ,Erik,Dabbs,Rain,Not Collision with Motor Vehicle in Transport,no,no,no,no,no,False
101623068,METROPOLITAN NASHVILLE POLICE DEPT,20170358618,Davidson,Nashville,4/23/2017 12:09:00 AM,2,1,0,36.048580,-86.776040,I 65,,,,0.00,,,,,,,75.40,N,Not at Intersection,N,Non-Junction,None,,,         ,Eugene,Martino,Rain,Not Collision with Motor Vehicle in Transport,no,no,no,no,no,False
101623071,METROPOLITAN NASHVILLE POLICE DEPT,20170358980,Davidson,Nashville,4/23/2017 3:15:00 AM,2,0,0,36.039640,-86.602930,MURFREESBORO,PIKE,SR41,,0.00,,,OLD HICKORY,BLVD,,,0.00,Y,Four-Way,Y,Intersection,None,,,         ,Kevin,Breeding,Rain,Angle,no,no,no,no,yes,False
101623072,METROPOLITAN NASHVILLE POLICE DEPT,20170359036,Davidson,Nashville,4/23/2017 5:08:00 AM,1,0,0,36.233740,-86.778580,MOOREWOOD DR,,,,435.00,Feet,West,CREEKWOOD DR,,,,0.00,N,Not at Intersection, ,Non-Junction,None,,,         ,Rudy,Basaldua,Rain,Not Collision with Motor Vehicle in Transport,no,no,no,no,no,False
101623075,METROPOLITAN NASHVILLE POLICE DEPT,20170358857,Davidson,Nashville,4/23/2017 1:35:00 AM,1,0,0,36.057660,-86.672470,BLUE HOLE RD,,,,530.00,Feet,North,MILL CREEK BLUE HOLE GRNWY,,,,0.00,N,Not at Intersection,N,Non-Junction,None,,,         ,Sandra,Fly,Cloudy,Not Collision with Motor Vehicle in Transport,no,no,no,no,no,False
101623087,METROPOLITAN NASHVILLE POLICE DEPT,20170359061,Davidson,Antioch,4/23/2017 5:34:00 AM,2,1,0,36.054070,-86.618570,MURFREESBORO PIKE,PIKE,,,0.00,,,MT. VIEW RD,RD,,,0.00,Y,Four-Way,N,Intersection,None,,,         ,William,Coy,Rain,Angle,no,no,no,no,yes,False
101623097,BERRY HILL POLICE DEPT,17-1313,Davidson,Berry Hill,4/20/2017 11:59:00 AM,2,0,0,36.125790,-86.765870,CRAIGHEAD ST,,,,0.00,,,BRANSFORD AV,,,,0.00,Y,Four-Way, ,Intersection,None,,,         ,Ronnie,Hill,Cloudy,Angle,no,no,no,no,no,False
101623103,METROPOLITAN NASHVILLE POLICE DEPT,20170359034,Davidson,Nashville,4/23/2017 3:25:00 AM,3,0,0,36.069700,-86.669520,DOWDY DR,,,,615.00,Feet,North,RICHARDS RD,,,,0.00,N,Not at Intersection,N,Non-Junction,None,,,         ,Dezmond,Hughes,Clear,Front to Rear,no,no,no,no,no,False
101623107,METROPOLITAN NASHVILLE POLICE DEPT,20170359132,Davidson,Nashville,4/23/2017 5:00:00 AM,1,0,0,36.067270,-86.631100,MURFREESBORO PKE,,,,25.00,Feet,South,FOREST VIEW DR,,,,0.00,N,Not at Intersection,N,Non-Junction,None,,,         ,Caleb,Jernigan,Cloudy,Not Collision with Motor Vehicle in Transport,no,no,no,no,yes,False
101623119,METROPOLITAN NASHVILLE POLICE DEPT,20170359163,Davidson,Nashville,4/23/2017 7:30:00 AM,1,0,0,36.224420,-86.774540,I 65,,,,0.00,,,,,,,88.55,N,Not at Intersection, ,Non-Junction,None,,,         ,Terrence,Bradley,Rain,Not Collision with Motor Vehicle in Transport,no,no,no,no,no,False
101623130,METROPOLITAN NASHVILLE POLICE DEPT,20170359180,Davidson,Nashville,4/23/2017 7:40:00 AM,1,1,0,36.052230,-86.670660,I 24,,,,0.00,,,,,,,58.60,N,Not at Intersection,N,Non-Junction,None,,,         ,Blake,Lutz,Rain,Not Collision with Motor Vehicle in Transport,no,no,no,no,no,False
101623151,METROPOLITAN NASHVILLE POLICE DEPT,20170359356,Davidson,Not in City Limit,4/22/2017 3:24:00 PM,1,0,0,36.034700,-86.973900,MCCRORY LN,,,,71.00,Feet,North,HIGHWAY 100,,,,0.00,N,Not at Intersection, ,Non-Junction,None,,,         ,Andrew,Maholland,Cloudy,Not Collision with Motor Vehicle in Transport,no,no,no,yes,yes,False
101623153,METROPOLITAN NASHVILLE POLICE DEPT,20170359371,Davidson,Nashville,4/23/2017 9:42:00 AM,1,1,0,36.041040,-86.782640,I 65,,,,0.00,,,I65 S EXT RAMP,,,,0.00,Y,OTHER,N,Non-Junction,None,,,         ,Earl,Davis,Rain,Not Collision with Motor Vehicle in Transport,no,no,no,no,no,False
101623169,METROPOLITAN NASHVILLE POLICE DEPT,20170359126,Davidson,Nashville,4/23/2017 12:00:00 AM,2,0,0,36.167730,-86.799250,14TH AVN,,,,16.00,Feet,North,ANDREW JACKSON COURTS PVTDR,,,,0.00,N,Not at Intersection,N,Non-Junction,None,,,         ,Nicholas,MacDougall,Rain,Unknown,no,no,no,no,yes,False
101623186,METROPOLITAN NASHVILLE POLICE DEPT,20170359418,Davidson,Nashville,4/23/2017 10:05:00 AM,2,0,0,36.195330,-86.730830,PENNINGTON AV,,,,0.00,,,CAHAL AV,,,,0.00,Y,Four-Way,N,Non-Junction,None,,,         ,Gregory,Cenicola,Rain,Angle,no,no,no,no,no,False
101623189,METROPOLITAN NASHVILLE POLICE DEPT,20170359394,Davidson,Nashville,4/23/2017 9:53:00 AM,2,0,0,36.183130,-86.772600,JOSEPH AV,,,,0.00,,,GRACE ST,,,,0.00,Y,OTHER, ,Non-Junction,None,,,         ,Doyle,Price,Rain,Front to Rear,no,no,no,no,no,False
101623194,METROPOLITAN NASHVILLE POLICE DEPT,20170359254,Davidson,Nashville,4/23/2017 8:23:00 AM,1,0,0,36.168560,-86.608870,I40 W ENT RAMP,,,,0.00,Feet,East,I 40,,,,0.00,N,Not at Intersection,N,Entrance/Exit Ramp Related,None,,,         ,Tyler,Adcock,Rain,Not Collision with Motor Vehicle in Transport,no,no,no,no,no,False
101623197,METROPOLITAN NASHVILLE POLICE DEPT,2017-0359433,Davidson,Nashville,4/23/2017 10:13:00 AM,2,0,0,36.050730,-86.646910,BELL RD,,,,0.00,,,HICKORY HOLLOW TER,,,,0.00,Y,Four-Way,N,Intersection,None,,,         ,Stanley,Collins,Rain,Angle,no,no,no,no,no,False
101623235,METROPOLITAN NASHVILLE POLICE DEPT,20170359491,Davidson,Nashville,4/23/2017 10:50:00 AM,2,0,0,36.184060,-86.751820,W EASTLAND AV,,,,342.00,Feet,East,LAURENT ST,,,,0.00,N,Not at Intersection,N,Non-Junction,None,,,         ,Daniel,Wadham,Rain,Front to Rear,no,no,no,no,yes,False
101623236,METROPOLITAN NASHVILLE POLICE DEPT,20170359484,Davidson,Nashville,4/23/2017 10:50:00 AM,1,1,0,36.169500,-86.606550,I40 E EXT RAMP,,,,0.00,Feet,East,I 40,,,,0.00,N,Not at Intersection,N,Entrance/Exit Ramp Related,None,,,         ,Scott,Toney,Rain,Not Collision with Motor Vehicle in Transport,no,no,no,no,no,False
101623260,METROPOLITAN NASHVILLE POLICE DEPT,20170359568,Davidson,Nashville,4/23/2017 11:44:00 AM,2,0,0,36.177100,-86.751910,WOODLAND ST,,,,0.00,,,,,,,0.00,,,N,Non-Junction,None,,,         ,David,Boone,Rain,"Sideswipe, Opposite Direction",no,no,no,yes,yes,False
101623268,METROPOLITAN NASHVILLE POLICE DEPT,20170359589,Davidson,Nashville,4/23/2017 12:00:00 PM,2,0,0,36.152730,-86.625090,STEWARTS FERRY PKE,,,,180.00,Feet,North,BELL RD,,,,0.00,N,Not at Intersection, ,Non-Junction,None,,,         ,Gerald,Gomes,Rain,Angle,no,no,no,no,no,False
101623273,METROPOLITAN NASHVILLE POLICE DEPT,20170359585,Davidson,Nashville,4/23/2017 12:14:00 PM,1,0,0,36.121570,-86.727330,I 24,,,,0.00,,,,,,,52.80,N,Not at Intersection,N,Non-Junction,None,,,         ,David,Simmonds,Rain,Not Collision with Motor Vehicle in Transport,no,no,no,no,no,False
101623290,METROPOLITAN NASHVILLE POLICE DEPT,20170359619,Davidson,Nashville,4/23/2017 12:39:00 PM,2,0,0,36.154960,-86.665270,LAKELAND DR,,,,0.00,,,DONELSON PKE,,,,0.00,Y,Four-Way, ,Intersection,None,,,         ,Terry,Denton,Rain,Front to Rear,no,no,no,no,no,False
101623297,METROPOLITAN NASHVILLE POLICE DEPT,20170359621,Davidson,Not in City Limit,4/23/2017 12:40:00 PM,1,0,0,36.272560,-86.795100,I 24,,,,0.00,,,,,,,40.90,N,Not at Intersection,N,Non-Junction,None,,,         ,Terrence,Bradley,Rain,Not Collision with Motor Vehicle in Transport,no,no,no,no,no,False
101623304,METROPOLITAN NASHVILLE POLICE DEPT,20170359615,Davidson,Nashville,4/23/2017 11:20:00 AM,2,0,0,36.151070,-86.666560,DONELSON PKE,,,,129.00,Feet,North,OLD ELM HILL PKE,,,,0.00,N,Not at Intersection, ,Non-Junction,Work Zone,,,         ,Scott,Toney,Rain,Front to Rear,no,no,no,no,no,False
101623305,METROPOLITAN NASHVILLE POLICE DEPT,20170359644,Davidson,Nashville,4/23/2017 1:00:00 PM,1,1,0,36.154040,-86.835130,I 40,,,,0.00,,,,,,,205.20,N,Not at Intersection,N,Non-Junction,None,,,         ,Michael,Phelps,Rain,Not Collision with Motor Vehicle in Transport,no,no,no,no,no,False
101623306,METROPOLITAN NASHVILLE POLICE DEPT,20170359602,Davidson,Nashville,4/23/2017 12:25:00 PM,2,0,0,36.154150,-86.835680,I 40,,,,0.00,,,,,,,205.20,N,Not at Intersection,N,Non-Junction,None,,,         ,Michael,Pyle,Rain,"Sideswipe, Same Direction",no,no,no,no,no,False
101623312,METROPOLITAN NASHVILLE POLICE DEPT,2017-0359691,Davidson,Nashville,4/23/2017 1:43:00 PM,1,0,0,36.238620,-86.783990,I24 W ENT RAMP,,,,0.00,Feet,East,I 24,,,,0.00,N,Not at Intersection,N,Non-Junction,None,,,         ,Arthur,Hipp,Rain,Not Collision with Motor Vehicle in Transport,no,no,no,no,no,False
101623318,METROPOLITAN NASHVILLE POLICE DEPT,20170359694,Davidson,Nashville,4/23/2017 1:45:00 PM,2,2,0,36.069790,-86.633880,MURFREESBORO PKE,,,,1164.00,Feet,North,FOREST VIEW DR,,,,0.00,N,Not at Intersection,N,Non-Junction,None,,,         ,Jason,Dudley,Cloudy,Angle,no,no,no,no,no,False
101623321,METROPOLITAN NASHVILLE POLICE DEPT,20170359550,Davidson,Nashville,4/23/2017 11:40:00 AM,2,0,0,36.226110,-86.774180,I 65,,,,0.00,,,,,,,88.70,N,Not at Intersection,N,Non-Junction,None,,,         ,Royce,McLester,Rain,Angle,no,no,no,no,no,False
101623322,METROPOLITAN NASHVILLE POLICE DEPT,2017-0359647,Davidson,Antioch,4/23/2017 12:44:00 PM,2,0,0,36.028350,-86.590470,MURFREESBORO PKE,,,,0.00,Feet,,LAVERGNE COUCHVILLE PKE,,,,0.00,Y,Four-Way,N,Intersection,None,,,         ,Stanley,Collins,Rain,Front to Rear,no,no,no,no,yes,False
101623323,METROPOLITAN NASHVILLE POLICE DEPT,20170359637,Davidson,Nashville,4/23/2017 12:40:00 PM,2,0,0,36.178100,-86.794680,ROSA L PARKS BLVD,,,,0.00,,,CHEATHAM PL,,,,0.00,Y,Four-Way,N,Intersection-Related,None,,,         ,Nicholas,MacDougall,Rain,Angle,no,no,no,no,yes,False
101623325,METROPOLITAN NASHVILLE POLICE DEPT,20170359673,Davidson,Nashville,4/23/2017 1:29:00 PM,2,1,0,36.067410,-86.631250,MURFREESBORO PKE,,,,0.00,,,FOREST VIEW DR,,,,0.00,Y,Four-Way,N,Intersection,None,,,         ,Robert,Erickson,Rain,Angle,no,no,no,no,no,False
101623331,METROPOLITAN NASHVILLE POLICE DEPT,20170359709,Davidson,Nashville,4/23/2017 2:05:00 PM,1,1,0,36.184940,-86.581910,N NEW HOPE RD,,,,609.00,Feet,East,FARMINGHAM WOODS DR,,,,0.00,N,Not at Intersection,N,Non-Junction,None,,,         ,Michael,Brooks,Rain,Not Collision with Motor Vehicle in Transport,no,no,no,no,no,False
101623334,METROPOLITAN NASHVILLE POLICE DEPT,20170359666,Davidson,Nashville,4/23/2017 1:25:00 PM,2,0,0,36.105110,-86.814380,HILLSBORO PKE,,,,132.00,Feet,North,RICHARD JONES RD,,,,0.00,N,Not at Intersection, ,Non-Junction,None,,,         ,Kevin,Crawford,Rain,"Sideswipe, Same Direction",no,no,no,no,no,False
101623337,METROPOLITAN NASHVILLE POLICE DEPT,20170359699,Davidson,Nashville,4/23/2017 1:51:00 PM,1,0,0,36.140480,-86.662320,I40 E ENT RAMP,,,,0.00,,,I 40,,,,0.00,Y,OTHER, ,Entrance/Exit Ramp Related,None,,,         ,Terry,Denton,Rain,Not Collision with Motor Vehicle in Transport,no,no,no,no,no,False
101623338,METROPOLITAN NASHVILLE POLICE DEPT,20170359714,Davidson,Nashville,4/23/2017 1:10:00 PM,2,0,0,36.148300,-86.641470,I 40,,,,0.00,,,,,,,218.15,N,Not at Intersection,N,Non-Junction,None,,,         ,Richard,Hyatt,Rain,"Sideswipe, Same Direction",no,no,no,no,yes,False
101623359,METROPOLITAN NASHVILLE POLICE DEPT,20170359620,Davidson,Nashville,4/23/2017 12:41:00 PM,3,0,0,36.164730,-86.794010,I 40,,,,0.00,,,,,,,208.45,N,Not at Intersection,N,Non-Junction,None,,,         ,Jacob,West,Rain,Angle,no,no,no,no,no,False
101623363,METROPOLITAN NASHVILLE POLICE DEPT,20170359712,Davidson,Nashville,4/23/2017 2:13:00 PM,1,1,0,36.119540,-86.766760,I 440,,,,0.00,,,,,,,5.35,N,Not at Intersection,N,Non-Junction,None,,,         ,Shedie,Herbert III,Rain,Not Collision with Motor Vehicle in Transport,no,no,no,no,no,False
101623365,METROPOLITAN NASHVILLE POLICE DEPT,20170359706,Davidson,Nashville,4/23/2017 2:00:00 PM,2,2,0,36.073830,-86.769160,I 65,,,,0.00,,,,,,,77.20,N,Not at Intersection,N,Non-Junction,None,,,         ,Earl,Davis,Rain,"Sideswipe, Same Direction",no,no,no,no,no,False
101623405,METROPOLITAN NASHVILLE POLICE DEPT,20170359805,Davidson,Nashville,4/23/2017 3:21:00 PM,2,1,0,36.178170,-86.763600,ELLINGTON PKWYN,,,,91.00,Feet,East,ELLINGTON PKWYS,,,,0.00,N,Not at Intersection,N,Non-Junction,None,,,         ,Cressie,Prill,Rain,"Sideswipe, Same Direction",no,no,no,no,no,False
101623406,METROPOLITAN NASHVILLE POLICE DEPT,20170359716,Davidson,Nashville,4/23/2017 2:10:00 PM,2,0,0,36.189010,-86.792810,I 65,,,,0.00,,,,,,,85.55,N,Not at Intersection,N,Non-Junction,None,,,         ,Royce,McLester,Rain,Angle,no,no,no,no,no,False
101623407,METROPOLITAN NASHVILLE POLICE DEPT,20170359739,Davidson,Nashville,4/23/2017 1:50:00 PM,2,0,0,36.150630,-86.800920,WEST END AV,,,,103.00,Feet,East,21ST AVN,,,,0.00,N,Not at Intersection, ,Non-Junction,None,,,         ,Ryan,Cagle,Cloudy,"Sideswipe, Same Direction",no,no,no,no,no,Campus
101623413,METROPOLITAN NASHVILLE POLICE DEPT,20170359792,Davidson,Nashville,4/23/2017 3:15:00 PM,2,3,0,36.040900,-86.779380,STONE BROOK DR,,,,0.00,,,OLD HICKORY BLVD,,,,0.00,Y,Four-Way,Y,Intersection,None,,,         ,Edin,Plancic,Rain,Angle,no,no,no,no,no,False
101623415,METROPOLITAN NASHVILLE POLICE DEPT,20170359738,Davidson,Nashville,4/23/2017 1:50:00 PM,2,0,0,36.231570,-86.616810,MONTCHANIN TER,,,,31.00,Feet,North,SHUTE LN,,,,0.00,N,Not at Intersection, ,Non-Junction,None,,,         ,Kyle,Burks,Rain,HeadOn,no,no,no,no,no,False
101623421,METROPOLITAN NASHVILLE POLICE DEPT,20170359799,Davidson,Nashville,4/23/2017 3:17:00 PM,1,0,0,36.177540,-86.773180,I 24,,,,0.00,,,,,,,47.85,N,Not at Intersection, ,Non-Junction,None,,,         ,Michael,Baron,Rain,Not Collision with Motor Vehicle in Transport,no,no,no,no,no,False
101623422,METROPOLITAN NASHVILLE POLICE DEPT,20170359723,Davidson,Not in City Limit,4/23/2017 2:10:00 PM,2,0,0,36.293860,-86.810500,I 24,,,,0.00,,,,,,,39.20,N,Not at Intersection,N,Non-Junction,None,,,         ,Brandon,Rardin,Rain,Other,no,no,no,no,no,False
101623443,METROPOLITAN NASHVILLE POLICE DEPT,20170359827,Davidson,Nashville,4/23/2017 3:20:00 PM,1,0,0,36.206270,-86.633200,BONNAFAIR DR,,,,35.00,Feet,South,BONNAVUE DR,,,,0.00,N,Not at Intersection,N,Non-Junction,None,,,         ,David,Stanley,Rain,Not Collision with Motor Vehicle in Transport,no,no,no,no,no,False
101623444,METROPOLITAN NASHVILLE POLICE DEPT,20170359928,Davidson,Nashville,4/23/2017 3:00:00 PM,2,0,0,36.069110,-86.630210,KOTHE WAY,,,,296.00,Feet,North,FOREST VIEW DR,,,,0.00,N,Not at Intersection, ,Non-Junction,None,,,         ,Benny,Pittman,Rain,Rear to Rear,no,no,no,yes,no,False
101623452,GOODLETTSVILLE POLICE DEPT,17-14553,Davidson,Goodlettsville,4/23/2017 4:30:00 PM,2,1,0,36.305660,-86.703030,RIVERGATE PKWY,,,,0.00,,,RIVERGATE DR,,,,0.00,Y,Four-Way,N,Intersection-Related,None,,,         ,Jeremy,Baker,Cloudy,Front to Rear,no,no,no,no,no,False