master_record_number,agency,agency_tracking_number,county,city,collision_date,vehicles_involved,number_injured,number_dead,latitude,longitude,roadway_name,roadway_suffix,roadway_number,roadway_local_id,distance_from_reference,miles-feet_indicator,direction_from_reference,intersection_road_name,intersection_road_name_suffix,intersection_road_number,intersection_local_id,mile_marker,intersection_indicator,intersect_type,interchange_related_indicator,relation_to_junction,work_zone_type,construction_maintenance_zone,construction_maintenance_zone_location,fatal_case_number,officer_first_name,officer_last_name,weather_condition(s),manner_of_crash,pedestrian,bicycle,scooter,parking,hitrun,mou
101623454,METROPOLITAN NASHVILLE POLICE DEPT,20170359893,Davidson,Goodlettsville,4/23/2017 4:00:00 PM,2,0,0,36.303690,-86.690470,RIVERGATE MARKETPLACE PVTDR,,,,0.00,,,THE SHOPPES AT RIVERGATE PVTDR,,,,0.00,Y,OTHER,N,Non-Junction,None,,,         ,William,Crowe,Rain,"Sideswipe, Same Direction",no,no,no,no,yes,False
101623455,METROPOLITAN NASHVILLE POLICE DEPT,20170359932,Davidson,Nashville,4/23/2017 3:50:00 PM,2,0,0,36.137200,-86.699670,BRILEY PKWY,,,,0.00,,,GLASTONBURY RD,,,,0.00,Y,T-Intersection, ,Intersection,None,,,         ,Johnny,Crumby Jr.,Rain,Front to Rear,no,no,no,no,no,False
101623457,METROPOLITAN NASHVILLE POLICE DEPT,20170359913,Davidson,Nashville,4/23/2017 3:10:00 PM,2,0,0,36.135730,-86.802110,ACKLEN AV,,,,330.00,Feet,West,21ST AVS,,,,0.00,N,Not at Intersection, ,Non-Junction,None,,,         ,Nicholas,Carroll,Rain,Angle,no,no,no,no,no,Campus
101623460,METROPOLITAN NASHVILLE POLICE DEPT,20170359898,Davidson,Nashville,4/23/2017 12:00:00 PM,2,1,0,36.218740,-86.694720,MUSIC VALLEY DR,,,,0.00,,,,,,,0.00,,,N,OtherLocation,None,,,         ,Jefferson,Hughes,Rain,Unknown,no,no,no,yes,no,False
101623464,METROPOLITAN NASHVILLE POLICE DEPT,20170359904,Davidson,Nashville,4/23/2017 12:00:00 AM,2,0,0,36.206620,-86.777900,BRICK CHURCH PKE,,,,0.00,Feet,,W TRINITY LN,,,,0.00,Y,Four-Way, ,Intersection,None,,,         ,Gordon,Stovall,Rain,"Sideswipe, Same Direction",no,no,no,no,no,False
101623465,METROPOLITAN NASHVILLE POLICE DEPT,20170359973,Davidson,Not in City Limit,4/23/2017 4:00:00 PM,1,0,0,36.276560,-86.807340,OLD HICKORY BLVD,,,,1217.00,Feet,West,BLEVINS RD,,,,0.00,N,Not at Intersection,N,Non-Junction,None,,,         ,Roy,Sain Jr.,Rain,Not Collision with Motor Vehicle in Transport,no,no,no,no,no,False
101623472,METROPOLITAN NASHVILLE POLICE DEPT,20170359748,Davidson,Nashville,4/23/2017 2:00:00 PM,2,0,0,36.178970,-86.806940,14TH AVN,,,,436.00,Feet,East,16TH AVN,,,,0.00,N,Not at Intersection, ,Non-Junction,None,,,         ,Charles,Holmes,Cloudy,Front to Rear,no,no,no,no,yes,False
101623475,METROPOLITAN NASHVILLE POLICE DEPT,20170360025,Davidson,Nashville,4/23/2017 5:15:00 PM,2,0,0,36.083650,-86.647220,MURFREESBORO PKE,,,,0.00,Feet,,BROOKSBORO PL,,,,0.00,Y,Four-Way,N,Intersection,None,,,         ,Tyler,Maupin,Rain,Front to Rear,no,no,no,no,yes,False
101623477,METROPOLITAN NASHVILLE POLICE DEPT,20170360032,Davidson,Nashville,4/23/2017 5:22:00 PM,1,1,0,36.045570,-86.779130,I 65,,,,0.00,,,,,,,75.10,N,Not at Intersection,N,Non-Junction,None,,,         ,Edin,Plancic,Rain,Not Collision with Motor Vehicle in Transport,no,no,no,no,no,False
101623492,METROPOLITAN NASHVILLE POLICE DEPT,20170359984,Davidson,Nashville,4/23/2017 4:54:00 PM,2,1,0,36.177690,-86.605030,I40 E EXT RAMP,,,,0.00,Feet,East,OLD HICKORY BLVD,,,,0.00,N,Not at Intersection,N,Non-Junction,None,,,         ,Kyle,Burks,Rain,Front to Rear,no,no,no,no,no,False
101623493,METROPOLITAN NASHVILLE POLICE DEPT,20170359929,Davidson,Nashville,4/23/2017 12:00:00 AM,2,0,0,36.197250,-86.688650,OPRY MILLS DR,,,,180.00,Feet,East,BRILEY PKWY S EXT RAMP,,,,0.00,N,Not at Intersection, ,,None,,,         ,Craig,Gentry,,,no,no,no,no,no,False
101623496,METROPOLITAN NASHVILLE POLICE DEPT,20170360126,Davidson,Nashville,4/23/2017 6:15:00 PM,1,0,0,36.097960,-86.763350,I 65,,,,0.00,,,,,,,78.90,N,Not at Intersection, ,Non-Junction,None,,,         ,Austin,Kendrick,Rain,Not Collision with Motor Vehicle in Transport,no,no,no,no,no,False
101623499,METROPOLITAN NASHVILLE POLICE DEPT,20170360134,Davidson,Nashville,4/23/2017 6:20:00 PM,1,1,0,36.238070,-86.783150,I24 W EXT RAMP,,,,0.00,Feet,East,BRILEY PKWYE,,,,0.00,N,Not at Intersection,N,Entrance/Exit Ramp Related,None,,,         ,Jordan,Vrbas,Rain,Not Collision with Motor Vehicle in Transport,no,no,no,no,no,False
101623502,METROPOLITAN NASHVILLE POLICE DEPT,20170359963,Davidson,Nashville,4/23/2017 4:30:00 PM,2,0,0,36.162530,-86.761040,I 24,,,,0.00,,,,,,,49.30,N,Not at Intersection, ,Non-Junction,None,,,         ,Joshua,Lackey,Rain,"Sideswipe, Same Direction",no,no,no,no,no,False
101623509,METROPOLITAN NASHVILLE POLICE DEPT,20170360005,Davidson,Nashville,4/23/2017 5:10:00 PM,2,0,0,36.224000,-86.774540,I 65,,,,0.00,,,,,,,88.55,N,Not at Intersection,N,Non-Junction,None,,,         ,Brandon,Rardin,Rain,Other,no,no,no,no,no,False
101623522,METROPOLITAN NASHVILLE POLICE DEPT,20170360208,Davidson,Not in City Limit,4/23/2017 7:00:00 PM,1,0,0,36.108040,-86.926990,I 40,,,,0.00,,,,,,,199.00,N,Not at Intersection, ,Non-Junction,None,,,         ,Jessica,Scott,Rain,Not Collision with Motor Vehicle in Transport,no,no,no,no,no,False
101623524,METROPOLITAN NASHVILLE POLICE DEPT,20170360088,Davidson,Nashville,4/23/2017 5:15:00 PM,2,0,0,36.026800,-86.712850,LORDS CHAPEL DR,,,,0.00,,,NOLENSVILLE PKE,,,,0.00,Y,Four-Way, ,Intersection-Related,None,,,         ,Andrew,Swint,Cloudy,"Sideswipe, Opposite Direction",no,no,no,no,no,False
101623526,METROPOLITAN NASHVILLE POLICE DEPT,20170360109,Davidson,Nashville,4/23/2017 6:06:00 PM,1,3,0,36.205870,-86.776550,I 65,,,,0.00,,,,,,,87.30,N,Not at Intersection,N,Non-Junction,None,,,         ,Victor,Alexander,Rain,Not Collision with Motor Vehicle in Transport,no,no,no,no,no,False
101623529,METROPOLITAN NASHVILLE POLICE DEPT,20170360016,Davidson,Nashville,4/23/2017 4:50:00 PM,2,0,0,36.066970,-86.687130,I 24,,,,0.00,,,,,,,57.20,N,Not at Intersection, ,Non-Junction,None,,,         ,Richard,Olive,Rain,"Sideswipe, Same Direction",no,no,no,no,no,False
101623530,METROPOLITAN NASHVILLE POLICE DEPT,20170360190,Davidson,Nashville,4/23/2017 6:53:00 PM,1,3,0,36.089700,-86.623440,SMITH SPRINGS RD,,,,384.00,Feet,West,RURAL HILL RD,,,,0.00,N,Not at Intersection,N,Non-Junction,None,,,         ,Dontaveous,Eubanks,Rain,Not Collision with Motor Vehicle in Transport,no,no,no,no,no,False
101623537,METROPOLITAN NASHVILLE POLICE DEPT,20170360015,Davidson,Nashville,4/23/2017 5:15:00 PM,3,3,0,36.171430,-86.769040,JAMES ROBERTSON PKWY,,,,0.00,,,INTERSTATE DR,,,,0.00,Y,Four-Way,N,Intersection,None,,,         ,Michael,Baron,Rain,Angle,no,no,no,no,no,False
101623548,METROPOLITAN NASHVILLE POLICE DEPT,20170360239,Davidson,Nashville,4/23/2017 7:24:00 PM,2,0,0,36.253220,-86.716800,GALLATIN PKES,,,,0.00,,,MADISON SQ,,,,0.00,Y,Four-Way, ,,None,,,         ,Christopher,Kelly,,,no,no,no,no,no,False
101623550,METROPOLITAN NASHVILLE POLICE DEPT,20170360215,Davidson,Nashville,4/23/2017 6:55:00 PM,2,0,0,36.161870,-86.779340,OPRY PL,,,,0.00,,,5TH AVN,,,,0.00,Y,OTHER,N,OtherLocation,None,,,         ,Jacob,Paul,Clear,Angle,no,no,no,yes,yes,False
101623551,METROPOLITAN NASHVILLE POLICE DEPT,20170360247,Davidson,Nashville,4/23/2017 7:25:00 PM,2,1,0,36.163250,-86.776070,2ND AVN,,,,0.00,,,COMMERCE ST,,,,0.00,Y,T-Intersection,Y,Intersection,None,,,         ,Robert,Magner,Rain,Angle,no,no,no,no,no,False
101623559,METROPOLITAN NASHVILLE POLICE DEPT,20170360270,Davidson,Hermitage,4/23/2017 7:15:00 PM,1,1,0,36.168980,-86.571580,I 40,,,,0.00,,,,,,,222.45,N,Not at Intersection,N,Non-Junction,None,,,         ,Kyle,Burks,Rain,Not Collision with Motor Vehicle in Transport,no,no,no,no,no,False
101623576,METROPOLITAN NASHVILLE POLICE DEPT,20170360261,Davidson,Nashville,4/23/2017 7:40:00 PM,1,0,0,36.182940,-86.771190,GRACE ST,,,,65.00,Feet,East,N 2ND ST,,,,0.00,N,Not at Intersection,N,Non-Junction,None,,,         ,Cressie,Prill,Rain,Not Collision with Motor Vehicle in Transport,no,no,no,no,yes,False
101623583,METROPOLITAN NASHVILLE POLICE DEPT,20170360278,Davidson,Nashville,4/23/2017 7:49:00 PM,2,1,0,36.246660,-86.756610,DICKERSON PKE,,,,0.00,,,SKYLINE COMMONS PVTDR,,,,0.00,Y,T-Intersection,Y,Intersection,None,,,         ,Christopher,Littles,Rain,Angle,no,no,no,no,no,False
101623584,METROPOLITAN NASHVILLE POLICE DEPT,20170360360,Davidson,Nashville,4/23/2017 8:42:00 PM,2,0,0,36.158440,-86.790550,CHURCH ST,,,,0.00,,,GEORGE L DAVIS BLVD,,,,0.00,Y,Four-Way, ,,None,,,         ,Derek,Betty,,,no,no,no,no,no,False
101623585,METROPOLITAN NASHVILLE POLICE DEPT,20170360295,Davidson,Not in City Limit,4/23/2017 8:01:00 PM,1,0,0,36.256940,-86.677150,CHEYENNE BLVD,,,,253.00,Feet,South,NEELY MEADOWS PVTDR,,,,0.00,N,Not at Intersection, ,Non-Junction,None,,,         ,Cecilia,Gomez,Rain,Not Collision with Motor Vehicle in Transport,no,no,no,no,no,False
101623589,METROPOLITAN NASHVILLE POLICE DEPT,20170360120,Davidson,Nashville,4/23/2017 6:10:00 PM,2,0,0,36.185270,-86.773630,DICKERSON PKE,,,,314.00,Feet,North,HANCOCK ST,,,,0.00,N,Not at Intersection, ,Non-Junction,None,,,         ,Joshua,Lackey,Rain,Angle,no,no,no,no,no,False
101623608,METROPOLITAN NASHVILLE POLICE DEPT,20170360368,Davidson,Nashville,4/23/2017 8:10:00 PM,2,0,0,36.147680,-86.785630,12TH AVS,,,,125.00,Feet,North,SOUTH ST,,,,0.00,N,Not at Intersection,N,Non-Junction,None,,,         ,Ryan,Cagle,Rain,"Sideswipe, Same Direction",no,no,no,no,no,False
101623613,METROPOLITAN NASHVILLE POLICE DEPT,20170360345,Davidson,Nashville,4/23/2017 8:31:00 PM,2,0,0,36.137590,-86.699880,BRILEY PKWY,,,,156.00,Feet,North,GLASTONBURY RD,,,,0.00,N,Not at Intersection,N,Non-Junction,None,,,         ,Patrick,Taylor,Rain,Front to Rear,no,no,no,no,no,False
101623616,METROPOLITAN NASHVILLE POLICE DEPT,20170360483,Davidson,Nashville,4/23/2017 7:30:00 PM,2,0,0,36.195810,-86.755990,CROCKETT ST,,,,115.00,Feet,West,MONTGOMERY AV,,,,0.00,N,Not at Intersection, ,Non-Junction,None,,,         ,Cressie,Prill,Rain,HeadOn,no,no,no,no,yes,False
101623617,METROPOLITAN NASHVILLE POLICE DEPT,20170360269,Davidson,Nashville,4/23/2017 7:42:00 PM,2,1,0,36.079490,-86.644600,EDGE O LAKE DR,,,,0.00,,,MURFREESBORO PKE,,,,0.00,Y,Four-Way,N,Intersection,None,,,         ,Marcus,Darden,Rain,HeadOn,no,no,no,no,no,False
101623621,METROPOLITAN NASHVILLE POLICE DEPT,20170360355,Davidson,Nashville,4/23/2017 8:35:00 PM,3,0,0,36.124100,-86.696360,BRILEY PKWY,,,,70.00,Feet,South,VULTEE BLVD,,,,0.00,N,Not at Intersection,N,Non-Junction,None,,,         ,Johnny,Crumby Jr.,Rain,Front to Rear,no,no,no,no,no,False
101623622,METROPOLITAN NASHVILLE POLICE DEPT,20170360439,Davidson,Not in City Limit,4/23/2017 9:27:00 PM,2,1,0,36.265490,-86.739870,OLD HICKORY BLVDW,,,,0.00,,,I65 S EXT RAMP,,,,0.00,Y,T-Intersection,N,Intersection,None,,,         ,Rodney,Phipps,Rain,"Sideswipe, Same Direction",no,no,no,no,yes,False
101623623,METROPOLITAN NASHVILLE POLICE DEPT,20170360371,Davidson,Nashville,4/23/2017 8:50:00 PM,2,2,0,36.191110,-86.772810,DICKERSON PKE,,,,233.00,Feet,South,RICHARDSON AV,,,,0.00,N,Not at Intersection,N,Non-Junction,None,,,         ,Joshua,Lackey,Rain,HeadOn,no,no,no,no,no,False
101623626,METROPOLITAN NASHVILLE POLICE DEPT,20170360452,Davidson,Nashville,4/23/2017 9:04:00 PM,1,1,0,36.143970,-86.666690,DONELSON PKE,,,,460.00,Feet,South,SHACKLETT DR,,,,0.00,N,Not at Intersection,N,Non-Junction,None,,,         ,Jaby,Djabbarov,Rain,Not Collision with Motor Vehicle in Transport,yes,no,no,no,no,False
101623633,METROPOLITAN NASHVILLE POLICE DEPT,20170360398,Davidson,Nashville,4/23/2017 4:20:00 PM,2,0,0,36.106090,-86.672830,MURFREESBORO PKE,,,,80.00,Feet,East,DONELSON PKE,,,,0.00,N,Not at Intersection, ,,None,,,         ,Richard,Olive,,,no,no,no,no,no,False
101623657,VANDERBILT UNIVERSITY POLICE,17-0360451,Davidson,Nashville,4/23/2017 9:30:00 PM,1,0,0,36.140200,-86.801590,MEDICAL CENTER DR,,,,172.00,Feet,North,PIERCE AVE,,,,0.00,N,Not at Intersection, ,Non-Junction,None,,,         ,Cameron,Hoppe,Rain,Not Collision with Motor Vehicle in Transport,no,no,no,yes,no,Campus
101623661,METROPOLITAN NASHVILLE POLICE DEPT,20170359834,Davidson,Antioch,4/23/2017 3:35:00 PM,4,0,0,36.055760,-86.619730,MURFREESBORO,PIKE,US1,,0.00,,North,MT VIEW,RD,SR1,,0.00,N,Not at Intersection,N,Non-Junction,None,,,         ,Pamela,Caulder,Rain,Front to Rear,no,no,no,no,no,False
101623677,METROPOLITAN NASHVILLE POLICE DEPT,20170360598,Davidson,Nashville,4/23/2017 12:00:00 AM,2,0,0,36.126700,-86.711090,EAST THOMPSON LN,,,,0.00,,,THOMPSON PL,,,,0.00,Y,Four-Way,Y,Intersection-Related,None,,,         ,Brian,Mclarty,Rain,Angle,no,no,no,no,yes,False
101623679,METROPOLITAN NASHVILLE POLICE DEPT,20170360689,Davidson,Nashville,4/24/2017 12:00:00 AM,2,0,0,36.162160,-86.781130,6TH AVN,,,,196.00,Feet,South,CHURCH ST,,,,0.00,N,Not at Intersection, ,Non-Junction,None,,,         ,Damon,Hutcheson,Cloudy,Unknown,no,no,no,no,yes,False
101623684,METROPOLITAN NASHVILLE POLICE DEPT,20170360491,Davidson,Not in City Limit,4/23/2017 10:01:00 PM,1,1,0,36.107380,-86.939660,CHARLOTTE PKE,,,,435.00,Feet,West,FORREST VALLEY DR,,,,0.00,N,Not at Intersection,N,Non-Junction,None,,,         ,Jeremy,Huffine,Rain,Not Collision with Motor Vehicle in Transport,no,no,no,no,no,False
101623687,METROPOLITAN NASHVILLE POLICE DEPT,20170360659,Davidson,Nashville,4/23/2017 11:15:00 PM,2,0,0,36.089810,-86.631250,NASHBORO BLVD,,,,0.00,Feet,,FAIRWAYS PVTDR,,,,0.00,Y,OTHER,N,Non-Junction,None,,,         ,Robert,Fondren,Cloudy,Unknown,no,no,no,no,no,False
101623712,METROPOLITAN NASHVILLE POLICE DEPT,20170361000,Davidson,Nashville,4/23/2017 11:43:00 PM,1,0,0,36.195350,-86.775570,I 65,,,,0.00,,,,,,,86.55,N,Not at Intersection,N,Non-Junction,None,,,         ,Brandon,Hughes,Rain,Not Collision with Motor Vehicle in Transport,no,no,no,no,no,False
101623731,METROPOLITAN NASHVILLE POLICE DEPT,20170360668,Davidson,Nashville,4/23/2017 11:43:00 PM,3,2,0,36.195280,-86.775570,I 65,,,,0.00,,,,,,,86.55,N,Not at Intersection,N,Non-Junction,None,,,         ,Brandon,Hughes,Rain,Front to Rear,no,no,no,no,no,False
101623744,METROPOLITAN NASHVILLE POLICE DEPT,20170361231,Davidson,Nashville,4/24/2017 5:15:00 AM,1,0,0,36.170140,-86.869180,BRILEY PKWYS,,,,456.00,Feet,South,CENTENNIAL BLVD,,,,0.00,N,Not at Intersection,N,Non-Junction,None,,,         ,Benjamin,Fisher,Clear,Not Collision with Motor Vehicle in Transport,no,no,no,no,no,False
101623767,METROPOLITAN NASHVILLE POLICE DEPT,20170361346,Davidson,Not in City Limit,4/24/2017 6:12:00 AM,2,1,0,36.263070,-86.711920,STATE RT 45,,,,0.00,,,GALLATIN PKEN,,,,0.00,Y,Four-Way,Y,Intersection,None,,,         ,Caesar,Harris,Clear,Front to Rear,no,no,no,no,no,False
101623768,METROPOLITAN NASHVILLE POLICE DEPT,20170361412,Davidson,Nashville,4/24/2017 6:55:00 AM,2,0,0,36.171450,-86.870770,BRILEY PKWY S EXT RAMP,,,,0.00,Feet,East,CENTENNIAL BLVD,,,,0.00,N,Not at Intersection, ,,None,,,         ,Curtis,Rich,,,no,no,no,no,no,False
101623769,METROPOLITAN NASHVILLE POLICE DEPT,20170361377,Davidson,Nashville,4/24/2017 6:29:00 AM,2,0,0,36.165710,-86.613410,I 40,,,,0.00,,,,,,,220.10,N,Not at Intersection, ,Non-Junction,None,,,         ,James,Curtis,Cloudy,"Sideswipe, Same Direction",no,no,no,no,yes,False
101623777,METROPOLITAN NASHVILLE POLICE DEPT,2017361427,Davidson,Nashville,4/24/2017 7:13:00 AM,1,0,0,36.120290,-86.765460,I 440,,,,0.00,,,,,,,5.45,N,Not at Intersection, ,,None,,,         ,Erik,Wagner,,,no,no,no,no,no,False
101623783,METROPOLITAN NASHVILLE POLICE DEPT,20170361368,Davidson,Not in City Limit,4/24/2017 6:41:00 AM,2,0,0,36.263910,-86.690300,STATE RT 45,,,,0.00,,,MYATT DR,,,,0.00,Y,Four-Way,N,Intersection,None,,,         ,Michelle,Steidl,Cloudy,Angle,no,no,no,no,no,False
101623805,METROPOLITAN NASHVILLE POLICE DEPT,2017-0360541,Davidson,Nashville,4/23/2017 10:35:00 PM,1,0,0,36.121610,-86.759050,I 440,,,,0.00,,,,,,,5.85,N,Not at Intersection,N,Non-Junction,None,,,         ,Frank,Walker,Rain,Not Collision with Motor Vehicle in Transport,no,no,no,no,no,False
101623813,METROPOLITAN NASHVILLE POLICE DEPT,20170361516,Davidson,Nashville,4/24/2017 7:49:00 AM,2,0,0,36.115640,-86.780620,I65 ENT RAMP,,,,0.00,,,I 440,,,,0.00,Y,Y-Intersection,N,Non-Junction,None,,,         ,Ian,Hammond,Cloudy,Front to Rear,no,no,no,no,no,False
101623826,METROPOLITAN NASHVILLE POLICE DEPT,20170361399,Davidson,Nashville,4/24/2017 6:54:00 AM,2,0,0,36.200920,-86.776780,I 65,,,,0.00,,,,,,,86.95,N,Not at Intersection, ,Non-Junction,None,,,         ,Nathan,Mayo,Cloudy,"Sideswipe, Same Direction",no,no,no,no,no,False
101623827,METROPOLITAN NASHVILLE POLICE DEPT,20170361487,Davidson,Not in City Limit,4/24/2017 7:44:00 AM,3,0,0,36.108050,-86.927230,I 40,,,,0.00,,,,,,,199.00,N,Not at Intersection,N,Non-Junction,None,,,         ,Curtis,Rich,Cloudy,Front to Rear,no,no,no,no,no,False
101623833,METROPOLITAN NASHVILLE POLICE DEPT,20170361632,Davidson,Nashville,4/24/2017 8:31:00 AM,2,0,0,36.166420,-86.687830,BRILEY PKWY N EXT RAMP,,,,0.00,,,BRILEY PKWYN,,,,0.00,Y,T-Intersection, ,,None,,,         ,Michael,Dance,,,no,no,no,no,no,False
101623865,METROPOLITAN NASHVILLE POLICE DEPT,2017-0361397,Davidson,Nashville,4/24/2017 6:55:00 AM,3,1,0,36.209780,-86.871560,ASHLAND CITY HWY,,,,0.00,,,BRILEY PKWYN,,,,0.00,Y,Four-Way,Y,Entrance/Exit Ramp Related,None,,,         ,William,Caillouette,Cloudy,Angle,no,no,no,no,no,False
101623877,METROPOLITAN NASHVILLE POLICE DEPT,20170361700,Davidson,Nashville,4/24/2017 8:58:00 AM,2,1,0,36.219220,-86.804160,WHITES CREEK PKE,,,,437.00,Feet,North,MOORMANS ARM RD,,,,0.00,N,Not at Intersection,N,Non-Junction,None,,,         ,Brandon,Evans,Cloudy,Front to Rear,no,no,no,no,no,False
101623878,METROPOLITAN NASHVILLE POLICE DEPT,20170360881,Davidson,Nashville,4/24/2017 1:33:00 AM,1,1,0,36.093390,-87.023080,HIGHWAY 70,,,,0.00,,,MCCRORY LN,,,,0.00,Y,OTHER,N,Rail Grade Crossing,None,,,         ,Kristen,Morgan,Cloudy,Not Collision with Motor Vehicle in Transport,no,no,no,no,no,False
101623887,METROPOLITAN NASHVILLE POLICE DEPT,2017361812,Davidson,Nashville,4/24/2017 9:25:00 AM,1,0,0,36.128730,-86.767380,BRANSFORD AV,,,,0.00,Feet,East,MOSS DR,,,,0.00,N,Not at Intersection,N,Non-Junction,None,,,         ,Erik,Wagner,Cloudy,Not Collision with Motor Vehicle in Transport,no,no,no,no,yes,False
101623894,METROPOLITAN NASHVILLE POLICE DEPT,2017-0361512,Davidson,Nashville,4/24/2017 7:15:00 AM,2,0,0,36.074710,-86.773600,FRANKLIN PKE,,,,897.00,Feet,West,FARRELL RD,,,,0.00,N,Not at Intersection, ,Non-Junction,None,,,         ,Timothy,Edwards,Cloudy,Front to Rear,no,no,no,no,no,False
101623901,METROPOLITAN NASHVILLE POLICE DEPT,20170361711,Davidson,Nashville,4/24/2017 9:00:00 AM,2,0,0,36.183970,-86.814210,CLARKSVILLE PKE,,,,0.00,,,23RD AVN,,,,0.00,Y,Four-Way,N,Intersection,None,,,         ,Garren,Hoskins,Cloudy,Angle,no,no,no,no,no,False
101623905,METROPOLITAN NASHVILLE POLICE DEPT,20170361363,Davidson,Nashville,4/24/2017 6:29:00 AM,2,1,0,36.084830,-86.728190,NOLENSVILLE PKE,,,,0.00,,,PARAGON MILLS RD,,,,0.00,Y,Four-Way,N,Intersection,None,,,         ,Peter,Vaught,Clear,HeadOn,no,no,no,no,no,False
101623907,METROPOLITAN NASHVILLE POLICE DEPT,20170361430,Davidson,Nashville,4/24/2017 7:10:00 AM,2,1,0,36.128550,-86.742020,FOSTER AV,,,,0.00,,,LYLE LN,,,,0.00,Y,T-Intersection,N,Intersection,None,,,         ,Todd,Watson,Cloudy,Front to Rear,no,no,no,no,no,False
101623918,METROPOLITAN NASHVILLE POLICE DEPT,2017-0361841,Davidson,Nashville,4/24/2017 8:55:00 AM,2,0,0,36.044840,-86.662780,BELL RD,,,,369.00,Feet,West,CANE RIDGE RD,,,,0.00,N,Not at Intersection, ,Non-Junction,None,,,         ,William,Whitworth,Cloudy,"Sideswipe, Same Direction",no,no,no,no,no,False
101623937,METROPOLITAN NASHVILLE POLICE DEPT,20170361910,Davidson,Belle Meade,4/24/2017 10:00:00 AM,1,1,0,36.084460,-86.867060,PAGE RD,,,,328.00,Feet,South,NICHOL LN,,,,0.00,N,Not at Intersection,N,Non-Junction,None,,,         ,Curtis,Rich,Cloudy,Not Collision with Motor Vehicle in Transport,no,no,no,no,no,False
101623944,METROPOLITAN NASHVILLE POLICE DEPT,20170362107,Davidson,Nashville,4/24/2017 11:55:00 AM,2,0,0,36.082770,-86.710170,HARDING PL,,,,102.00,Feet,East,TAMPA DR,,,,0.00,N,Not at Intersection, ,Non-Junction,None,,,         ,Jessie,Meadows,Clear,Front to Rear,no,no,no,no,no,False
101623945,METROPOLITAN NASHVILLE POLICE DEPT,20170361858,Davidson,Not in City Limit,4/24/2017 9:43:00 AM,2,1,0,36.269260,-86.755740,OLD HICKORY BLVDW,,,,0.00,,,DICKERSON PKE,,,,0.00,Y,Four-Way,Y,Intersection,None,,,         ,Terrence,Bradley,Clear,Front to Rear,no,no,no,no,no,False
101623954,METROPOLITAN NASHVILLE POLICE DEPT,20170362116,Davidson,Nashville,4/24/2017 11:15:00 AM,2,1,0,36.253540,-86.716560,GALLATIN PKES,,,,138.00,Feet,North,MADISON SQ,,,,0.00,N,Not at Intersection,N,Non-Junction,None,,,         ,Brian,Otto,Cloudy,Angle,no,no,no,no,no,False
101623968,METROPOLITAN NASHVILLE POLICE DEPT,20170361896,Davidson,Nashville,4/24/2017 10:03:00 AM,2,0,0,36.168340,-86.779090,2ND AVN,,,,301.00,Feet,North,JAMES ROBERTSON PKWY,,,,0.00,N,Not at Intersection,N,Non-Junction,None,,,         ,Shawn,Taylor,Cloudy,"Sideswipe, Same Direction",no,no,no,no,no,False
101623987,METROPOLITAN NASHVILLE POLICE DEPT,20170362293,Davidson,Nashville,4/24/2017 12:16:00 PM,2,0,0,36.209250,-86.734310,GALLATIN PKE,,,,151.00,Feet,North,KIRKLAND AV,,,,0.00,N,Not at Intersection,N,Non-Junction,None,,,         ,Richard,Conger,Clear,Angle,no,no,no,no,no,False
101624003,METROPOLITAN NASHVILLE POLICE DEPT,2017362178,Davidson,Nashville,4/24/2017 11:34:00 AM,1,1,0,36.147810,-86.776450,I40 E ENT RAMP,,,,0.00,Feet,East,I 40,,,,0.00,N,Not at Intersection,Y,Entrance/Exit Ramp Related,None,,,         ,Erik,Wagner,Cloudy,Not Collision with Motor Vehicle in Transport,no,no,no,no,no,False
101624020,VANDERBILT UNIVERSITY POLICE,17-0362372,Davidson,Nashville,4/21/2017 12:00:00 AM,2,0,0,36.139220,-86.801520,MEDICAL CENTER DR,,,,0.00,,,,,,,0.00,,,N,Non-Junction,None,,,         ,Linda,Jennings,Rain,Unknown,no,no,no,yes,yes,Campus
101624021,METROPOLITAN NASHVILLE POLICE DEPT,20170362402,Davidson,Nashville,4/24/2017 12:53:00 PM,2,0,0,36.150480,-86.770350,I40 E EXT RAMP,,,,0.00,,,4TH AVS,,,,0.00,Y,Four-Way, ,Entrance/Exit Ramp Related,None,,,         ,William,Waters,Clear,Front to Rear,no,no,no,no,no,False
101624046,METROPOLITAN NASHVILLE POLICE DEPT,20170362375,Davidson,Nashville,4/24/2017 12:30:00 PM,2,0,0,36.206920,-86.791970,W TRINITY LN,,,,114.00,Feet,West,WHITES CREEK PKE,,,,0.00,N,Not at Intersection, ,,None,,,         ,Nicholas,MacDougall,,,no,no,no,no,no,False
101624050,METROPOLITAN NASHVILLE POLICE DEPT,20170362345,Davidson,Nashville,4/24/2017 12:28:00 PM,2,1,0,36.207210,-86.776400,I65 S ENT RAMP,,,,0.00,,,I 65,,,,0.00,Y,OTHER,N,Non-Junction,None,,,         ,William,Caillouette,Cloudy,Front to Rear,no,no,no,no,no,False
101624055,METROPOLITAN NASHVILLE POLICE DEPT,20170362448,Davidson,Nashville,4/24/2017 1:11:00 PM,2,0,0,36.110970,-86.684430,MURFREESBORO PKE,,,,1521.00,Feet,East,MCGAVOCK PKE,,,,0.00,N,Not at Intersection,N,Non-Junction,None,,,         ,Wesley,Young,Cloudy,Front to Rear,no,no,no,no,no,False