master_record_number,agency,agency_tracking_number,county,city,collision_date,vehicles_involved,number_injured,number_dead,latitude,longitude,roadway_name,roadway_suffix,roadway_number,roadway_local_id,distance_from_reference,miles-feet_indicator,direction_from_reference,intersection_road_name,intersection_road_name_suffix,intersection_road_number,intersection_local_id,mile_marker,intersection_indicator,intersect_type,interchange_related_indicator,relation_to_junction,work_zone_type,construction_maintenance_zone,construction_maintenance_zone_location,fatal_case_number,officer_first_name,officer_last_name,weather_condition(s),manner_of_crash,pedestrian,bicycle,scooter,parking,hitrun,mou
101624063,METROPOLITAN NASHVILLE POLICE DEPT,20170362567,Davidson,Nashville,4/24/2017 1:55:00 PM,1,0,0,36.182390,-86.775930,COWAN ST,,,,605.00,Feet,West,I24 E EXT RAMP,,,,0.00,N,Not at Intersection, ,Non-Junction,None,,,         ,Kyle,Berkheiser,Clear,Not Collision with Motor Vehicle in Transport,no,no,no,no,no,False
101624095,METROPOLITAN NASHVILLE POLICE DEPT,20170362338,Davidson,Nashville,4/24/2017 12:33:00 PM,2,0,0,36.134240,-86.776370,I65 S ENT RAMP,,,,0.00,,,WEDGEWOOD AV,,,,0.00,Y,Four-Way, ,Entrance/Exit Ramp Related,None,,,         ,Phillip,Murphy,Clear,Front to Rear,no,no,no,no,no,False
101624120,METROPOLITAN NASHVILLE POLICE DEPT,20170362740,Davidson,Nashville,4/24/2017 12:00:00 AM,2,0,0,36.180440,-86.803010,BUCHANAN ST,,,,9.00,Feet,East,10TH AVN,,,,0.00,N,Not at Intersection,N,Non-Junction,None,,,         ,Melvin,Taylor,Clear,Front to Rear,no,no,no,no,no,False
101624122,METROPOLITAN NASHVILLE POLICE DEPT,20170362423,Davidson,Nashville,4/24/2017 1:01:00 PM,1,0,0,36.120300,-86.798330,PRIMROSE AV,,,,0.00,,,BRIGHTWOOD AV,,,,0.00,Y,Four-Way,N,Intersection-Related,None,,,         ,Phillip,Murphy,Clear,Not Collision with Motor Vehicle in Transport,no,no,no,no,no,False
101624123,METROPOLITAN NASHVILLE POLICE DEPT,20170362737,Davidson,Nashville,4/24/2017 1:58:00 PM,1,0,0,36.181880,-86.775720,COWAN ST,,,,1167.00,Feet,South,COWAN CT,,,,0.00,N,Not at Intersection, ,Non-Junction,None,,,         ,Michael,Baron,Cloudy,Not Collision with Motor Vehicle in Transport,no,no,no,no,no,False
101624151,METROPOLITAN NASHVILLE POLICE DEPT,20170362724,Davidson,Nashville,4/24/2017 2:58:00 PM,2,2,0,36.082460,-86.765500,I65 S EXT RAMP,,,,0.00,Feet,East,I 65,,,,0.00,N,Not at Intersection,N,Non-Junction,None,,,         ,Edin,Plancic,Clear,Front to Rear,no,no,no,no,no,False
101624153,METROPOLITAN NASHVILLE POLICE DEPT,20170362784,Davidson,Nashville,4/24/2017 3:18:00 PM,2,0,0,36.138030,-86.805050,BLAKEMORE AV,,,,0.00,,,24TH AVS,,,,0.00,Y,Four-Way,N,Intersection-Related,None,,,         ,Tien,Nguyen,Cloudy,"Sideswipe, Same Direction",no,no,no,no,no,Campus
101624207,METROPOLITAN NASHVILLE POLICE DEPT,20170362622,Davidson,Nashville,4/24/2017 3:55:00 PM,2,0,0,36.087590,-86.691830,HARDING PL,,,,128.00,Feet,East,ANTIOCH PKE,,,,0.00,N,Not at Intersection, ,Non-Junction,None,,,         ,Jessie,Meadows,Clear,"Sideswipe, Same Direction",no,no,no,no,no,False
101624208,METROPOLITAN NASHVILLE POLICE DEPT,20170362712,Davidson,Nashville,4/24/2017 4:01:00 PM,2,0,0,36.115150,-86.724890,I 24,,,,0.00,,,,,,,53.25,N,Not at Intersection,N,Non-Junction,None,,,         ,Jessie,Meadows,Clear,"Sideswipe, Same Direction",no,no,no,no,yes,False
101624209,METROPOLITAN NASHVILLE POLICE DEPT,20170362798,Davidson,Nashville,4/24/2017 4:06:00 PM,2,0,0,36.109380,-86.727750,BRILEY PKWYN,,,,91.00,Feet,East,BRILEY PKWYS,,,,0.00,N,Not at Intersection, ,Non-Junction,None,,,         ,Jessie,Meadows,Clear,Front to Rear,no,no,no,no,no,False
101624211,METROPOLITAN NASHVILLE POLICE DEPT,20170362655,Davidson,Nashville,4/24/2017 2:31:00 PM,2,0,0,36.057500,-86.657340,HIGHLANDER DR,,,,344.00,Feet,East,HIGHLAND RIDGE DR,,,,0.00,N,Not at Intersection,N,"Driveway, Alley Access, etc",None,,,         ,Nakia,Reid,Clear,Rear to Side,no,no,no,no,yes,False
101624222,METROPOLITAN NASHVILLE POLICE DEPT,20170363042,Davidson,Nashville,4/24/2017 4:37:00 PM,2,0,0,36.091680,-86.762380,I 65,,,,0.00,,,,,,,78.50,N,Not at Intersection, ,Non-Junction,None,,,         ,Tien,Nguyen,Cloudy,Not Collision with Motor Vehicle in Transport,no,no,no,no,no,False
101624230,METROPOLITAN NASHVILLE POLICE DEPT,20170362740,Davidson,Nashville,4/24/2017 12:00:00 AM,2,0,0,36.180440,-86.803010,BUCHANAN ST,,,,9.00,Feet,East,10TH AVN,,,,0.00,N,Not at Intersection, ,Non-Junction,None,,,         ,Melvin,Taylor,Clear,Front to Rear,no,no,no,no,no,False
101624234,METROPOLITAN NASHVILLE POLICE DEPT,20170355545,Davidson,Nashville,4/21/2017 9:31:00 PM,2,0,0,36.155500,-86.777980,KOREAN VETERANS BLVD,,,,358.00,Feet,North,PEABODY ST,,,,0.00,N,Not at Intersection, ,Non-Junction,None,,,         ,Nathan,Dungan,Cloudy,Angle,no,no,no,yes,no,False
101624243,METROPOLITAN NASHVILLE POLICE DEPT,20170363096,Davidson,Nashville,4/24/2017 4:28:00 PM,2,0,0,36.180790,-86.642900,LEBANON PKE,,,,0.00,,,,,,,0.00,,, ,,None,,,         ,Brian,Smith,,,no,no,no,no,no,False
101624252,METROPOLITAN NASHVILLE POLICE DEPT,20170363081,Davidson,Nashville,4/24/2017 4:49:00 PM,1,0,0,36.183970,-86.822090,DEERFIELD DR,,,,254.00,Feet,East,28TH AVN,,,,0.00,N,Not at Intersection,N,Non-Junction,None,,,         ,Thomas,Burns,Cloudy,Not Collision with Motor Vehicle in Transport,no,no,no,no,no,False
101624258,METROPOLITAN NASHVILLE POLICE DEPT,20170363008,Davidson,Not in City Limit,4/24/2017 4:28:00 PM,1,1,0,36.313790,-86.831040,I 24,,,,0.00,,,,,,,37.35,N,Not at Intersection,N,Non-Junction,None,,,         ,Samuel,Galluzzi,Cloudy,Not Collision with Motor Vehicle in Transport,no,no,no,no,no,False
101624266,METROPOLITAN NASHVILLE POLICE DEPT,20170363210,Davidson,Nashville,4/24/2017 5:34:00 PM,2,0,0,36.077470,-86.773100,FRANKLIN PKE,,,,0.00,,,TYNE BLVD,,,,0.00,Y,T-Intersection, ,Intersection-Related,None,,,         ,Tien,Nguyen,Cloudy,Front to Rear,no,no,no,no,no,False
101624267,METROPOLITAN NASHVILLE POLICE DEPT,20170362876,Davidson,Nashville,4/24/2017 3:43:00 PM,3,0,0,36.168450,-86.766110,I 24,,,,0.00,,,,,,,48.80,N,Not at Intersection, ,Non-Junction,None,,,         ,Jason,Hogan,Clear,Front to Rear,no,no,no,no,no,False
101624270,METROPOLITAN NASHVILLE POLICE DEPT,20170363161,Davidson,Nashville,4/24/2017 5:26:00 PM,2,0,0,36.089740,-86.688710,HARDING INDUSTRIAL DR,,,,76.00,Feet,North,HARDING PL,,,,0.00,N,Not at Intersection,N,Non-Junction,None,,,         ,Jessie,Meadows,Clear,Front to Rear,no,no,no,no,yes,False
101624288,METROPOLITAN NASHVILLE POLICE DEPT,20170363158,Davidson,Nashville,4/24/2017 5:00:00 PM,3,0,0,36.126780,-86.728330,I 24,,,,0.00,,,,,,,51.40,N,Not at Intersection,N,Non-Junction,None,,,         ,Andrew,Mullen,Clear,Front to Rear,no,no,no,no,yes,False
101624289,METROPOLITAN NASHVILLE POLICE DEPT,20170363280,Davidson,Nashville,4/24/2017 12:00:00 AM,2,0,0,36.185980,-86.798210,I65 S EXT RAMP,,,,0.00,Feet,East,I 65,,,,0.00,N,Not at Intersection, ,Non-Junction,None,,,         ,Melvin,Taylor,Clear,Front to Rear,no,no,no,no,no,False
101624295,METROPOLITAN NASHVILLE POLICE DEPT,20170363118,Davidson,Nashville,4/24/2017 5:00:00 PM,2,0,0,36.140730,-86.732280,I 40,,,,0.00,,,,,,,213.00,N,Not at Intersection, ,Non-Junction,None,,,         ,Kimberly,Annson,Cloudy,Front to Rear,no,no,no,no,no,False
101624305,METROPOLITAN NASHVILLE POLICE DEPT,20170363122,Davidson,Nashville,4/24/2017 4:48:00 PM,2,0,0,36.245200,-86.782090,BRILEY PARK BLVDN,,,,321.00,Feet,North,BRICK CHURCH LN,,,,0.00,N,Not at Intersection,N,Non-Junction,None,,,         ,Christopher,Littles,Cloudy,"Sideswipe, Same Direction",no,no,no,no,yes,False
101624306,METROPOLITAN NASHVILLE POLICE DEPT,20170363023,Davidson,Nashville,4/24/2017 3:47:00 PM,1,0,0,36.228760,-86.772570,I 65,,,,0.00,,,,,,,88.90,N,Not at Intersection,N,Non-Junction,None,,,         ,Christopher,Littles,Cloudy,Not Collision with Motor Vehicle in Transport,no,no,no,no,no,False
101624311,METROPOLITAN NASHVILLE POLICE DEPT,20170362199,Davidson,Nashville,4/24/2017 11:30:00 AM,2,1,0,36.159310,-86.789800,12TH AVN,,,,403.00,Feet,West,CHURCH ST,,,,0.00,N,Not at Intersection,N,OtherLocation,None,,,         ,William,Gibbs,Clear,Front to Rear,no,no,no,yes,no,False
101624313,METROPOLITAN NASHVILLE POLICE DEPT,20170363296,Davidson,Nashville,4/24/2017 5:45:00 PM,2,0,0,36.045050,-86.659430,BELL RD,,,,101.00,Feet,East,I24 E ENT RAMP,,,,0.00,N,Not at Intersection,N,Non-Junction,None,,,         ,Richard,Olive,Clear,Front to Rear,no,no,no,no,yes,False
101624317,METROPOLITAN NASHVILLE POLICE DEPT,20170363186,Davidson,Nashville,4/24/2017 5:25:00 PM,3,2,0,36.148970,-86.667140,ELM HILL PKE,,,,145.00,Feet,East,NELSON PL,,,,0.00,N,Not at Intersection,N,Non-Junction,None,,,         ,John,Kelley,Clear,Angle,no,no,no,no,yes,False
101624319,METROPOLITAN NASHVILLE POLICE DEPT,20170363233,Davidson,Nashville,4/24/2017 6:18:00 PM,2,0,0,36.149970,-86.858720,CHARLOTTE PKE,,,,208.00,Feet,East,MIDLAND AV,,,,0.00,N,Not at Intersection,N,Non-Junction,None,,,         ,Barrett,Teague,Clear,"Sideswipe, Same Direction",no,no,no,no,yes,False
101624330,METROPOLITAN NASHVILLE POLICE DEPT,20170363379,Davidson,Nashville,4/24/2017 12:00:00 AM,2,0,0,36.173400,-86.799110,11TH AVN,,,,71.00,Feet,South,MONROE ST,,,,0.00,N,Not at Intersection, ,Non-Junction,None,,,         ,Melvin,Taylor,Clear,"Sideswipe, Same Direction",no,no,no,no,no,False
101624334,METROPOLITAN NASHVILLE POLICE DEPT,20170363347,Davidson,Nashville,4/24/2017 6:00:00 PM,2,2,0,36.150120,-86.859410,MIDLAND AV,,,,108.00,Feet,North,CHARLOTTE PKE,,,,0.00,N,Not at Intersection,N,Non-Junction,None,,,         ,Torian,Cox,Clear,Angle,no,no,no,no,no,False
101624342,METROPOLITAN NASHVILLE POLICE DEPT,20170363308,Davidson,Nashville,4/24/2017 6:19:00 PM,2,1,0,36.186070,-86.758380,ELLINGTON PKWYN,,,,287.00,Feet,North,W EASTLAND AV,,,,0.00,N,Not at Intersection,N,Non-Junction,None,,,         ,Christopher,Valdez,Clear,"Sideswipe, Same Direction",no,no,no,no,no,False
101624343,METROPOLITAN NASHVILLE POLICE DEPT,20170363127,Davidson,Nashville,4/24/2017 4:59:00 PM,2,0,0,36.147660,-86.666300,DONELSON PKE,,,,0.00,,,,,,,0.00,,,N,Non-Junction,None,,,         ,Brian,Smith,Clear,"Sideswipe, Same Direction",no,no,no,no,yes,False
101624364,METROPOLITAN NASHVILLE POLICE DEPT,20170363196,Davidson,Not in City Limit,4/24/2017 3:25:00 PM,1,0,0,36.272080,-86.688230,ANDERSON LN,,,,215.00,Feet,West,ARCHWOOD DR,,,,0.00,N,Not at Intersection,N,Non-Junction,None,,,         ,Samuel,Miller,Clear,Not Collision with Motor Vehicle in Transport,no,no,no,no,yes,False
101624366,METROPOLITAN NASHVILLE POLICE DEPT,20170363552,Davidson,Nashville,4/24/2017 7:53:00 PM,2,0,0,36.170550,-86.768850,INTERSTATE DR,,,,0.00,,,,,,,0.00,,,N,Non-Junction,None,,,         ,Michael,Baron,Clear,Angle,no,no,no,yes,yes,False
101624374,METROPOLITAN NASHVILLE POLICE DEPT,2017-0363279,Davidson,Nashville,4/24/2017 6:05:00 PM,4,0,0,36.141650,-86.713740,I 40,,,,0.00,,,,,,,214.00,N,Not at Intersection,N,Non-Junction,None,,,         ,John,Robinson,Clear,Front to Rear,no,no,no,no,yes,False
101624380,METROPOLITAN NASHVILLE POLICE DEPT,20170363411,Davidson,Not in City Limit,4/24/2017 6:31:00 PM,2,0,0,36.273450,-86.795960,I 24,,,,0.00,,,,,,,40.85,N,Not at Intersection, ,Non-Junction,None,,,         ,Samuel,Miller,Clear,Front to Rear,no,no,no,no,no,False
101624384,METROPOLITAN NASHVILLE POLICE DEPT,20170363205,Davidson,Nashville,4/24/2017 5:14:00 PM,2,0,0,36.101310,-86.870660,HARDING PKE,,,,341.00,Feet,South,HARDING PL,,,,0.00,N,Not at Intersection, ,Non-Junction,None,,,         ,Brandon,Pedigo,Clear,Angle,no,no,no,no,no,False
101624386,METROPOLITAN NASHVILLE POLICE DEPT,20170363213,Davidson,Nashville,4/24/2017 5:34:00 PM,3,3,0,36.047550,-86.655930,BELL RD,,,,0.00,Feet,,HICKORY HOLLOW PKWY,,,,0.00,Y,Four-Way,N,Intersection,None,,,         ,Nakia,Reid,Clear,Rear to Side,no,no,no,no,no,False
101624388,METROPOLITAN NASHVILLE POLICE DEPT,20170363644,Davidson,Nashville,4/24/2017 12:00:00 AM,2,0,0,36.219820,-86.828950,BOYD DR,,,,120.00,Feet,North,KINGS LN,,,,0.00,N,Not at Intersection, ,Non-Junction,None,,,         ,Melvin,Taylor,Clear,Front to Rear,no,no,no,no,no,False
101624425,METROPOLITAN NASHVILLE POLICE DEPT,20170363192,Davidson,Not in City Limit,4/24/2017 5:29:00 PM,4,1,0,36.275450,-86.798010,I 24,,,,0.00,,,,,,,40.70,N,Not at Intersection,N,Non-Junction,None,,,         ,Christopher,Littles,Cloudy,Front to Rear,no,no,no,no,no,False
101624426,METROPOLITAN NASHVILLE POLICE DEPT,20170363595,Davidson,Not in City Limit,4/24/2017 8:11:00 PM,1,0,0,36.270920,-86.736260,I 65,,,,0.00,,,,,,,92.70,N,Not at Intersection,N,Non-Junction,None,,,         ,Christopher,Littles,Cloudy,Not Collision with Motor Vehicle in Transport,no,no,no,no,no,False
101624429,METROPOLITAN NASHVILLE POLICE DEPT,20170363037,Davidson,Not in City Limit,4/24/2017 4:37:00 PM,2,0,0,36.083310,-86.952240,I 40,,,,0.00,,,,,,,196.60,N,Not at Intersection, ,Non-Junction,None,,,         ,Walter,Gray II,Cloudy,Front to Rear,no,no,no,no,no,False
101624433,METROPOLITAN NASHVILLE POLICE DEPT,2017-0363502,Davidson,Nashville,4/24/2017 5:23:00 PM,1,0,0,36.188530,-86.593330,TULIP GROVE RD,,,,224.00,Feet,South,OLD LEBANON DIRT RD,,,,0.00,N,Not at Intersection,N,Non-Junction,None,,,         ,Sandra,Talavera,Cloudy,Not Collision with Motor Vehicle in Transport,no,no,no,no,no,False
101624434,METROPOLITAN NASHVILLE POLICE DEPT,20170363334,Davidson,Nashville,4/24/2017 6:35:00 PM,1,1,0,36.180840,-86.823360,BUCHANAN ST,,,,12.00,Feet,East,28TH AVN,,,,0.00,N,Not at Intersection,N,Non-Junction,None,,,         ,Zachary,Ronan,Clear,Not Collision with Motor Vehicle in Transport,no,no,no,no,no,False
101624435,METROPOLITAN NASHVILLE POLICE DEPT,20170362950,Davidson,Not in City Limit,4/24/2017 3:25:00 PM,5,0,0,36.263130,-86.680920,RIO VISTA DR,,,,50.00,Feet,North,STATE RT 45,,,,0.00,N,Not at Intersection,N,Non-Junction,None,,,         ,Samuel,Miller,Clear,Angle,no,no,no,no,yes,False
101624438,METROPOLITAN NASHVILLE POLICE DEPT,20170363243,Davidson,Nashville,4/24/2017 5:45:00 PM,2,0,0,36.144050,-86.882050,I 40,,,,0.00,,,,,,,202.40,N,Not at Intersection, ,Non-Junction,None,,,         ,Walter,Gray II,Clear,Front to Rear,no,no,no,no,no,False
101624471,METROPOLITAN NASHVILLE POLICE DEPT,20170363345,Davidson,Nashville,4/24/2017 6:36:00 PM,3,2,0,36.193960,-86.830940,BUENA VISTA PKE,,,,139.00,Feet,North,CLARKSVILLE PKE,,,,0.00,N,Not at Intersection,N,Non-Junction,None,,,         ,Samuel,Galluzzi,Cloudy,Angle,no,no,no,no,no,False
101624472,METROPOLITAN NASHVILLE POLICE DEPT,20170363341,Davidson,Nashville,4/24/2017 6:32:00 PM,2,2,0,36.137880,-86.890440,I 40,,,,0.00,,,,,,,201.80,N,Not at Intersection,N,Non-Junction,None,,,         ,Walter,Gray II,Clear,Front to Rear,no,no,no,no,no,False
101624493,METROPOLITAN NASHVILLE POLICE DEPT,20170363465,Davidson,Nashville,4/24/2017 7:20:00 PM,2,0,0,36.137880,-86.890440,I 40,,,,0.00,,,,,,,201.80,N,Not at Intersection,N,Non-Junction,None,,,         ,Walter,Gray II,Clear,"Sideswipe, Same Direction",no,no,no,no,yes,False
101624522,METROPOLITAN NASHVILLE POLICE DEPT,20170363642,Davidson,Nashville,4/24/2017 7:33:00 PM,3,0,0,36.046480,-86.661270,I 24,,,,0.00,,,,,,,59.25,N,Not at Intersection, ,Non-Junction,None,,,         ,Richard,Olive,Cloudy,Front to Rear,no,no,no,no,yes,False
101624525,METROPOLITAN NASHVILLE POLICE DEPT,20170363606,Davidson,Nashville,4/24/2017 7:59:00 PM,1,0,0,36.089840,-86.976740,HIGHWAY 70S,,,,1473.00,Feet,East,CHARLOTTE PKE,,,,0.00,N,Not at Intersection,N,"Driveway, Alley Access, etc",None,,,         ,Walter,Gray II,Clear,Not Collision with Motor Vehicle in Transport,no,no,no,no,no,False
101624535,METROPOLITAN NASHVILLE POLICE DEPT,20170364021,Davidson,Nashville,4/24/2017 10:50:00 PM,2,0,0,36.101810,-86.740280,ANTIOCH PKE,,,,82.00,Feet,East,NOLENSVILLE PKE,,,,0.00,N,Not at Intersection,N,Non-Junction,None,,,         ,Kurt,Lewton,Cloudy,HeadOn,no,no,no,no,yes,False
101624553,METROPOLITAN NASHVILLE POLICE DEPT,20170364076,Davidson,Nashville,4/24/2017 11:10:00 PM,3,0,0,36.139610,-86.727470,I 24,,,,0.00,,,,,,,51.50,N,Not at Intersection, ,Entrance/Exit Ramp Related,None,,,         ,Curtis,Fisher,Clear,Angle,no,no,no,no,no,False
101624558,METROPOLITAN NASHVILLE POLICE DEPT,20170364297,Davidson,Not in City Limit,4/25/2017 12:38:00 AM,2,0,0,36.089100,-86.931800,HOLT VALLEY RD,,,,825.00,Feet,East,MEADOW LANE DR,,,,0.00,N,Not at Intersection,N,Non-Junction,None,,,         ,Jackson,Smythe,Cloudy,HeadOn,no,no,no,no,yes,False
101624566,METROPOLITAN NASHVILLE POLICE DEPT,20170364223,Davidson,Nashville,4/25/2017 12:07:00 AM,2,0,0,36.191860,-86.783520,I 65,,,,0.00,,,,,,,86.10,N,Not at Intersection,N,Non-Junction,None,,,         ,Kelcey,Bell,Clear,Other,no,no,no,no,no,False
101624671,METROPOLITAN NASHVILLE POLICE DEPT,20170365103,Davidson,Nashville,4/25/2017 7:04:00 AM,2,0,0,36.107580,-86.768640,I 65,,,,0.00,,,,,,,79.55,N,Not at Intersection, ,Non-Junction,None,,,         ,Nathan,Kemp,Clear,Front to Rear,no,no,no,no,no,False
101624677,METROPOLITAN NASHVILLE POLICE DEPT,20170365044,Davidson,Nashville,4/25/2017 6:36:00 AM,2,0,0,36.142620,-86.708690,I 40,,,,0.00,,,,,,,214.30,N,Not at Intersection, ,Non-Junction,None,,,         ,Chad,Mahoney,Clear,Front to Rear,no,no,no,no,no,False
101624679,METROPOLITAN NASHVILLE POLICE DEPT,20170365058,Davidson,Nashville,4/25/2017 6:47:00 AM,2,1,0,36.173310,-86.767140,JAMES ROBERTSON PKWY ENT RAMP,,,,0.00,,,MAIN ST ENT RAMP,,,,0.00,Y,OTHER,Y,Entrance/Exit Ramp Related,None,,,         ,Richard,Conger,Clear,Front to Rear,no,no,no,no,no,False
101624680,METROPOLITAN NASHVILLE POLICE DEPT,20170365125,Davidson,Nashville,4/25/2017 7:09:00 AM,2,0,0,36.153490,-86.771700,ELM ST,,,,158.00,Feet,East,4TH AVS,,,,0.00,N,Not at Intersection, ,,Construction Zone,,,         ,Christian,Martin,,,no,no,no,no,no,False
101624684,METROPOLITAN NASHVILLE POLICE DEPT,20170365108,Davidson,Nashville,4/25/2017 7:09:00 AM,2,1,0,36.043300,-86.640800,MT VIEW RD,,,,0.00,,,BABY RUTH LN,,,,0.00,Y,T-Intersection,Y,Intersection,None,,,         ,Thomas,White,Clear,Angle,no,no,no,no,no,False
101624685,METROPOLITAN NASHVILLE POLICE DEPT,20170365181,Davidson,Nashville,4/25/2017 12:00:00 AM,2,0,0,36.168990,-86.821130,ED TEMPLE BLVD,,,,117.00,Feet,North,SCOVEL ST,,,,0.00,N,Not at Intersection, ,,None,,,         ,Julie,Nabors,,,no,no,no,no,no,False
101624686,METROPOLITAN NASHVILLE POLICE DEPT,20170365047,Davidson,Nashville,4/25/2017 6:23:00 AM,2,0,0,36.202360,-86.776850,I 65,,,,0.00,,,,,,,87.00,N,Not at Intersection, ,,None,,,         ,Kelcey,Bell,,,no,no,no,no,no,False
101624688,METROPOLITAN NASHVILLE POLICE DEPT,20170365065,Davidson,Nashville,4/25/2017 6:24:00 AM,2,2,0,36.199200,-86.776510,I 65,,,,0.00,,,,,,,86.80,N,Not at Intersection,N,Non-Junction,None,,,         ,Michael,McCord,Clear,Front to Rear,no,no,no,no,no,False
101624699,METROPOLITAN NASHVILLE POLICE DEPT,20170365118,Davidson,Nashville,4/25/2017 7:11:00 AM,2,0,0,36.141330,-86.716550,I 40,,,,0.00,,,,,,,213.85,N,Not at Intersection, ,Non-Junction,None,,,         ,James,Curtis,Clear,Front to Rear,no,no,no,no,no,False
101624705,METROPOLITAN NASHVILLE POLICE DEPT,20170365180,Davidson,Nashville,4/25/2017 7:33:00 AM,2,2,0,36.153930,-86.857490,URBANDALE AV,,,,0.00,,,BRILEY PKWYN,,,,0.00,Y,Four-Way,N,Intersection,None,,,         ,Curtis,Rich,Clear,Angle,no,no,no,no,no,False
101624714,METROPOLITAN NASHVILLE POLICE DEPT,20170365312,Davidson,Nashville,4/25/2017 8:07:00 AM,2,0,0,36.115370,-86.773120,I 65,,,,0.00,,,,,,,80.15,N,Not at Intersection, ,,None,,,         ,Nathan,Kemp,,,no,no,no,no,no,False
101624724,METROPOLITAN NASHVILLE POLICE DEPT,20170365236,Davidson,Nashville,4/25/2017 7:45:00 AM,2,0,0,36.166230,-86.765790,SHELBY AV,,,,0.00,,,INTERSTATE DR,,,,0.00,Y,Four-Way,N,Intersection,None,,,         ,Steven,Folliard,Clear,HeadOn,no,no,no,no,no,False
101624726,METROPOLITAN NASHVILLE POLICE DEPT,20170365280,Davidson,Nashville,4/25/2017 8:01:00 AM,2,0,0,36.195340,-86.742970,GALLATIN AV,,,,132.00,Feet,North,CHESTER AV,,,,0.00,N,Not at Intersection,N,Non-Junction,None,,,         ,Richard,Conger,Clear,"Sideswipe, Same Direction",no,no,no,no,no,False
101624727,METROPOLITAN NASHVILLE POLICE DEPT,20170365079,Davidson,Nashville,4/25/2017 6:56:00 AM,2,0,0,36.147300,-86.757920,LAFAYETTE ST,,,,0.00,,,FAIRFIELD AV,,,,0.00,Y,Four-Way, ,Intersection-Related,None,,,         ,Tyler,Adcock,Clear,Front to Rear,no,no,no,no,no,False
101624729,METROPOLITAN NASHVILLE POLICE DEPT,20170365250,Davidson,Nashville,4/25/2017 7:52:00 AM,2,1,0,36.092560,-86.705100,I 24,,,,0.00,,,,,,,55.20,N,Not at Intersection,N,Non-Junction,None,,,         ,David,Simmonds,Clear,Front to Rear,no,no,no,no,no,False
101624731,METROPOLITAN NASHVILLE POLICE DEPT,20170365008,Davidson,Nashville,4/25/2017 6:15:00 AM,1,1,0,36.147460,-86.744290,I 40,,,,0.00,,,,,,,212.00,N,Not at Intersection,N,Non-Junction,None,,,         ,Jason,Smith,Clear,Unknown,no,no,no,no,no,False
101624743,METROPOLITAN NASHVILLE POLICE DEPT,20170365071,Davidson,Nashville,4/25/2017 6:53:00 AM,2,0,0,36.145270,-86.811930,28TH AVS,,,,0.00,,,WEST END AV,,,,0.00,Y,T-Intersection, ,Intersection-Related,None,,,         ,Phillip,Murphy,Clear,"Sideswipe, Same Direction",no,no,no,no,no,Campus
101624749,METROPOLITAN NASHVILLE POLICE DEPT,20170365487,Davidson,Nashville,4/25/2017 9:07:00 AM,2,0,0,36.140030,-86.818350,WEST END AV,,,,334.00,Feet,North,PARK DR,,,,0.00,N,Not at Intersection, ,Non-Junction,None,,,         ,Nathan,Kemp,Clear,Front to Rear,no,no,no,no,no,False
101624756,METROPOLITAN NASHVILLE POLICE DEPT,20170365430,Davidson,Nashville,4/25/2017 8:47:00 AM,2,1,0,36.230170,-86.781870,I 24,,,,0.00,,,,,,,44.15,N,Not at Intersection,N,Non-Junction,None,,,         ,Royce,McLester,Clear,Front to Rear,no,no,no,no,no,False
101624758,METROPOLITAN NASHVILLE POLICE DEPT,20170365334,Davidson,Nashville,4/25/2017 8:06:00 AM,2,0,0,36.151350,-86.751110,I 40,,,,0.00,,,,,,,211.50,N,Not at Intersection,N,Non-Junction,None,,,         ,Samuel,Sundra,Clear,Front to Rear,no,no,no,no,yes,False
101624761,METROPOLITAN NASHVILLE POLICE DEPT,20170365140,Davidson,Nashville,4/25/2017 7:24:00 AM,2,1,0,36.183000,-86.739800,EASTLAND AV,,,,0.00,,,RUDOLPH AV,,,,0.00,Y,T-Intersection,N,Intersection-Related,None,,,         ,Richard,Conger,Clear,Front to Rear,no,no,no,no,no,False
101624763,METROPOLITAN NASHVILLE POLICE DEPT,20170365175,Davidson,Nashville,4/25/2017 7:20:00 AM,2,1,0,36.130480,-86.741780,FOSTER AV,,,,239.00,Feet,North,TPS COMPLEX PVTDR,,,,0.00,N,Not at Intersection,N,"Driveway, Alley Access, etc",None,,,         ,Todd,Watson,Clear,Angle,no,no,no,no,no,False
101624787,METROPOLITAN NASHVILLE POLICE DEPT,20170365198,Davidson,Nashville,4/25/2017 7:36:00 AM,2,3,0,36.193980,-86.743690,GALLATIN AV,,,,0.00,,,STROUSE AV,,,,0.00,Y,T-Intersection,Y,Intersection,None,,,         ,Jeremy,Stricklin,Clear,HeadOn,no,no,no,no,no,False
101624793,METROPOLITAN NASHVILLE POLICE DEPT,20170365531,Davidson,Nashville,4/25/2017 9:23:00 AM,2,0,0,36.163320,-86.613120,BELL RD,,,,0.00,,,DODSON CHAPEL RD,,,,0.00,Y,T-Intersection, ,,None,,,         ,MIchael,Mihajlov,,,no,no,no,no,no,False
101624796,METROPOLITAN NASHVILLE POLICE DEPT,20170365272,Davidson,Nashville,4/25/2017 7:57:00 AM,2,0,0,36.155580,-86.788930,I40 W EXT RAMP,,,,0.00,,,I 40,,,,0.00,Y,OTHER, ,Entrance/Exit Ramp Related,None,,,         ,Frank,Campbell,Clear,Front to Rear,no,no,no,no,no,False