master_record_number,agency,agency_tracking_number,county,city,collision_date,vehicles_involved,number_injured,number_dead,latitude,longitude,roadway_name,roadway_suffix,roadway_number,roadway_local_id,distance_from_reference,miles-feet_indicator,direction_from_reference,intersection_road_name,intersection_road_name_suffix,intersection_road_number,intersection_local_id,mile_marker,intersection_indicator,intersect_type,interchange_related_indicator,relation_to_junction,work_zone_type,construction_maintenance_zone,construction_maintenance_zone_location,fatal_case_number,officer_first_name,officer_last_name,weather_condition(s),manner_of_crash,pedestrian,bicycle,scooter,parking,hitrun,mou
101625421,METROPOLITAN NASHVILLE POLICE DEPT,20170366718,Davidson,Nashville,4/25/2017 3:00:00 PM,2,0,0,36.165610,-86.820240,28TH AVN,,,,0.00,,,ALAMEDA ST,,,,0.00,Y,T-Intersection, ,Intersection,None,,,         ,Andy,Esqueda,Clear,Angle,no,no,no,no,no,False
101625422,METROPOLITAN NASHVILLE POLICE DEPT,20170367450,Davidson,Not in City Limit,4/25/2017 7:43:00 PM,2,0,0,36.276920,-86.859230,BURGESS RD,,,,629.00,Feet,North,SIMPKINS RD,,,,0.00,N,Not at Intersection, ,Non-Junction,None,,,         ,Victor,Alexander,Clear,Not Collision with Motor Vehicle in Transport,no,no,no,no,no,False
101625426,METROPOLITAN NASHVILLE POLICE DEPT,20170367777,Davidson,Nashville,4/25/2017 9:06:00 PM,2,0,0,36.150010,-86.791920,MUSIC SQE,,,,10.00,Feet,South,ROY ACUFF PL,,,,0.00,N,Not at Intersection,N,Non-Junction,None,,,         ,Eric,Burford,Clear,"Sideswipe, Same Direction",no,no,no,no,no,False
101625427,METROPOLITAN NASHVILLE POLICE DEPT,20170367725,Davidson,Not in City Limit,4/25/2017 9:15:00 PM,2,0,0,36.263810,-86.711660,GALLATIN PKEN,,,,0.00,,,OLD TIME VILLAGE PVTDR,,,,0.00,Y,T-Intersection, ,Intersection,None,,,         ,Harold,Willmore IV,Clear,Angle,no,no,no,no,no,False
101625428,METROPOLITAN NASHVILLE POLICE DEPT,20170367341,Davidson,Not in City Limit,4/25/2017 6:19:00 PM,2,0,0,35.996220,-86.690540,CONCORD RD,,,,305.00,Feet,South,NOLENSVILLE PKE,,,,0.00,N,Not at Intersection, ,Non-Junction,None,,,         ,William,King,Clear,"Sideswipe, Same Direction",no,no,no,no,no,False
101625479,METROPOLITAN NASHVILLE POLICE DEPT,20170367588,Davidson,Nashville,4/25/2017 8:32:00 PM,2,2,0,36.218190,-86.803490,US HWY 431,,,,0.00,,,MOORMANS ARM RD,,,,0.00,Y,Four-Way,N,Intersection,None,,,         ,Benjamin,Cole,Clear,HeadOn,no,no,no,no,yes,False
101625493,METROPOLITAN NASHVILLE POLICE DEPT,20170367742,Davidson,Nashville,4/25/2017 9:14:00 PM,2,1,0,36.085210,-86.920680,OLD HICKORY BLVD,,,,0.00,,,AMBERWOOD CIR,,,,0.00,Y,Four-Way,N,Intersection,None,,,         ,Walter,Gray II,Clear,Front to Rear,no,no,no,no,no,False
101625500,METROPOLITAN NASHVILLE POLICE DEPT,20170368187,Davidson,Not in City Limit,4/25/2017 11:53:00 PM,1,0,0,36.269260,-86.755740,OLD HICKORY BLVDW,,,,0.00,,,DICKERSON PKE,,,,0.00,Y,T-Intersection, ,Intersection-Related,None,,,         ,Craig,Amabile,Clear,Not Collision with Motor Vehicle in Transport,no,no,no,no,no,False
101625501,METROPOLITAN NASHVILLE POLICE DEPT,20170368169,Davidson,Nashville,4/25/2017 11:39:00 PM,1,0,0,36.248010,-86.720360,GALLATIN PKES,,,,0.00,,,DUE WEST AVW,,,,0.00,Y,Four-Way, ,Intersection,None,,,         ,Jason,Sweeney,Clear,Not Collision with Motor Vehicle in Transport,no,no,no,no,no,False
101625513,METROPOLITAN NASHVILLE POLICE DEPT,20170368020,Davidson,Nashville,4/25/2017 10:20:00 PM,2,2,0,36.112890,-86.689010,MCGAVOCK PKE,,,,0.00,Feet,,MURFREESBORO PKE,,,,0.00,Y,T-Intersection,N,Intersection,None,,,         ,Kevin,Breeding,Clear,Front to Rear,no,no,no,no,no,False
101625515,METROPOLITAN NASHVILLE POLICE DEPT,20170368274,Davidson,Nashville,4/25/2017 11:35:00 PM,2,1,0,36.046020,-86.657930,COLLINS PARK DR,,,,0.00,Feet,,BELL RD,,,,0.00,Y,Four-Way,N,Intersection,None,,,         ,Sandra,Fly,Clear,Front to Rear,no,no,no,no,no,False
101625516,METROPOLITAN NASHVILLE POLICE DEPT,20170368056,Davidson,Nashville,4/25/2017 11:06:00 PM,2,0,0,36.183350,-86.748570,GALLATIN AV,,,,0.00,,,W EASTLAND AV,,,,0.00,Y,Four-Way,N,Intersection,None,,,         ,Ky,Luu,Clear,Angle,no,no,no,no,no,False
101625520,METROPOLITAN NASHVILLE POLICE DEPT,20170368141,Davidson,Nashville,4/25/2017 10:15:00 PM,2,0,0,36.047610,-86.662660,I 24,,,,0.00,,,,,,,59.15,N,Not at Intersection, ,Non-Junction,None,,,         ,Sandra,Fly,Clear,Front to Rear,no,no,no,no,no,False
101625523,METROPOLITAN NASHVILLE POLICE DEPT,2017-0368373,Davidson,Nashville,4/26/2017 12:30:00 AM,2,0,0,36.152030,-86.791910,DIVISION ST,,,,0.00,,,MUSIC SQE,,,,0.00,Y,Traffic Circle,N,Intersection-Related,None,,,         ,Matthew,Moses,Clear,Front to Rear,no,no,no,no,yes,False
101625527,METROPOLITAN NASHVILLE POLICE DEPT,20170368435,Davidson,Nashville,4/25/2017 10:03:00 PM,2,0,0,36.064010,-86.717120,NOLENSVILLE PKE,,,,409.00,Feet,North,FAIRLANE DR,,,,0.00,N,Not at Intersection,N,Non-Junction,None,,,         ,Gary,Peters,Clear,HeadOn,no,no,no,yes,yes,False
101625534,METROPOLITAN NASHVILLE POLICE DEPT,20170368045,Davidson,Nashville,4/25/2017 11:02:00 PM,2,0,0,36.124410,-86.793140,SWEETBRIAR AV,,,,339.00,Feet,East,BELMONT BLVD,,,,0.00,N,Not at Intersection, ,Non-Junction,None,,,         ,Joshua,Billotte,Clear,Angle,no,no,no,no,no,False
101625541,METROPOLITAN NASHVILLE POLICE DEPT,20170368352,Davidson,Nashville,4/26/2017 12:50:00 AM,1,1,0,36.148910,-86.875260,AMERICAN RD,,,,452.00,Feet,East,THUNDERBIRD DR,,,,0.00,N,Not at Intersection,N,Non-Junction,None,,,         ,Aaron,Wigginton,Clear,Not Collision with Motor Vehicle in Transport,no,no,no,no,no,False
101625543,METROPOLITAN NASHVILLE POLICE DEPT,20170368675,Davidson,Not in City Limit,4/26/2017 3:13:00 AM,2,0,0,36.078160,-86.962640,I 40,,,,0.00,,,,,,,195.95,N,Not at Intersection,N,Non-Junction,None,,,         ,Jackson,Smythe,Clear,"Sideswipe, Same Direction",no,no,no,no,yes,False
101625553,METROPOLITAN NASHVILLE POLICE DEPT,20170368672,Davidson,Nashville,4/26/2017 3:10:00 AM,2,1,0,36.164230,-86.777730,CHURCH ST,,,,0.00,,,3RD AVN,,,,0.00,Y,Four-Way,Y,Intersection,None,,,         ,Brian,Zullo,Clear,Angle,no,no,no,no,no,False
101625556,METROPOLITAN NASHVILLE POLICE DEPT,20170368882,Davidson,Nashville,4/26/2017 4:09:00 AM,2,0,0,36.058650,-86.597680,HOBSON PKE,,,,37.00,Feet,North,HAMILTON CHURCH RD,,,,0.00,N,Not at Intersection, ,Non-Junction,None,,,         ,Gary,Peters,Clear,Angle,no,no,no,no,no,False
101625563,METROPOLITAN NASHVILLE POLICE DEPT,20170368956,Davidson,Nashville,4/26/2017 4:56:00 AM,2,0,0,36.086870,-86.696460,HARDING PL,,,,150.00,Feet,West,S PERIMETER PARK DR,,,,0.00,N,Not at Intersection, ,Non-Junction,None,,,         ,Patrick,Martin,Clear,HeadOn,no,no,no,no,no,False
101625567,METROPOLITAN NASHVILLE POLICE DEPT,20170369041,Davidson,Not in City Limit,4/26/2017 5:32:00 AM,1,0,0,36.270870,-86.754870,DICKERSON PKE,,,,637.00,Feet,North,OLD HICKORY BLVD,,,,0.00,N,Not at Intersection, ,Non-Junction,None,,,         ,Colin,Bleem,Clear,Not Collision with Motor Vehicle in Transport,no,no,no,no,no,False
101625571,METROPOLITAN NASHVILLE POLICE DEPT,20170369028,Davidson,Not in City Limit,4/26/2017 12:00:00 AM,1,0,0,36.013810,-86.704600,NOLENSVILLE PKE,,,,597.00,Feet,North,HOLT RD,,,,0.00,N,Not at Intersection,N,Non-Junction,Construction Zone,,,         ,Jose,Salazar,Clear,Not Collision with Motor Vehicle in Transport,no,no,no,no,no,False
101625589,METROPOLITAN NASHVILLE POLICE DEPT,20170369031,Davidson,Nashville,4/26/2017 5:28:00 AM,2,0,0,36.159290,-86.822080,I 40,,,,0.00,,,,,,,206.05,N,Not at Intersection,N,Non-Junction,None,,,         ,Nicholas,Carter,Clear,Front to Rear,no,no,no,no,no,False
101625590,METROPOLITAN NASHVILLE POLICE DEPT,20170365783,Davidson,Nashville,4/25/2017 10:40:00 AM,2,0,0,36.117640,-86.702200,BRILEY PKWY S ENT RAMP,,,,0.00,Feet,East,BRILEY PKWYS,,,,0.00,N,Not at Intersection,Y,Non-Junction,None,,,         ,Brandon,O'Guin,Clear,Front to Rear,no,no,no,no,no,False
101625640,METROPOLITAN NASHVILLE POLICE DEPT,20170368966,Davidson,Nashville,4/26/2017 4:59:00 AM,2,1,0,36.112890,-86.689010,MCGAVOCK PKE,,,,0.00,,,MURFREESBORO PKE,,,,0.00,Y,T-Intersection,Y,Intersection,None,,,         ,Dezmond,Hughes,Clear,Angle,no,no,no,no,no,False
101625643,METROPOLITAN NASHVILLE POLICE DEPT,20170366309,Davidson,Nashville,4/25/2017 1:30:00 PM,2,3,0,36.082890,-86.709800,HARDING PL,,,,219.00,Feet,East,TAMPA DR,,,,0.00,N,Not at Intersection,N,Non-Junction,None,,,         ,Brandon,O'Guin,Clear,Front to Rear,no,no,no,no,no,False
101625649,METROPOLITAN NASHVILLE POLICE DEPT,20170369216,Davidson,Nashville,4/26/2017 7:00:00 AM,2,0,0,36.061230,-86.911490,HIGHWAY 100,,,,162.00,Feet,West,WARNER NATURE CTR PVTDR,,,,0.00,N,Not at Intersection, ,Non-Junction,None,,,         ,Curtis,Rich,Clear,Front to Rear,no,no,no,no,no,False
101625650,METROPOLITAN NASHVILLE POLICE DEPT,20170369220,Davidson,Not in City Limit,4/26/2017 7:10:00 AM,1,0,0,36.091650,-86.984110,HIGHWAY 70,,,,75.00,Feet,East,HUNTWICK TRL,,,,0.00,N,Not at Intersection, ,Non-Junction,None,,,         ,Douglas,Atwood,Clear,Not Collision with Motor Vehicle in Transport,no,no,no,no,no,False
101625658,METROPOLITAN NASHVILLE POLICE DEPT,20170369205,Davidson,Nashville,4/26/2017 7:06:00 AM,2,0,0,36.044950,-86.659750,I24 E ENT RAMP,,,,0.00,,,I 24,,,,0.00,Y,Four-Way,N,Entrance/Exit Ramp Related,None,,,         ,Robert,Erickson,Clear,Angle,no,no,no,no,yes,False
101625672,METROPOLITAN NASHVILLE POLICE DEPT,20170369171,Davidson,Nashville,4/26/2017 6:53:00 AM,2,0,0,36.141280,-86.716880,I 40,,,,0.00,,,,,,,213.80,N,Not at Intersection, ,Non-Junction,None,,,         ,Ralph,Harvey,Clear,Front to Rear,no,no,no,no,no,False
101625678,METROPOLITAN NASHVILLE POLICE DEPT,20170369162,Davidson,Nashville,4/26/2017 5:30:00 AM,1,0,0,36.102270,-86.818830,HILLSBORO DR,,,,170.00,Feet,East,HILLSBORO CIR,,,,0.00,N,Not at Intersection,N,Non-Junction,None,,,         ,Paul,Junkmann,Cloudy,Not Collision with Motor Vehicle in Transport,no,no,no,yes,yes,False
101625683,METROPOLITAN NASHVILLE POLICE DEPT,20170369352,Davidson,Nashville,4/26/2017 8:03:00 AM,1,1,0,36.167420,-86.835070,DR WALTER S DAVIS BLVD,,,,0.00,,,TIGERBELLE DR,,,,0.00,Y,OTHER,Y,Intersection,None,,,         ,James,Jarvis,Clear,Not Collision with Motor Vehicle in Transport,no,yes,no,no,no,False
101625686,METROPOLITAN NASHVILLE POLICE DEPT,20170369253,Davidson,Nashville,4/26/2017 6:55:00 AM,2,0,0,36.077960,-86.910440,HIGHWAY 70S,,,,101.00,Feet,East,WINDSOR TERRACE DR,,,,0.00,N,Not at Intersection, ,Non-Junction,None,,,         ,Christopher,Royer,Clear,Front to Rear,no,no,no,no,no,False
101625689,METROPOLITAN NASHVILLE POLICE DEPT,2017-0369278,Davidson,Nashville,4/26/2017 7:29:00 AM,2,0,0,36.026880,-86.634310,I 24,,,,0.00,,,,,,,61.30,N,Not at Intersection,N,Non-Junction,None,,,         ,William,Whitworth,Clear,Front to Rear,no,no,no,no,no,False
101625696,METROPOLITAN NASHVILLE POLICE DEPT,20170345980,Davidson,Nashville,4/19/2017 8:56:00 AM,1,0,0,36.087220,-86.692300,HARDING PL,,,,0.00,,,,,,,0.00,,, ,,None,,,         ,Carey,Steel,,,no,no,no,yes,no,False
101625715,METROPOLITAN NASHVILLE POLICE DEPT,20170369456,Davidson,Nashville,4/26/2017 8:30:00 AM,2,0,0,36.211830,-86.735530,HOME RD,,,,371.00,Feet,South,AMERICAN BUSINESS CENTER PVTDR,,,,0.00,N,Not at Intersection, ,Non-Junction,None,,,         ,Richard,Conger,Clear,"Sideswipe, Same Direction",no,no,no,no,no,False
101625731,METROPOLITAN NASHVILLE POLICE DEPT,20170369240,Davidson,Nashville,4/26/2017 7:21:00 AM,3,0,0,36.141220,-86.717280,I 40,,,,0.00,,,,,,,213.80,N,Not at Intersection,N,Non-Junction,None,,,         ,Ralph,Harvey,Clear,Front to Rear,no,no,no,no,no,False
101625766,METROPOLITAN NASHVILLE POLICE DEPT,20170369421,Davidson,Nashville,4/26/2017 8:34:00 AM,3,5,0,36.052850,-86.674660,BLUE LAKE CIR,,,,0.00,,,SHACKLETT LANE CT,,,,0.00,Y,Four-Way,N,Intersection,None,,,         ,Robert,Erickson,Clear,Front to Rear,no,no,no,no,no,False
101625780,METROPOLITAN NASHVILLE POLICE DEPT,20170369556,Davidson,Nashville,4/26/2017 9:23:00 AM,2,0,0,36.143150,-86.685360,I 40,,,,0.00,,,,,,,215.55,N,Not at Intersection,N,Non-Junction,None,,,         ,Wesley,Young,Clear,Front to Rear,no,no,no,no,no,False
101625782,METROPOLITAN NASHVILLE POLICE DEPT,2017-0369523,Davidson,Nashville,4/26/2017 7:24:00 AM,2,0,0,36.079540,-86.697270,LINBAR DR,,,,1063.00,Feet,South,LUNA DR,,,,0.00,N,Not at Intersection,N,Non-Junction,None,,,         ,William,Whitworth,Clear,Angle,no,no,no,no,no,False
101625791,METROPOLITAN NASHVILLE POLICE DEPT,20170369623,Davidson,Nashville,4/26/2017 10:03:00 AM,1,1,0,36.199560,-86.737260,BRONTE AV,,,,0.00,,,,,,,0.00,,,N,"Driveway, Alley Access, etc",None,,,         ,Richard,Conger,Clear,Not Collision with Motor Vehicle in Transport,yes,no,no,yes,no,False
101625793,METROPOLITAN NASHVILLE POLICE DEPT,20170369408,Davidson,Nashville,4/26/2017 8:28:00 AM,2,0,0,36.089070,-86.649990,MURFREESBORO PKE,,,,0.00,,,RANSOM PL,,,,0.00,Y,T-Intersection, ,Intersection,None,,,         ,Scott,Toney,Clear,Angle,no,no,no,no,no,False
101625800,METROPOLITAN NASHVILLE POLICE DEPT,20170369460,Davidson,Nashville,4/26/2017 8:48:00 AM,2,0,0,36.125210,-86.734120,I 440,,,,0.00,,,,,,,7.20,N,Not at Intersection,N,Non-Junction,None,,,         ,David,Simmonds,Clear,Front to Rear,no,no,no,no,no,False
101625801,METROPOLITAN NASHVILLE POLICE DEPT,20170369342,Davidson,Nashville,4/26/2017 8:03:00 AM,3,1,0,36.170340,-86.755100,SHELBY AV,,,,264.00,Feet,West,S 9TH ST,,,,0.00,N,Not at Intersection,N,Non-Junction,None,,,         ,Richard,Conger,Clear,Front to Rear,no,no,no,no,no,False
101625813,METROPOLITAN NASHVILLE POLICE DEPT,20170369368,Davidson,Nashville,4/26/2017 8:05:00 AM,2,0,0,36.166690,-86.764560,SHELBY AV,,,,0.00,,,I24 W ENT RAMP,,,,0.00,Y,T-Intersection,Y,Intersection,None,,,         ,Steven,Folliard,Clear,"Sideswipe, Same Direction",no,no,no,no,no,False
101625839,METROPOLITAN NASHVILLE POLICE DEPT,20170369731,Davidson,Nashville,4/26/2017 10:46:00 AM,2,2,0,36.153550,-86.820110,CHARLOTTE AV,,,,235.00,Feet,East,CITY AV,,,,0.00,N,Not at Intersection,N,Non-Junction,None,,,         ,James,Jarvis,Clear,Front to Rear,no,no,no,no,no,False
101625846,METROPOLITAN NASHVILLE POLICE DEPT,20170369752,Davidson,Nashville,4/26/2017 11:10:00 AM,2,0,0,36.151460,-86.857740,WHITE BRIDGE PKE,,,,0.00,,,I40 E ENT RAMP,,,,0.00,Y,T-Intersection, ,Intersection,None,,,         ,Curtis,Rich,Cloudy,Angle,no,no,no,no,no,False
101625860,METROPOLITAN NASHVILLE POLICE DEPT,20170369757,Davidson,Nashville,4/26/2017 11:00:00 AM,2,0,0,36.161070,-86.793730,14TH AVN,,,,0.00,,,I40 E EXT RAMP,,,,0.00,Y,Y-Intersection, ,Entrance/Exit Ramp Related,None,,,         ,Isaac,Wood,Clear,"Sideswipe, Same Direction",no,no,no,no,no,False
101625870,METROPOLITAN NASHVILLE POLICE DEPT,20170369547,Davidson,Nashville,4/26/2017 9:30:00 AM,2,1,0,36.076800,-86.641000,MURFREESBORO PKE,,,,183.00,Feet,East,LAKEVILLA DR,,,,0.00,N,Not at Intersection,N,Non-Junction,None,,,         ,Sara,Lober,Clear,HeadOn,no,no,no,no,no,False
101625871,METROPOLITAN NASHVILLE POLICE DEPT,20170356775,Davidson,Nashville,4/22/2017 10:03:00 AM,1,1,1,36.036580,-86.783750,I65 S EXT RAMP,,,,304.00,Feet,South,I 65,,,,0.00,N,Not at Intersection,N,Entrance/Exit Ramp Related,None,,,17-0261  ,Carey,Steel,Cloudy,Not Collision with Motor Vehicle in Transport,no,no,no,no,no,False
101625876,METROPOLITAN NASHVILLE POLICE DEPT,20170369883,Davidson,Nashville,4/26/2017 12:00:00 PM,2,0,0,36.152960,-86.851210,ALABAMA AV,,,,9.00,Feet,West,53RD AVN,,,,0.00,N,Not at Intersection, ,Non-Junction,None,,,         ,Curtis,Rich,Clear,Angle,no,no,no,no,yes,False
101625887,METROPOLITAN NASHVILLE POLICE DEPT,20170369686,Davidson,Nashville,4/26/2017 10:04:00 AM,2,0,0,36.153860,-86.757120,I 40,,,,0.00,,,,,,,211.15,N,Not at Intersection, ,,None,,,         ,David,Boone,,,no,no,no,no,no,False
101625893,METROPOLITAN NASHVILLE POLICE DEPT,20170369751,Davidson,Nashville,4/26/2017 11:03:00 AM,2,0,0,36.151010,-86.750290,I 40,,,,0.00,,,,,,,211.60,N,Not at Intersection, ,Non-Junction,None,,,         ,Wesley,Young,Clear,"Sideswipe, Same Direction",no,no,no,no,no,False
101625895,METROPOLITAN NASHVILLE POLICE DEPT,20170369987,Davidson,Nashville,4/26/2017 12:48:00 PM,2,0,0,36.039410,-86.743430,EDMONDSON PKE,,,,219.00,Feet,South,OLD HICKORY BLVD,,,,0.00,N,Not at Intersection, ,,None,,,         ,Joseph,Patricio,,,no,no,no,no,no,False
101625911,METROPOLITAN NASHVILLE POLICE DEPT,20170370028,Davidson,Nashville,4/26/2017 12:44:00 PM,2,0,0,36.152210,-86.841790,CHARLOTTE AV,,,,128.00,Feet,East,46TH AVN,,,,0.00,N,Not at Intersection, ,,None,,,         ,Curtis,Rich,,,no,no,no,no,no,False
101625929,METROPOLITAN NASHVILLE POLICE DEPT,20170369629,Davidson,Nashville,4/26/2017 10:20:00 AM,2,1,0,36.124990,-86.727840,I 24,,,,0.00,,,,,,,52.55,N,Not at Intersection,N,Non-Junction,None,,,         ,Jessie,Meadows,Clear,"Sideswipe, Same Direction",no,no,no,no,no,False
101625930,METROPOLITAN NASHVILLE POLICE DEPT,20170369739,Davidson,Nashville,4/26/2017 11:29:00 AM,2,0,0,36.044880,-86.659690,I24 E ENT RAMP,,,,0.00,Feet,East,I 24,,,,0.00,N,Not at Intersection,N,Non-Junction,None,,,         ,Jessie,Meadows,Clear,"Sideswipe, Opposite Direction",no,no,no,no,yes,False
101625937,METROPOLITAN NASHVILLE POLICE DEPT,20170369782,Davidson,Nashville,4/26/2017 11:29:00 AM,2,0,0,0.000000,0.000000,4TH AVE S,AVE,,,0.00,,,,,II40W,,0.00,Y,Four-Way,N,Intersection,None,,,         ,Darren,Key,Clear,Angle,no,no,no,no,no,False
101625947,METROPOLITAN NASHVILLE POLICE DEPT,20170370004,Davidson,Nashville,4/26/2017 12:53:00 PM,2,0,0,36.229720,-86.743890,LEMONT DR,,,,224.00,Feet,South,BROADMOOR DR,,,,0.00,N,Not at Intersection, ,Non-Junction,None,,,         ,Richard,Conger,Clear,Front to Rear,no,no,no,no,no,False
101625951,METROPOLITAN NASHVILLE POLICE DEPT,20170369766,Davidson,Nashville,4/26/2017 11:10:00 AM,2,0,0,36.148810,-86.666280,ELM HILL PKE,,,,0.00,,,DONELSON PKE,,,,0.00,Y,Four-Way, ,Intersection,None,,,         ,Wesley,Young,Clear,Front to Rear,no,no,no,no,no,False
101625963,METROPOLITAN NASHVILLE POLICE DEPT,20170369753,Davidson,Nashville,4/26/2017 11:01:00 AM,2,4,0,36.171430,-86.769040,JAMES ROBERTSON PKWY,,,,0.00,,,INTERSTATE DR,,,,0.00,Y,Four-Way,N,Intersection,None,,,         ,William,Vincion,Clear,Angle,no,no,no,no,no,False
101625964,METROPOLITAN NASHVILLE POLICE DEPT,20170631444,Davidson,Nashville,4/24/2017 7:30:00 AM,2,0,0,36.098890,-86.871890,HEADY DR,,,,0.00,,,HIGHWAY 100,,,,0.00,Y,Four-Way,N,Intersection,None,,,         ,Timothy,Mead,Rain,Angle,no,no,no,no,no,False
101625974,METROPOLITAN NASHVILLE POLICE DEPT,20170369882,Davidson,Nashville,4/26/2017 11:56:00 AM,2,0,0,36.154750,-86.676290,LAKELAND DR,,,,0.00,,,EMERY DR,,,,0.00,Y,Four-Way,N,Intersection,None,,,         ,Wesley,Young,Clear,Angle,no,no,no,no,no,False
101625977,METROPOLITAN NASHVILLE POLICE DEPT,20170370137,Davidson,Nashville,4/26/2017 1:33:00 PM,2,0,0,36.153410,-86.763870,I 40,,,,0.00,,,,,,,210.75,N,Not at Intersection, ,,None,,,         ,Larry,Benz,,,no,no,no,no,no,False
101625980,METROPOLITAN NASHVILLE POLICE DEPT,2017-0369292,Davidson,Nashville,4/26/2017 7:33:00 AM,2,0,0,36.078560,-86.805500,OVERTON LEA RD,,,,55.00,Feet,East,GRANNY WHITE PKE,,,,0.00,N,Not at Intersection, ,Non-Junction,None,,,         ,Sean,Williams,Clear,HeadOn,no,no,no,no,no,False
101625982,METROPOLITAN NASHVILLE POLICE DEPT,20170366932,Davidson,Nashville,4/25/2017 4:50:00 PM,2,0,0,36.075010,-86.662540,UNA ANTIOCH PKE,,,,0.00,,,BILLINGSGATE RD,,,,0.00,Y,T-Intersection, ,Intersection,None,,,         ,William,Waters,Clear,Front to Rear,no,no,no,no,no,False
101625998,METROPOLITAN NASHVILLE POLICE DEPT,20170370185,Davidson,Nashville,4/26/2017 1:19:00 PM,2,0,0,36.182570,-86.735050,EASTLAND AV,,,,170.00,Feet,West,SCOTT AV,,,,0.00,N,Not at Intersection, ,Non-Junction,None,,,         ,Richard,Conger,Clear,Front to Rear,no,no,no,no,yes,False
101626001,METROPOLITAN NASHVILLE POLICE DEPT,20170370109,Davidson,Nashville,4/26/2017 1:21:00 PM,2,1,0,36.151760,-86.768630,2ND AVS,,,,0.00,,,I40 W EXT RAMP,,,,0.00,Y,T-Intersection,N,Intersection,None,,,         ,Seth,Quiles,Clear,Angle,no,no,no,no,no,False
101626008,METROPOLITAN NASHVILLE POLICE DEPT,20170370225,Davidson,Not in City Limit,4/26/2017 2:00:00 PM,2,1,0,36.043770,-86.958860,HIGHWAY 100,,,,0.00,,,COLLINS RD,,,,0.00,Y,Four-Way,N,Intersection,None,,,         ,Curtis,Rich,Clear,Angle,no,no,no,no,no,False
101626009,METROPOLITAN NASHVILLE POLICE DEPT,20170370160,Davidson,Nashville,4/26/2017 1:34:00 PM,2,0,0,36.208410,-86.777770,BRICK CHURCH PKE,,,,168.00,Feet,North,I65 S EXT RAMP,,,,0.00,N,Not at Intersection, ,OtherLocation,None,,,         ,Michael,McCord,Clear,Rear to Rear,no,no,no,yes,no,False
101626058,METROPOLITAN NASHVILLE POLICE DEPT,20170370046,Davidson,Nashville,4/26/2017 1:04:00 PM,3,1,0,36.080260,-86.749770,HARDING PL,,,,600.00,Feet,East,WAUFORD DR,,,,0.00,N,Not at Intersection,N,Non-Junction,None,,,         ,Phillip,Murphy,Clear,Front to Rear,no,no,no,no,no,False
101626059,METROPOLITAN NASHVILLE POLICE DEPT,2017-0369999,Davidson,Nashville,4/26/2017 12:49:00 PM,2,0,0,36.077500,-86.694930,I 24,,,,0.00,,,,,,,56.40,N,Not at Intersection, ,Non-Junction,None,,,         ,William,Whitworth,Clear,Not Collision with Motor Vehicle in Transport,no,no,no,no,no,False
101626061,METROPOLITAN NASHVILLE POLICE DEPT,2017-0370107,Davidson,Antioch,4/26/2017 1:03:00 PM,2,0,0,36.043032,-86.606066,MURFREESBORO PIKE,PIKE,US70 S,,0.00,,,HOBSON PIKE,PIKE,SR171,,0.00,Y,Four-Way, ,,None,,,         ,William,Whitworth,,,no,no,no,no,no,False
101626073,METROPOLITAN NASHVILLE POLICE DEPT,20170370117,Davidson,Nashville,4/26/2017 1:20:00 PM,1,1,0,36.197970,-86.827280,BUENA VISTA PKE,,,,130.00,Feet,South,CURTIS ST,,,,0.00,N,Not at Intersection,N,Non-Junction,None,,,         ,William,Caillouette,Clear,Not Collision with Motor Vehicle in Transport,no,no,no,no,no,False
101626118,METROPOLITAN NASHVILLE POLICE DEPT,20170370221,Davidson,Nashville,4/26/2017 1:55:00 PM,2,1,0,36.193370,-86.833710,JOHN MALLETTE DR,,,,0.00,,,COUNTY HOSPITAL RD,,,,0.00,Y,Four-Way,N,Non-Junction,None,,,         ,Isaac,Wood,Clear,Angle,no,no,no,no,no,False
101626119,METROPOLITAN NASHVILLE POLICE DEPT,20170369172,Davidson,Nashville,4/26/2017 6:50:00 AM,3,0,0,36.190380,-86.626260,LEBANON PKE,,,,650.00,Feet,South,BONNABROOK DR,,,,0.00,N,Not at Intersection, ,Non-Junction,None,,,         ,Tyler,Adcock,Clear,Front to Rear,no,no,no,no,no,False
101626124,METROPOLITAN NASHVILLE POLICE DEPT,20170369755,Davidson,Nashville,4/26/2017 11:04:00 AM,2,0,0,36.148850,-86.804560,WEST END AV,,,,0.00,,,23RD AVN,,,,0.00,Y,Four-Way, ,,None,,,         ,Phillip,Murphy,,,no,no,no,no,no,Campus
101626128,METROPOLITAN NASHVILLE POLICE DEPT,20170367396,Davidson,Nashville,4/25/2017 6:52:00 PM,2,0,0,36.154160,-86.785920,12TH AVS,,,,181.00,Feet,South,DEMONBREUN ST,,,,0.00,N,Not at Intersection, ,Non-Junction,None,,,         ,Brian,Woodard,Clear,Angle,no,no,no,no,no,False
101626138,Nashville Airport Police,2017-01336,Davidson,Nashville,4/26/2017 2:18:00 PM,2,0,0,36.116700,-86.668180,DONELSON PKE,,,,0.00,,,HANGAR LN,,,,0.00,Y,OTHER, ,Intersection,Unknown,,,         ,Daniel,Winter,Clear,Front to Rear,no,no,no,no,no,False