master_record_number,agency,agency_tracking_number,county,city,collision_date,vehicles_involved,number_injured,number_dead,latitude,longitude,roadway_name,roadway_suffix,roadway_number,roadway_local_id,distance_from_reference,miles-feet_indicator,direction_from_reference,intersection_road_name,intersection_road_name_suffix,intersection_road_number,intersection_local_id,mile_marker,intersection_indicator,intersect_type,interchange_related_indicator,relation_to_junction,work_zone_type,construction_maintenance_zone,construction_maintenance_zone_location,fatal_case_number,officer_first_name,officer_last_name,weather_condition(s),manner_of_crash,pedestrian,bicycle,scooter,parking,hitrun,mou
101629259,METROPOLITAN NASHVILLE POLICE DEPT,20170380941,Davidson,Nashville,4/29/2017 12:55:00 PM,2,0,0,36.148420,-86.857900,LENOX AV,,,,0.00,,,WHITE BRIDGE PKE,,,,0.00,Y,Four-Way, ,Intersection,None,,,         ,Brian,Myatt,Clear,Front to Rear,no,no,no,no,no,False
101629308,METROPOLITAN NASHVILLE POLICE DEPT,20170380981,Davidson,Not in City Limit,4/29/2017 1:15:00 PM,2,0,0,36.258360,-86.703900,LEXINGTON GARDENS CONDOMINIUMS,,,,0.00,Feet,East,FOREST PARK RD,,,,0.00,N,Not at Intersection,N,Non-Junction,None,,,         ,DuJuan,Kendrick,Clear,Not Collision with Motor Vehicle in Transport,no,no,no,no,yes,False
101629309,METROPOLITAN NASHVILLE POLICE DEPT,20170381015,Davidson,Goodlettsville,4/29/2017 1:47:00 PM,3,0,0,36.300410,-86.695540,GALLATIN PKEN,,,,248.00,Feet,West,SHEPHERD HILLS DR,,,,0.00,N,Not at Intersection, ,"Driveway, Alley Access, etc",None,,,         ,Brandon,Wood,Clear,Front to Rear,no,no,no,no,no,False
101629354,METROPOLITAN NASHVILLE POLICE DEPT,20170380945,Davidson,Nashville,4/29/2017 12:55:00 PM,2,1,0,36.048610,-86.713650,NOLENSVILLE PKE,,,,68.00,Feet,South,HICKORYVIEW DR,,,,0.00,N,Not at Intersection,N,Non-Junction,None,,,         ,Jason,Dudley,Clear,Angle,no,no,no,no,no,False
101629422,METROPOLITAN NASHVILLE POLICE DEPT,20170381069,Davidson,Nashville,4/29/2017 2:20:00 PM,2,0,0,36.144100,-86.799850,21ST AVS,,,,0.00,,,EDGEHILL AV,,,,0.00,Y,Y-Intersection,N,Intersection,None,,,         ,Ryan,Cagle,Clear,Front to Rear,no,no,no,no,no,Campus
101629424,METROPOLITAN NASHVILLE POLICE DEPT,20170381037,Davidson,Nashville,4/29/2017 1:50:00 PM,2,0,0,36.102710,-86.741020,NOLENSVILLE PKE,,,,29.00,Feet,North,THUSS AV,,,,0.00,N,Not at Intersection,N,Non-Junction,None,,,         ,James,Thomas,Clear,Front to Rear,no,no,no,no,no,False
101629425,METROPOLITAN NASHVILLE POLICE DEPT,20170380965,Davidson,Nashville,4/29/2017 1:10:00 PM,1,1,0,36.170960,-86.870340,BRILEY PKWY S ENT RAMP,,,,0.00,Feet,East,TDOT PVTDR,,,,0.00,N,Not at Intersection,N,Non-Junction,None,,,         ,Paul,Junkmann,Cloudy,Not Collision with Motor Vehicle in Transport,no,no,no,no,no,False
101629427,METROPOLITAN NASHVILLE POLICE DEPT,20170381107,Davidson,Nashville,4/29/2017 12:00:00 AM,1,0,0,36.138660,-86.772110,HAGAN ST,,,,78.00,Feet,South,HAMILTON AV,,,,0.00,N,Not at Intersection,N,Non-Junction,None,,,         ,Ralph,Smith IV,Unknown,Not Collision with Motor Vehicle in Transport,no,no,no,yes,yes,False
101629462,GOODLETTSVILLE POLICE DEPT,17-15205,Davidson,Goodlettsville,4/29/2017 1:38:00 PM,3,0,0,36.299313,-86.700256,RIVERGATE PARKWAY,,,,200.00,Feet,East,GLANCY ST,,,,0.00,N,Not at Intersection, ,Non-Junction,None,,,         ,Tanner,Simon,Clear,Front to Rear,no,no,no,no,no,False
101629473,METROPOLITAN NASHVILLE POLICE DEPT,20170381145,Davidson,Nashville,4/29/2017 12:00:00 AM,2,0,0,36.198110,-86.776340,I 65,,,,0.00,,,,,,,86.75,N,Not at Intersection, ,Non-Junction,None,,,         ,Melvin,Taylor,Clear,Front to Rear,no,no,no,no,no,False
101629474,GOODLETTSVILLE POLICE DEPT,17-15208,Davidson,Goodlettsville,4/29/2017 2:50:00 PM,1,2,0,36.309390,-86.689100,VIETNAM VETERANS BLVDN,,,,1794.00,Feet,East,CONFERENCE DR,,,,0.00,N,Not at Intersection,Y,Non-Junction,None,,,         ,Brian,Hajdu,Cloudy,Not Collision with Motor Vehicle in Transport,no,no,no,no,no,False
101629475,METROPOLITAN NASHVILLE POLICE DEPT,20170381066,Davidson,Nashville,4/29/2017 2:20:00 PM,2,0,0,36.182190,-86.774810,I 24,,,,0.00,,,,,,,47.45,N,Not at Intersection, ,Non-Junction,None,,,         ,Charles,Wakefield,Clear,"Sideswipe, Same Direction",no,no,no,no,no,False
101629479,METROPOLITAN NASHVILLE POLICE DEPT,20170381072,Davidson,Nashville,4/29/2017 1:42:00 PM,2,0,0,36.148720,-86.625650,BELL RD,,,,508.00,Feet,North,TRAILS CIR,,,,0.00,N,Not at Intersection, ,,None,,,         ,Marcus,Mitchell,,,no,no,no,no,no,False
101629496,METROPOLITAN NASHVILLE POLICE DEPT,20170381254,Davidson,Antioch,4/29/2017 4:00:00 PM,2,0,0,36.059400,-86.599650,HAMILTON CHURCH RD,,,,641.00,Feet,West,HOBSON PKE,,,,0.00,N,Not at Intersection, ,,None,,,         ,Candice,Soper,,,no,no,no,no,no,False
101629518,METROPOLITAN NASHVILLE POLICE DEPT,20170381272,Davidson,Nashville,4/29/2017 3:44:00 PM,2,0,0,36.045860,-86.674290,BLUE HOLE RD,,,,46.00,Feet,North,BELL RD,,,,0.00,N,Not at Intersection,N,Non-Junction,None,,,         ,Aimee,Ortiz,Clear,Front to Rear,no,no,no,no,yes,False
101629529,METROPOLITAN NASHVILLE POLICE DEPT,20170381165,Davidson,Nashville,4/29/2017 3:30:00 PM,2,1,0,36.238040,-86.830800,STEVENS LN,,,,0.00,,,CLARKSVILLE PKE,,,,0.00,Y,Four-Way,N,Intersection-Related,None,,,         ,Thomas,Burns,Clear,Angle,no,no,no,no,no,False
101629539,METROPOLITAN NASHVILLE POLICE DEPT,20170381291,Davidson,Nashville,4/29/2017 4:30:00 PM,2,1,0,36.115280,-86.824410,WOODMONT BLVD,,,,161.00,Feet,East,WIMBLEDON RD,,,,0.00,N,Not at Intersection,N,Non-Junction,None,,,         ,Ethan,Usherwood,,Front to Rear,no,no,no,no,no,False
101629540,METROPOLITAN NASHVILLE POLICE DEPT,20170381295,Davidson,Nashville,4/29/2017 4:18:00 PM,2,1,0,36.054920,-86.642450,BELL RD,,,,0.00,,,THE OVERLOOK PVTDR,,,,0.00,Y,Four-Way,N,Intersection-Related,None,,,         ,Marcus,Darden,Clear,Front to Rear,no,no,no,no,yes,False
101629541,METROPOLITAN NASHVILLE POLICE DEPT,20170381352,Davidson,Nashville,4/29/2017 4:50:00 PM,2,0,0,36.176880,-86.793860,ROSA L PARKS BLVD,,,,4.00,Feet,North,TAYLOR ST,,,,0.00,N,Not at Intersection, ,Non-Junction,None,,,         ,Landon,Bagwell,Clear,Front to Rear,no,no,no,no,no,False
101629562,METROPOLITAN NASHVILLE POLICE DEPT,20170381241,Davidson,Nashville,4/29/2017 4:00:00 PM,2,2,0,36.207020,-86.791600,BAPTIST WORLD CENTER DR,,,,0.00,,,W TRINITY LN,,,,0.00,Y,Four-Way,N,Intersection,None,,,         ,Brandon,Rardin,Clear,HeadOn,no,no,no,no,no,False
101629564,METROPOLITAN NASHVILLE POLICE DEPT,20170381213,Davidson,Not in City Limit,4/29/2017 2:26:00 PM,2,0,0,36.258500,-86.713960,MADISON ST,,,,135.00,Feet,West,GALLATIN PKES,,,,0.00,N,Not at Intersection,N,Non-Junction,None,,,         ,George,Oden,Clear,Rear to Side,no,no,no,yes,no,False
101629567,METROPOLITAN NASHVILLE POLICE DEPT,20170381386,Davidson,Nashville,4/29/2017 5:16:00 PM,2,1,0,36.173270,-86.791400,JEFFERSON ST,,,,0.00,,,ROSA L PARKS BLVD,,,,0.00,Y,Four-Way,N,Intersection,None,,,         ,Kendra,Cowper,Clear,HeadOn,no,no,no,no,yes,False
101629582,METROPOLITAN NASHVILLE POLICE DEPT,20170381432,Davidson,Nashville,4/29/2017 5:21:00 PM,2,0,0,36.137530,-86.820960,WEST END AV,,,,40.00,Feet,South,I440 W EXT RAMP,,,,0.00,N,Not at Intersection, ,Non-Junction,None,,,         ,Barrett,Teague,Clear,"Sideswipe, Same Direction",no,no,no,no,no,False
101629593,METROPOLITAN NASHVILLE POLICE DEPT,20170381289,Davidson,Nashville,4/29/2017 4:28:00 PM,2,0,0,36.195070,-86.775570,I 65,,,,0.00,,,,,,,86.50,N,Not at Intersection, ,Non-Junction,None,,,         ,Christopher,Valdez,Clear,"Sideswipe, Same Direction",no,no,no,no,yes,False
101629594,METROPOLITAN NASHVILLE POLICE DEPT,20170381346,Davidson,Nashville,4/29/2017 4:49:00 PM,3,0,0,36.204650,-86.749930,E TRINITY LN,,,,74.00,Feet,West,ELLINGTON PKWY N ENT RAMP,,,,0.00,N,Not at Intersection, ,Non-Junction,None,,,         ,Christopher,Valdez,Clear,Front to Rear,no,no,no,no,no,False
101629599,METROPOLITAN NASHVILLE POLICE DEPT,20170381451,Davidson,Nashville,4/29/2017 5:50:00 PM,2,1,0,36.167790,-86.820750,JEFFERSON ST,,,,0.00,Feet,East,28TH AVN,,,,0.00,N,Not at Intersection,N,Non-Junction,None,,,         ,Landon,Bagwell,Cloudy,Angle,no,no,no,no,no,False
101629600,METROPOLITAN NASHVILLE POLICE DEPT,20170381483,Davidson,Nashville,4/29/2017 6:04:00 PM,1,1,0,36.060220,-86.874010,CHICKERING RD,,,,0.69,Miles,North,OLD HICKORY BLVD,,,,0.00,N,Not at Intersection,N,Non-Junction,None,,,         ,Ethan,Usherwood,Clear,Not Collision with Motor Vehicle in Transport,no,no,no,no,no,False
101629603,VANDERBILT UNIVERSITY POLICE,17-0381460,Davidson,Nashville,4/29/2017 12:00:00 AM,2,0,0,36.110830,-86.763460,THOMPSON LN,,,,0.00,,,,,,,0.00,,, ,Non-Junction,None,,,         ,Cheryl,Bradley,Clear,Unknown,no,no,no,yes,yes,False
101629630,METROPOLITAN NASHVILLE POLICE DEPT,20170381452,Davidson,Nashville,4/29/2017 5:50:00 PM,2,0,0,36.176620,-86.770840,SPRING ST,,,,49.00,Feet,East,DICKERSON PKE,,,,0.00,N,Not at Intersection, ,Non-Junction,None,,,         ,Marcus,Darden,Clear,Other,no,no,no,no,no,False
101629658,METROPOLITAN NASHVILLE POLICE DEPT,20170381440,Davidson,Nashville,4/29/2017 12:00:00 AM,1,1,0,36.180630,-86.842520,HOLLAND LN,,,,380.00,Feet,North,CROWE DR,,,,0.00,N,Not at Intersection,N,Non-Junction,None,,,         ,Melvin,Taylor,Clear,Not Collision with Motor Vehicle in Transport,no,no,no,no,no,False
101629663,VANDERBILT UNIVERSITY POLICE,17-0381579,Davidson,Nashville,4/29/2017 6:48:00 PM,2,0,0,36.107730,-86.764130,POWELL AVE,,,,0.00,,,,,,,0.00,,, ,Non-Junction,None,,,         ,Nancy,Douglas,Clear,Other,no,no,no,yes,yes,OHO
101629670,METROPOLITAN NASHVILLE POLICE DEPT,20170381555,Davidson,Nashville,4/29/2017 6:16:00 PM,2,0,0,36.086040,-86.698680,I24 W EXT RAMP,,,,0.00,Feet,East,I 24,,,,0.00,N,Not at Intersection, ,,None,,,         ,Richard,Olive,,,no,no,no,no,no,False
101629695,METROPOLITAN NASHVILLE POLICE DEPT,20170381551,Davidson,Nashville,4/29/2017 5:30:00 PM,2,0,0,36.105280,-86.763480,ARMORY OAKS DR,,,,17.00,Feet,East,POWELL AV,,,,0.00,N,Not at Intersection,N,Non-Junction,None,,,         ,Akira,McSwain,Clear,Angle,no,no,no,no,no,False
101629709,METROPOLITAN NASHVILLE POLICE DEPT,20170381549,Davidson,Not in City Limit,4/29/2017 6:30:00 PM,2,1,0,36.263070,-86.711920,STATE RT 45,,,,0.00,,,GALLATIN PKEN,,,,0.00,Y,Four-Way,N,Intersection,None,,,         ,Cecilia,Gomez,Clear,Front to Rear,no,no,no,no,no,False
101629712,METROPOLITAN NASHVILLE POLICE DEPT,20170381746,Davidson,Nashville,4/29/2017 8:17:00 PM,2,0,0,36.159190,-86.876260,JAMES AV,,,,100.00,Feet,North,JAMES CT,,,,0.00,N,Not at Intersection,N,Non-Junction,None,,,         ,Justin,Coyle,Clear,Front to Rear,no,no,no,no,no,False
101629717,METROPOLITAN NASHVILLE POLICE DEPT,20170381651,Davidson,Not in City Limit,4/29/2017 7:34:00 PM,3,0,0,36.077530,-87.005020,I 40,,,,0.00,,,,,,,193.40,N,Not at Intersection,N,Non-Junction,None,,,         ,Adam,Reese,Clear,Front to Rear,no,no,no,no,no,False
101629720,METROPOLITAN NASHVILLE POLICE DEPT,20170381714,Davidson,Nashville,4/29/2017 6:45:00 PM,2,0,0,36.135480,-86.801020,21ST AVS,,,,51.00,Feet,South,ACKLEN AV,,,,0.00,N,Not at Intersection, ,Non-Junction,None,,,         ,Nicholas,Carroll,Clear,"Sideswipe, Same Direction",no,no,no,no,no,Campus
101629722,METROPOLITAN NASHVILLE POLICE DEPT,20170381668,Davidson,Nashville,4/29/2017 7:29:00 PM,2,0,0,36.161890,-86.775170,2ND AVS,,,,0.00,,,BROADWAY,,,,0.00,Y,Four-Way, ,Non-Junction,None,,,         ,Michael,Osuna,Cloudy,Front to Rear,no,no,no,no,no,False
101629726,METROPOLITAN NASHVILLE POLICE DEPT,20170381806,Davidson,Nashville,4/29/2017 8:45:00 PM,2,0,0,36.154420,-86.792530,BROADWAY,,,,120.00,Feet,East,WEST END AV,,,,0.00,N,Not at Intersection, ,,None,,,         ,Ryan,Cagle,,,no,no,no,no,no,False
101629733,METROPOLITAN NASHVILLE POLICE DEPT,20170381811,Davidson,Nashville,4/29/2017 12:00:00 AM,2,0,0,36.162110,-86.790610,CHARLOTTE AV,,,,0.00,,,11TH AVN,,,,0.00,Y,Four-Way, ,Intersection-Related,None,,,         ,Kendra,Cowper,Clear,Front to Rear,no,no,no,no,no,False
101629735,METROPOLITAN NASHVILLE POLICE DEPT,20170381151,Davidson,Goodlettsville,4/29/2017 3:17:00 PM,2,0,0,36.285950,-86.705790,GALLATIN PKEN,,,,0.00,,,SHAKESPEARE AV,,,,0.00,Y,Four-Way,Y,Intersection,None,,,         ,Harold,Willmore IV,Clear,Angle,no,no,no,no,no,False
101629752,METROPOLITAN NASHVILLE POLICE DEPT,20170381778,Davidson,Nashville,4/29/2017 8:38:00 PM,2,3,0,36.205890,-86.768610,E TRINITY LN,,,,0.00,Feet,,DICKERSON PKE,,,,0.00,Y,Four-Way,Y,Intersection,None,,,         ,Amanda,Fox,Clear,HeadOn,no,no,no,no,yes,False
101629758,METROPOLITAN NASHVILLE POLICE DEPT,20170381372,Davidson,Not in City Limit,4/29/2017 5:07:00 PM,1,1,0,36.280890,-86.836100,WHITES CREEK PKE,,,,1945.00,Feet,South,TRANHAM RD,,,,0.00,N,Not at Intersection,N,Non-Junction,None,,,         ,Brandon,Rardin,Clear,Not Collision with Motor Vehicle in Transport,no,no,no,no,no,False
101629764,METROPOLITAN NASHVILLE POLICE DEPT,20170381823,Davidson,Nashville,4/29/2017 9:00:00 PM,2,2,0,36.149890,-86.658640,ALLEN RD,,,,0.00,,,COLFAX DR,,,,0.00,Y,Four-Way,Y,Intersection,None,,,         ,John,Kelley,Clear,Front to Rear,no,no,no,no,yes,False
101629789,METROPOLITAN NASHVILLE POLICE DEPT,20170381266,Davidson,Nashville,4/29/2017 4:15:00 PM,2,0,0,36.045370,-86.713260,NOLENSVILLE PKE,,,,0.00,,,OLD HICKORY BLVD,,,,0.00,Y,Four-Way,N,Non-Junction,None,,,         ,Darryl,Williams,Clear,Front to Rear,no,no,no,no,no,False
101629799,METROPOLITAN NASHVILLE POLICE DEPT,20170381838,Davidson,Nashville,4/29/2017 8:00:00 PM,1,0,0,36.149040,-86.651440,MCCRORY CREEK RD,,,,382.00,Feet,West,IRONWOOD DR,,,,0.00,N,Not at Intersection, ,Non-Junction,None,,,         ,Brent,Hedgcoth,Clear,Not Collision with Motor Vehicle in Transport,no,no,no,no,no,False
101629800,METROPOLITAN NASHVILLE POLICE DEPT,20170381894,Davidson,Nashville,4/29/2017 6:10:00 PM,2,0,0,36.049150,-86.665830,I 24,,,,0.00,,,,,,,59.00,N,Not at Intersection,N,Non-Junction,None,,,         ,Marcus,Darden,Clear,"Sideswipe, Same Direction",no,no,no,no,yes,False
101629807,METROPOLITAN NASHVILLE POLICE DEPT,20170381939,Davidson,Nashville,4/29/2017 9:52:00 PM,1,0,0,36.076220,-86.706280,WILLOW LN,,,,125.00,Feet,West,BRIARCLIFF CT,,,,0.00,N,Not at Intersection,N,"Driveway, Alley Access, etc",None,,,         ,Nakia,Reid,Clear,Not Collision with Motor Vehicle in Transport,no,no,no,yes,no,False
101629817,METROPOLITAN NASHVILLE POLICE DEPT,20170381756,Davidson,Not in City Limit,4/29/2017 8:10:00 PM,2,1,0,36.263960,-86.690990,STATE RT 45,,,,151.00,Feet,East,MCARTHUR DR,,,,0.00,N,Not at Intersection,N,Non-Junction,None,,,         ,Harold,Willmore IV,Clear,Front to Rear,no,no,no,no,no,False
101629822,METROPOLITAN NASHVILLE POLICE DEPT,20170382012,Davidson,Not in City Limit,4/29/2017 10:41:00 PM,2,0,0,36.021870,-86.646000,BLAIRFIELD DR,,,,700.00,Feet,West,CANE RIDGE RD,,,,0.00,N,Not at Intersection, ,Non-Junction,None,,,         ,William,Coy,Clear,Other,no,no,no,no,no,False
101629825,METROPOLITAN NASHVILLE POLICE DEPT,20170382017,Davidson,Nashville,4/29/2017 12:00:00 AM,2,0,0,36.154600,-86.786200,12TH AVS,,,,0.00,,,DEMONBREUN ST,,,,0.00,Y,Four-Way, ,,None,,,         ,Kevin,Ott,,,no,no,no,no,no,False
101629865,METROPOLITAN NASHVILLE POLICE DEPT,20170381559,Davidson,Nashville,4/29/2017 6:44:00 PM,2,0,0,36.082100,-86.761700,HARDING PL,,,,0.00,Feet,,SIDCO DR,,,,0.00,Y,Four-Way,N,Intersection,None,,,         ,Eric,Thomas,Clear,Angle,no,no,no,no,no,False
101629878,METROPOLITAN NASHVILLE POLICE DEPT,20170382211,Davidson,Nashville,4/29/2017 11:00:00 PM,2,1,0,36.218150,-86.803480,WHITES CREEK PKE,,,,0.00,Feet,,MOORMANS ARM RD,,,,0.00,Y,Four-Way,Y,Intersection,None,,,         ,Bryant,Presley,Clear,Angle,no,no,no,no,no,False
101629893,METROPOLITAN NASHVILLE POLICE DEPT,20170382178,Davidson,Nashville,4/30/2017 12:02:00 AM,2,1,0,36.064790,-86.628480,MURFREESBORO PKE,,,,0.00,,,HAMILTON CHURCH RD,,,,0.00,Y,Four-Way,N,Intersection,None,,,         ,William,Coy,Clear,Angle,no,no,no,no,no,False
101629895,METROPOLITAN NASHVILLE POLICE DEPT,20170382289,Davidson,Nashville,4/30/2017 12:49:00 AM,2,2,0,36.152240,-86.625070,BELL RD,,,,0.00,,,STEWARTS FERRY PKE,,,,0.00,Y,Four-Way,N,Intersection,None,,,         ,Bridget,Griepentrog,Clear,Front to Rear,no,no,no,no,no,False
101629896,METROPOLITAN NASHVILLE POLICE DEPT,20170382426,Davidson,Nashville,4/30/2017 1:21:00 AM,2,0,0,36.151370,-86.799330,20TH AVS,,,,0.00,,,WEST END AV,,,,0.00,Y,Four-Way, ,Intersection,None,,,         ,Eric,Westbrook,Clear,Angle,no,no,no,no,no,Campus
101629912,METROPOLITAN NASHVILLE POLICE DEPT,20170382543,Davidson,Nashville,4/30/2017 3:01:00 AM,2,0,0,36.152750,-86.633870,I 40,,,,0.00,,,,,,,218.65,N,Not at Intersection,N,Non-Junction,None,,,         ,Bridget,Griepentrog,Clear,"Sideswipe, Same Direction",no,no,no,no,yes,False
101629915,METROPOLITAN NASHVILLE POLICE DEPT,20170382050,Davidson,Nashville,4/29/2017 10:25:00 PM,2,0,0,36.176680,-86.771610,SPRING ST,,,,0.00,,,I24 W ENT RAMP,,,,0.00,Y,T-Intersection,N,Intersection,None,,,         ,Audrean,Manquero,Clear,Angle,no,no,no,no,no,False
101629934,METROPOLITAN NASHVILLE POLICE DEPT,20170382525,Davidson,Nashville,4/30/2017 2:54:00 AM,2,2,0,36.042250,-86.635920,MT VIEW RD,,,,1115.00,Feet,West,OLD FRANKLIN RD,,,,0.00,N,Not at Intersection,N,Non-Junction,None,,,         ,Kevin,Breeding,Clear,"Sideswipe, Opposite Direction",no,no,no,no,yes,False
101629935,METROPOLITAN NASHVILLE POLICE DEPT,20170382620,Davidson,Nashville,4/30/2017 3:45:00 AM,2,0,0,36.164860,-86.767910,S 2ND ST,,,,0.00,,,SHELBY AV,,,,0.00,Y,Four-Way, ,,None,,,         ,Brian,Zullo,,,no,no,no,no,no,False
101629945,METROPOLITAN NASHVILLE POLICE DEPT,20170382651,Davidson,Nashville,4/30/2017 12:00:00 AM,2,1,0,36.123800,-86.727680,I 24,,,,0.00,,,,,,,52.65,N,Not at Intersection,N,Non-Junction,None,,,         ,Brian,Mclarty,Clear,"Sideswipe, Same Direction",no,no,no,no,yes,False
101629946,METROPOLITAN NASHVILLE POLICE DEPT,20170382472,Davidson,Nashville,4/30/2017 2:20:00 AM,2,0,0,36.045220,-86.659090,BELL RD,,,,449.00,Feet,West,COLLINS PARK DR,,,,0.00,N,Not at Intersection,N,Non-Junction,None,,,         ,Daniel,Garrett,Clear,Front to Rear,no,no,no,no,yes,False
101629947,METROPOLITAN NASHVILLE POLICE DEPT,20170382069,Davidson,Nashville,4/29/2017 11:08:00 PM,2,0,0,36.150050,-86.779190,8TH AVS,,,,130.00,Feet,North,DIVISION ST,,,,0.00,N,Not at Intersection, ,Non-Junction,None,,,         ,Hunter,Fikes,Clear,Angle,no,no,no,no,yes,False
101629948,METROPOLITAN NASHVILLE POLICE DEPT,20170382576,Davidson,Nashville,4/30/2017 3:28:00 AM,2,1,0,36.151330,-86.768370,I40 E EXT RAMP,,,,0.00,,,2ND AVS,,,,0.00,Y,OTHER,N,Entrance/Exit Ramp Related,None,,,         ,Joseph,Zambardi,Clear,Angle,no,no,no,no,no,False
101629949,METROPOLITAN NASHVILLE POLICE DEPT,20170382584,Davidson,Nashville,4/30/2017 3:25:00 AM,2,1,0,36.161600,-86.783900,ROSA L PARKS AV,,,,4.00,Feet,North,CHURCH ST,,,,0.00,N,Not at Intersection,N,Non-Junction,None,,,         ,Gregory,Scott,Clear,Angle,no,no,no,no,no,False
101629961,METROPOLITAN NASHVILLE POLICE DEPT,20170382724,Davidson,Nashville,4/30/2017 2:31:00 AM,2,0,0,36.141980,-86.677790,I 40,,,,0.00,,,,,,,216.00,N,Not at Intersection,Y,Entrance/Exit Ramp Related,None,,,         ,Bridget,Griepentrog,Clear,Front to Rear,no,no,no,no,yes,False
101629963,METROPOLITAN NASHVILLE POLICE DEPT,20170382667,Davidson,Not in City Limit,4/30/2017 4:40:00 AM,1,1,0,36.256830,-86.676970,CHEYENNE BLVD,,,,319.00,Feet,South,NEELY MEADOWS PVTDR,,,,0.00,N,Not at Intersection,N,Non-Junction,None,,,         ,Patrick,Lancaster,Clear,Not Collision with Motor Vehicle in Transport,no,no,no,no,no,False
101629970,METROPOLITAN NASHVILLE POLICE DEPT,20170382625,Davidson,Nashville,4/30/2017 2:51:00 AM,3,0,0,36.190000,-86.742150,GREENWOOD AV,,,,0.00,,,N 14TH ST,,,,0.00,Y,T-Intersection,N,Intersection-Related,None,,,         ,Christopher,Dameron,Clear,Not Collision with Motor Vehicle in Transport,no,no,no,no,yes,False
101629999,METROPOLITAN NASHVILLE POLICE DEPT,20170382771,Davidson,Nashville,4/30/2017 5:20:00 AM,2,0,0,36.079510,-86.726290,NOLENSVILLE PKE,,,,36.00,Feet,South,HARDING PL,,,,0.00,N,Not at Intersection,N,Non-Junction,None,,,         ,Cody,Jaworski,Clear,Angle,no,no,no,no,yes,False
101630002,METROPOLITAN NASHVILLE POLICE DEPT,20170382791,Davidson,Nashville,4/30/2017 6:43:00 AM,1,0,0,36.153750,-86.763830,I 40,,,,0.00,,,,,,,210.75,N,Not at Intersection,N,Non-Junction,None,,,         ,Seth,Quiles,Cloudy,Not Collision with Motor Vehicle in Transport,no,no,no,no,yes,False
101630023,METROPOLITAN NASHVILLE POLICE DEPT,20170382813,Davidson,Antioch,4/30/2017 4:38:00 AM,3,1,0,36.066137,-86.616732,CALUMET,DR,,,318.00,Feet,East,CALUMET,CT,,,0.00,N,Not at Intersection,N,Non-Junction,None,,,         ,Robert,Erickson,Clear,"Sideswipe, Same Direction",no,no,no,no,no,False
101630038,METROPOLITAN NASHVILLE POLICE DEPT,2017-0382770,Davidson,Nashville,4/30/2017 12:00:00 AM,1,0,0,36.041130,-86.746420,OLD HICKORY BLVD,,,,509.00,Feet,East,BRENTWOOD MEADOWS CIR,,,,0.00,N,Not at Intersection,N,OtherLocation,None,,,         ,Jonathan,Seidl,Cloudy,Not Collision with Motor Vehicle in Transport,no,no,no,no,yes,False
101630049,METROPOLITAN NASHVILLE POLICE DEPT,2017-0382827,Davidson,Nashville,4/30/2017 6:49:00 AM,1,0,0,36.066520,-86.639750,RICE HILL CT,,,,15.00,Feet,South,RICE HILL CIR,,,,0.00,N,Not at Intersection,N,Non-Junction,None,,,         ,Stanley,Collins,Cloudy,Not Collision with Motor Vehicle in Transport,no,no,no,yes,no,False
101630076,METROPOLITAN NASHVILLE POLICE DEPT,20170382994,Davidson,Antioch,4/30/2017 9:04:00 AM,2,0,0,36.009300,-86.615050,I 24,,,,0.00,,,,,,,63.00,N,Not at Intersection,N,Non-Junction,None,,,         ,Robert,Erickson,Cloudy,"Sideswipe, Same Direction",no,no,no,no,no,False
101630097,METROPOLITAN NASHVILLE POLICE DEPT,20170383055,Davidson,Not in City Limit,4/30/2017 9:40:00 AM,1,1,0,36.000240,-86.635890,CANE RIDGE RD,,,,0.00,,,OLD HICKORY BLVD,,,,0.00,Y,Four-Way,N,Non-Junction,None,,,         ,Caleb,Jernigan,Clear,Not Collision with Motor Vehicle in Transport,no,no,no,no,no,False
101630104,METROPOLITAN NASHVILLE POLICE DEPT,20170382990,Davidson,Antioch,4/30/2017 12:00:00 AM,1,0,0,36.011290,-86.701300,LENOX CREEKSIDE DR,,,,416.00,Feet,East,NOLENSVILLE PKE,,,,0.00,N,Not at Intersection,N,Non-Junction,None,,,         ,Nathaniel,Myers,Cloudy,Not Collision with Motor Vehicle in Transport,no,no,no,no,no,False
101630111,METROPOLITAN NASHVILLE POLICE DEPT,20170383150,Davidson,Nashville,4/30/2017 10:29:00 AM,2,0,0,36.126790,-86.710760,THOMPSON PL,,,,102.00,Feet,East,MURFREESBORO PKE,,,,0.00,N,Not at Intersection,Y,Non-Junction,None,,,         ,Thomas,Miller,Clear,Front to Rear,no,no,no,no,yes,False
101630133,METROPOLITAN NASHVILLE POLICE DEPT,20170383124,Davidson,Nashville,4/30/2017 10:14:00 AM,2,0,0,36.241960,-86.757080,DICKERSON PKE,,,,0.00,,,DICKERSON PKE ENT RAMP,,,,0.00,Y,T-Intersection,Y,Intersection,None,,,         ,Spencer,Pittman,Cloudy,Angle,no,no,no,no,no,False
101630136,METROPOLITAN NASHVILLE POLICE DEPT,20170382916,Davidson,Nashville,4/30/2017 12:00:00 AM,1,0,0,36.084030,-86.647370,MURFREESBORO PKE,,,,144.00,Feet,North,BROOKSBORO PL,,,,0.00,N,Not at Intersection,N,Unknown,Unknown,,,         ,Roderic,Williams,Unknown,Unknown,no,no,no,no,yes,False