master_record_number,agency,agency_tracking_number,county,city,collision_date,vehicles_involved,number_injured,number_dead,latitude,longitude,roadway_name,roadway_suffix,roadway_number,roadway_local_id,distance_from_reference,miles-feet_indicator,direction_from_reference,intersection_road_name,intersection_road_name_suffix,intersection_road_number,intersection_local_id,mile_marker,intersection_indicator,intersect_type,interchange_related_indicator,relation_to_junction,work_zone_type,construction_maintenance_zone,construction_maintenance_zone_location,fatal_case_number,officer_first_name,officer_last_name,weather_condition(s),manner_of_crash,pedestrian,bicycle,scooter,parking,hitrun,mou
101631012,METROPOLITAN NASHVILLE POLICE DEPT,20170385496,Davidson,Nashville,5/1/2017 9:11:00 AM,3,1,0,36.040340,-86.650090,I 24,,,,0.00,,,,,,,60.00,N,Not at Intersection,N,Non-Junction,None,,,         ,Jason,Dudley,Clear,Angle,no,no,no,no,no,False
101631024,METROPOLITAN NASHVILLE POLICE DEPT,20170385410,Davidson,Nashville,5/1/2017 8:25:00 AM,2,0,0,36.154630,-86.779160,8TH AVS,,,,0.00,,,LAFAYETTE ST,,,,0.00,Y,Roundabout,N,Intersection,None,,,         ,Charles,Coe,Clear,Angle,no,no,no,no,no,False
101631028,METROPOLITAN NASHVILLE POLICE DEPT,20170385666,Davidson,Nashville,4/30/2017 10:08:00 PM,2,0,0,36.126180,-86.796860,BEECHWOOD AV,,,,406.00,Feet,East,HAWTHORNE PL,,,,0.00,N,Not at Intersection,N,Non-Junction,None,,,         ,Phillip,Murphy,Clear,"Sideswipe, Same Direction",no,no,no,no,yes,False
101631032,METROPOLITAN NASHVILLE POLICE DEPT,20170385697,Davidson,Nashville,5/1/2017 10:00:00 AM,2,0,0,36.115790,-86.810610,HAMPTON PL,,,,0.00,,,HILLSBORO PKE,,,,0.00,Y,T-Intersection,N,Intersection,None,,,         ,Justin,Pinkelton,Clear,Front to Rear,no,no,no,no,no,False
101631057,METROPOLITAN NASHVILLE POLICE DEPT,20170385119,Davidson,Nashville,5/1/2017 6:21:00 AM,2,1,0,36.202010,-86.776850,I 65,,,,0.00,,,,,,,87.00,N,Not at Intersection,N,Non-Junction,None,,,         ,Michael,McCord,Clear,Front to Rear,no,no,no,no,no,False
101631068,VANDERBILT UNIVERSITY POLICE,17-0385593,Davidson,Nashville,5/1/2017 9:14:00 AM,2,0,0,36.111690,-86.766200,STATE HWY 155,,,,0.00,,,100 OAKS SHOPPING CTR,,,,0.00,,, ,Non-Junction,None,,,         ,Robert,Pasinger,Clear,Angle,no,no,no,yes,no,OHO
101631070,METROPOLITAN NASHVILLE POLICE DEPT,20170385903,Davidson,Nashville,5/1/2017 11:00:00 AM,2,0,0,36.136720,-86.855050,NASHVILLE TECH PVTDR,,,,308.00,Feet,East,KNOB RD CNCTR,,,,0.00,N,Not at Intersection, ,Non-Junction,None,,,         ,Curtis,Rich,Cloudy,Rear to Side,no,no,no,yes,yes,False
101631075,METROPOLITAN NASHVILLE POLICE DEPT,20170385734,Davidson,Nashville,5/1/2017 12:00:00 AM,2,0,0,36.162520,-86.633230,GROVE CREEK AV,,,,0.00,,,,,,,0.00,,,N,Non-Junction,None,,,         ,Michael,Dance,Clear,"Sideswipe, Same Direction",no,no,no,yes,no,False
101631082,METROPOLITAN NASHVILLE POLICE DEPT,2017-0385536,Davidson,Nashville,5/1/2017 9:00:00 AM,3,0,0,36.061690,-86.681350,I 24,,,,0.00,,,,,,,57.70,N,Not at Intersection, ,Non-Junction,None,,,         ,William,Whitworth,Clear,Front to Rear,no,no,no,no,no,False
101631083,METROPOLITAN NASHVILLE POLICE DEPT,2017-0385751,Davidson,Antioch,5/1/2017 10:16:00 AM,2,1,0,0.000000,0.000000,HOBSON,PIKE,SR171,,0.00,,,HAMILTON CHURCH,RD,,,0.00,Y,Four-Way,N,Intersection,None,,,         ,William,Whitworth,Clear,Angle,no,no,no,no,no,False
101631095,METROPOLITAN NASHVILLE POLICE DEPT,2017-0385900,Davidson,Nashville,5/1/2017 11:18:00 AM,2,0,0,36.186790,-86.861420,BRILEY PKWY N EXT RAMP,,,,0.00,Feet,East,BRILEY PKWYN,,,,0.00,N,Not at Intersection,N,Entrance/Exit Ramp Related,None,,,         ,Carlos,angulo,Clear,Front to Rear,no,no,no,no,yes,False
101631101,METROPOLITAN NASHVILLE POLICE DEPT,20170386006,Davidson,Nashville,5/1/2017 11:50:00 AM,2,0,0,36.082420,-86.762880,HARDING PL,,,,3.00,Feet,East,I65 N ENT RAMP,,,,0.00,N,Not at Intersection, ,Non-Junction,None,,,         ,Ian,Hammond,Cloudy,Angle,no,no,no,no,no,False
101631103,METROPOLITAN NASHVILLE POLICE DEPT,20170386004,Davidson,Nashville,5/1/2017 11:58:00 AM,2,0,0,36.194060,-86.830850,BUENA VISTA PKE,,,,180.00,Feet,North,CLARKSVILLE PKE,,,,0.00,N,Not at Intersection,N,Non-Junction,None,,,         ,Brandon,Evans,Cloudy,Rear to Rear,no,no,no,yes,yes,False
101631108,METROPOLITAN NASHVILLE POLICE DEPT,20170385849,Davidson,Nashville,5/1/2017 12:00:00 AM,2,0,0,36.044910,-86.695930,BELL RD,,,,874.00,Feet,West,BROOK VIEW ESTATES DR,,,,0.00,N,Not at Intersection, ,Non-Junction,None,,,         ,Blake,Lutz,Unknown,Unknown,no,no,no,yes,yes,False
101631109,METROPOLITAN NASHVILLE POLICE DEPT,20170385973,Davidson,Nashville,5/1/2017 11:50:00 AM,3,0,0,36.153700,-86.756750,I 40,,,,0.00,,,,,,,211.20,N,Not at Intersection, ,Non-Junction,None,,,         ,Michael,Dance,Clear,Front to Rear,no,no,no,no,no,False
101631128,METROPOLITAN NASHVILLE POLICE DEPT,20170386131,Davidson,Nashville,5/1/2017 12:33:00 PM,2,0,0,36.152390,-86.848580,51ST AVN,,,,154.00,Feet,North,CHARLOTTE AV,,,,0.00,N,Not at Intersection, ,Non-Junction,None,,,         ,Curtis,Rich,Cloudy,Angle,no,no,no,no,yes,False
101631145,METROPOLITAN NASHVILLE POLICE DEPT,20170386167,Davidson,Nashville,5/1/2017 1:00:00 PM,2,0,0,36.043040,-86.713000,NOLENSVILLE PKE,,,,250.00,Feet,North,SWISS AV,,,,0.00,N,Not at Intersection, ,Non-Junction,None,,,         ,Earl,Davis,Cloudy,Front to Rear,no,no,no,no,no,False
101631156,METROPOLITAN NASHVILLE POLICE DEPT,20170386146,Davidson,Nashville,5/1/2017 12:49:00 PM,2,0,0,36.168510,-86.785010,JAMES ROBERTSON PKWY,,,,47.00,Feet,East,6TH AVN,,,,0.00,N,Not at Intersection, ,,None,,,         ,Christian,Martin,,,no,no,no,no,no,False
101631160,METROPOLITAN NASHVILLE POLICE DEPT,20170386145,Davidson,Nashville,5/1/2017 12:25:00 PM,2,0,0,36.137570,-86.800760,WEDGEWOOD AV,,,,0.00,Feet,,21ST AVS,,,,0.00,Y,Four-Way,N,Intersection,None,,,         ,Ian,Hammond,Cloudy,Angle,no,no,no,no,no,Campus
101631161,METROPOLITAN NASHVILLE POLICE DEPT,2017-0358108,Davidson,Nashville,4/30/2017 3:30:00 PM,2,0,0,36.170860,-86.600830,I40 W EXT RAMP,,,,0.00,Feet,East,I 40,,,,0.00,N,Not at Intersection, ,Non-Junction,None,,,         ,Calvin,Graham,Rain,Rear to Side,no,no,no,yes,yes,False
101631186,METROPOLITAN NASHVILLE POLICE DEPT,20170386237,Davidson,Nashville,5/1/2017 11:21:00 AM,2,0,0,36.088340,-86.607380,ANDERSON RD,,,,226.00,Feet,North,SMITH SPRINGS RD,,,,0.00,N,Not at Intersection, ,OtherLocation,None,,,         ,James,Curtis,Clear,Other,no,no,no,yes,yes,False
101631188,METROPOLITAN NASHVILLE POLICE DEPT,20170386285,Davidson,Nashville,5/1/2017 1:43:00 PM,2,0,0,36.174100,-86.608520,CENTRAL PKE,,,,0.00,,,FRIST BLVD,,,,0.00,Y,Four-Way, ,Intersection,None,,,         ,Wesley,Young,Clear,Front to Rear,no,no,no,no,no,False
101631190,METROPOLITAN NASHVILLE POLICE DEPT,20170386276,Davidson,Nashville,5/1/2017 1:30:00 PM,2,0,0,36.176580,-86.770320,SPRING ST,,,,0.00,,,DICKERSON PKE,,,,0.00,Y,OTHER, ,,None,,,         ,Shannon,Forsyth,,,no,no,no,no,no,False
101631197,METROPOLITAN NASHVILLE POLICE DEPT,20170385793,Davidson,Nashville,5/1/2017 10:25:00 AM,2,0,0,36.233120,-86.782990,EWING LN,,,,487.00,Feet,West,EWING DR,,,,0.00,N,Not at Intersection, ,"Driveway, Alley Access, etc",Maintenance Zone,,,         ,Peter,Lynch,Cloudy,Angle,no,no,no,no,no,False
101631210,METROPOLITAN NASHVILLE POLICE DEPT,20170386227,Davidson,Nashville,5/1/2017 1:24:00 PM,2,1,0,36.167870,-86.663980,LEBANON PKE,,,,210.00,Feet,West,DONELSON PKE,,,,0.00,N,Not at Intersection,N,Non-Junction,None,,,         ,Michael,Dance,Clear,Front to Rear,no,no,no,no,no,False
101631218,METROPOLITAN NASHVILLE POLICE DEPT,20170386279,Davidson,Nashville,5/1/2017 1:36:00 PM,2,0,0,36.138270,-86.775760,I 65,,,,0.00,,,,,,,81.70,N,Not at Intersection, ,Entrance/Exit Ramp Related,None,,,         ,Bradley,Pope,Cloudy,"Sideswipe, Same Direction",no,no,no,no,no,False
101631240,METROPOLITAN NASHVILLE POLICE DEPT,20170386274,Davidson,Nashville,5/1/2017 1:38:00 PM,2,0,0,36.151350,-86.768320,I40 E ENT RAMP,,,,0.00,,,I 40,,,,0.00,Y,OTHER, ,Intersection,None,,,         ,Michael,Dance,Clear,Angle,no,no,no,no,no,False
101631241,METROPOLITAN NASHVILLE POLICE DEPT,20170386439,Davidson,Nashville,5/1/2017 2:15:00 PM,1,0,0,36.152480,-86.802700,21ST AVN,,,,0.00,,,CHURCH ST,,,,0.00,Y,Four-Way, ,Intersection-Related,None,,,         ,Tien,Nguyen,Other,Not Collision with Motor Vehicle in Transport,no,no,no,no,no,Campus
101631245,METROPOLITAN NASHVILLE POLICE DEPT,2017-0386117,Davidson,Nashville,5/1/2017 10:58:00 AM,2,0,0,36.116080,-86.747840,NOLENSVILLE PKE,,,,165.00,Feet,South,JOYNER AV,,,,0.00,N,Not at Intersection,N,"Driveway, Alley Access, etc",Maintenance Zone,Other,Activity Area,         ,William,Whitworth,Clear,"Sideswipe, Same Direction",no,no,no,no,no,False
101631259,METROPOLITAN NASHVILLE POLICE DEPT,20170386448,Davidson,Nashville,5/1/2017 2:40:00 PM,2,0,0,36.206620,-86.777870,W TRINITY LN,,,,0.00,,,BRICK CHURCH PKE,,,,0.00,Y,Four-Way, ,Intersection-Related,None,,,         ,Kevin,Reynolds,Clear,Front to Rear,no,no,no,no,no,False
101631270,METROPOLITAN NASHVILLE POLICE DEPT,20170386568,Davidson,Nashville,5/1/2017 12:41:00 PM,2,0,0,36.160760,-86.793690,CHARLOTTE AV,,,,0.00,,,14TH AVN,,,,0.00,Y,Four-Way, ,Entrance/Exit Ramp Related,None,,,         ,Tien,Nguyen,Clear,"Sideswipe, Same Direction",no,no,no,no,no,False
101631272,METROPOLITAN NASHVILLE POLICE DEPT,20170386503,Davidson,Nashville,5/1/2017 12:00:00 AM,2,0,0,36.169530,-86.814150,SCOVEL ST,,,,359.00,Feet,South,W HEIMAN ST,,,,0.00,N,Not at Intersection,N,Unknown,None,,,         ,Melvin,Taylor,Unknown,Unknown,no,no,no,no,yes,False
101631276,METROPOLITAN NASHVILLE POLICE DEPT,20170386504,Davidson,Nashville,5/1/2017 3:06:00 PM,2,0,0,36.068370,-86.672360,RICHARDS RD,,,,136.00,Feet,West,RICHARDS CT,,,,0.00,N,Not at Intersection,N,Non-Junction,None,,,         ,Alyson,Cook,Clear,Front to Rear,yes,no,no,no,yes,False
101631287,METROPOLITAN NASHVILLE POLICE DEPT,2017-0386392,Davidson,Antioch,5/1/2017 2:20:00 PM,2,0,0,36.045930,-86.599032,PARKING LOT,,,,0.00,Feet,North,PARKING LOT,,,,0.00,N,Not at Intersection,N,OtherLocation,None,,,         ,Michael,Sanders,Clear,Other,no,no,no,yes,yes,False
101631288,METROPOLITAN NASHVILLE POLICE DEPT,20170386379,Davidson,Nashville,5/1/2017 2:23:00 PM,2,2,0,36.248660,-86.719920,GALLATIN PKES,,,,250.00,Feet,North,DUE WEST AVE,,,,0.00,N,Not at Intersection,N,Non-Junction,None,,,         ,Michael,Agee,Clear,Not Collision with Motor Vehicle in Transport,no,no,no,no,no,False
101631290,METROPOLITAN NASHVILLE POLICE DEPT,20170386385,Davidson,Nashville,5/1/2017 2:24:00 PM,2,0,0,36.234510,-86.723090,BRILEY PKWYE,,,,364.00,Feet,East,BRILEY PKWY E EXT RAMP,,,,0.00,N,Not at Intersection, ,Non-Junction,None,,,         ,Christopher,Valdez,Clear,Front to Rear,no,no,no,no,yes,False
101631291,METROPOLITAN NASHVILLE POLICE DEPT,20170386655,Davidson,Nashville,5/1/2017 3:33:00 PM,2,0,0,36.041700,-86.782430,I65 S EXT RAMP,,,,0.00,,,I 65,,,,0.00,Y,OTHER,N,Non-Junction,None,,,         ,Ralph,Smith IV,Clear,Angle,no,no,no,no,no,False
101631292,METROPOLITAN NASHVILLE POLICE DEPT,20170386637,Davidson,Nashville,5/1/2017 3:45:00 PM,2,1,0,36.141030,-86.721440,I40 W EXT RAMP,,,,0.00,Feet,East,I 40,,,,0.00,N,Not at Intersection,N,Entrance/Exit Ramp Related,None,,,         ,Jefferson,Hughes,Clear,Front to Rear,no,no,no,no,yes,False
101631302,METROPOLITAN NASHVILLE POLICE DEPT,20170386609,Davidson,Nashville,5/1/2017 3:31:00 PM,2,1,0,36.185290,-86.775190,I 24,,,,0.00,,,,,,,47.20,N,Not at Intersection,N,Non-Junction,None,,,         ,Phillip,Box,Clear,Front to Rear,no,no,no,no,no,False
101631303,METROPOLITAN NASHVILLE POLICE DEPT,20170386731,Davidson,Nashville,5/1/2017 3:50:00 PM,2,0,0,36.173840,-86.762710,MAIN ST,,,,33.00,Feet,East,N 6TH ST,,,,0.00,N,Not at Intersection, ,,None,,,         ,Micah,Wright,,,no,no,no,no,no,False
101631306,METROPOLITAN NASHVILLE POLICE DEPT,20170386705,Davidson,Nashville,5/1/2017 12:00:00 AM,2,0,0,36.149590,-86.792000,MUSIC SQE,,,,47.00,Feet,North,MUSIC CIRS,,,,0.00,N,Not at Intersection,N,OtherLocation,None,,,         ,Tien,Nguyen,Cloudy,Unknown,no,no,no,no,yes,False
101631317,METROPOLITAN NASHVILLE POLICE DEPT,20170386493,Davidson,Nashville,5/1/2017 2:08:00 PM,3,0,0,36.167980,-86.765570,I24 W ENT RAMP,,,,0.00,Feet,East,I 24,,,,0.00,N,Not at Intersection, ,Non-Junction,None,,,         ,Michael,Moss,Clear,Front to Rear,no,no,no,no,no,False
101631318,METROPOLITAN NASHVILLE POLICE DEPT,20170386657,Davidson,Nashville,5/1/2017 3:53:00 PM,4,1,0,36.089260,-86.617070,SMITH SPRINGS RD,,,,0.00,,,BUTLER RD,,,,0.00,Y,T-Intersection,N,Intersection-Related,None,,,         ,Michael,Apsey,Clear,Front to Rear,no,no,no,no,no,False
101631332,METROPOLITAN NASHVILLE POLICE DEPT,20170386831,Davidson,Nashville,5/1/2017 3:23:00 PM,2,0,0,36.144280,-86.819610,MASON AV,,,,52.00,Feet,East,BELWOOD ST,,,,0.00,N,Not at Intersection, ,Non-Junction,None,,,         ,Tien,Nguyen,Cloudy,"Sideswipe, Same Direction",no,no,no,no,no,False
101631333,METROPOLITAN NASHVILLE POLICE DEPT,20170386790,Davidson,Nashville,5/1/2017 4:43:00 PM,2,0,0,36.192900,-86.829990,CLARKSVILLE PKE,,,,347.00,Feet,West,CLIFF DR,,,,0.00,N,Not at Intersection, ,Non-Junction,None,,,         ,Samuel,Galluzzi,Cloudy,Angle,no,no,no,no,no,False
101631336,METROPOLITAN NASHVILLE POLICE DEPT,20170386625,Davidson,Not in City Limit,5/1/2017 3:38:00 PM,2,0,0,36.077610,-87.021150,MCCRORY LN,,,,0.00,,,I40 W ENT RAMP,,,,0.00,Y,Four-Way,N,Entrance/Exit Ramp Related,None,,,         ,Brandon,Pedigo,Clear,Front to Rear,no,no,no,no,no,False
101631344,METROPOLITAN NASHVILLE POLICE DEPT,20170386587,Davidson,Nashville,5/1/2017 3:16:00 PM,2,0,0,36.077430,-86.651860,SPLIT OAK TRL,,,,308.00,Feet,East,SPLIT OAK DR,,,,0.00,N,Not at Intersection,N,Non-Junction,None,,,         ,Richard,Olive,Clear,Angle,no,no,no,no,yes,False
101631347,METROPOLITAN NASHVILLE POLICE DEPT,20170386830,Davidson,Nashville,5/1/2017 4:11:00 PM,2,0,0,36.141180,-86.817080,33RD AVS,,,,0.00,,,WEST END AV,,,,0.00,Y,T-Intersection, ,Intersection-Related,None,,,         ,Tien,Nguyen,Cloudy,Front to Rear,no,no,no,no,no,False
101631349,METROPOLITAN NASHVILLE POLICE DEPT,20170386752,Davidson,Nashville,5/1/2017 4:27:00 PM,2,0,0,36.083380,-86.702320,WALLACE RD,,,,0.00,,,,,,,0.00,,, ,Non-Junction,None,,,         ,Christopher,Augustin,Clear,Rear to Rear,no,no,no,yes,no,False
101631352,METROPOLITAN NASHVILLE POLICE DEPT,20170386875,Davidson,Nashville,5/1/2017 3:52:00 PM,2,0,0,36.135710,-86.724930,MURFREESBORO PKE,,,,0.00,,,SPENCE LN,,,,0.00,Y,Four-Way, ,Non-Junction,None,,,         ,Kimberly,Annson,Cloudy,Front to Rear,no,no,no,no,no,False
101631353,METROPOLITAN NASHVILLE POLICE DEPT,20170386847,Davidson,Not in City Limit,5/1/2017 5:15:00 PM,1,1,0,36.103050,-86.950350,CHARLOTTE PKE,,,,2577.00,Feet,East,CHARLOTTE PKE PVTDR,,,,0.00,N,Not at Intersection,N,Non-Junction,None,,,         ,Brandon,Pedigo,Clear,Not Collision with Motor Vehicle in Transport,no,no,no,no,no,False
101631356,METROPOLITAN NASHVILLE POLICE DEPT,20170386907,Davidson,Nashville,5/1/2017 5:37:00 PM,2,0,0,36.184470,-86.610130,ANDREW JACKSON PKWY,,,,337.00,Feet,North,OLD HICKORY BLVD,,,,0.00,N,Not at Intersection, ,,None,,,         ,Codey,Mullins,,,no,no,no,no,no,False
101631366,METROPOLITAN NASHVILLE POLICE DEPT,20170386943,Davidson,Nashville,5/1/2017 5:42:00 PM,2,0,0,36.110870,-86.786890,WOODMONT BLVD,,,,191.00,Feet,East,LEALAND LN,,,,0.00,N,Not at Intersection, ,Non-Junction,None,,,         ,Tien,Nguyen,Cloudy,Front to Rear,no,no,no,no,no,False
101631368,METROPOLITAN NASHVILLE POLICE DEPT,20170386742,Davidson,Goodlettsville,5/1/2017 12:00:00 AM,2,0,0,36.297280,-86.698870,GALLATIN PKEN,,,,157.00,Feet,North,RIVERGATE PKWY,,,,0.00,N,Not at Intersection,N,Non-Junction,None,,,         ,Joel,Callies,Cloudy,Not Collision with Motor Vehicle in Transport,no,no,no,no,no,False
101631384,METROPOLITAN NASHVILLE POLICE DEPT,20170387065,Davidson,Nashville,5/1/2017 5:24:00 PM,2,0,0,36.117540,-86.921990,CHARLOTTE PKE,,,,478.00,Feet,East,OLD HICKORY BLVD,,,,0.00,N,Not at Intersection, ,Non-Junction,None,,,         ,Brandon,Pedigo,Clear,Front to Rear,no,no,no,no,no,False
101631392,METROPOLITAN NASHVILLE POLICE DEPT,20170386832,Davidson,Nashville,5/1/2017 4:26:00 PM,3,0,0,36.082150,-86.834160,HILLSBORO PKE,,,,590.00,Feet,South,STANFORD DR,,,,0.00,N,Not at Intersection, ,Non-Junction,None,,,         ,Walter,Gray II,Clear,Front to Rear,no,no,no,no,no,False
101631405,METROPOLITAN NASHVILLE POLICE DEPT,20170386934,Davidson,Antioch,5/1/2017 4:30:00 PM,1,0,0,36.066880,-86.599780,MT VIEW RD,,,,0.74,Miles,West,TRU LONG DR,,,,0.00,N,Not at Intersection,N,Non-Junction,None,,,         ,Benny,Pittman,Clear,Not Collision with Motor Vehicle in Transport,no,no,no,no,yes,False
101631407,METROPOLITAN NASHVILLE POLICE DEPT,20170386889,Davidson,Nashville,5/1/2017 12:00:00 AM,3,1,0,36.157780,-86.816650,27TH AVN,,,,181.00,Feet,North,TORBETT ST,,,,0.00,N,Not at Intersection,N,Non-Junction,None,,,         ,Melvin,Taylor,Cloudy,HeadOn,no,no,no,no,yes,False
101631428,METROPOLITAN NASHVILLE POLICE DEPT,2017-0386939,Davidson,Not in City Limit,5/1/2017 5:50:00 PM,3,0,0,36.107450,-86.939090,CHARLOTTE PKE,,,,266.00,Feet,West,FORREST VALLEY DR,,,,0.00,N,Not at Intersection,N,Non-Junction,None,,,         ,Brian,Gottschall,Clear,Front to Rear,no,no,no,no,no,False
101631431,METROPOLITAN NASHVILLE POLICE DEPT,20170387055,Davidson,Nashville,5/1/2017 6:33:00 PM,2,1,0,36.129530,-86.903150,CHARLOTTE PKE,,,,50.00,Feet,East,DAVIDSON DR,,,,0.00,N,Not at Intersection,N,Non-Junction,None,,,         ,Walter,Gray II,Cloudy,Angle,no,no,no,no,no,False
101631432,METROPOLITAN NASHVILLE POLICE DEPT,20170387035,Davidson,Nashville,5/1/2017 6:17:00 PM,2,0,0,36.093050,-86.762450,I 65,,,,0.00,,,,,,,78.55,N,Not at Intersection,N,Non-Junction,None,,,         ,Ralph,Smith IV,Clear,Front to Rear,no,no,no,no,no,False
101631434,METROPOLITAN NASHVILLE POLICE DEPT,20170387148,Davidson,Nashville,5/1/2017 7:09:00 PM,2,0,0,36.167600,-86.762220,S 5TH ST,,,,0.00,,,SHELBY AV,,,,0.00,Y,Four-Way, ,Non-Junction,None,,,         ,Michael,Moss,Clear,Front to Rear,no,no,no,no,no,False
101631435,METROPOLITAN NASHVILLE POLICE DEPT,20170386854,Davidson,Nashville,4/30/2017 9:00:00 AM,2,0,0,36.095820,-86.655130,MURFREESBORO PKE,,,,190.00,Feet,East,SMITH SPRINGS RD,,,,0.00,N,Not at Intersection,N,Non-Junction,None,,,         ,Alyson,Cook,Clear,"Sideswipe, Same Direction",no,no,no,no,yes,False
101631436,METROPOLITAN NASHVILLE POLICE DEPT,20170387104,Davidson,Nashville,5/1/2017 5:45:00 PM,2,0,0,36.037480,-86.785960,OLD HICKORY BLVD,,,,0.00,,,WILSON PIKE CIR,,,,0.00,Y,T-Intersection,N,Non-Junction,None,,,         ,Miguel,Garcia,Clear,Front to Rear,no,no,no,no,no,False
101631442,METROPOLITAN NASHVILLE POLICE DEPT,20170387073,Davidson,Not in City Limit,5/1/2017 5:00:00 PM,2,0,0,36.263050,-86.711840,STATE RT 45,,,,26.00,Feet,East,GALLATIN PKEN,,,,0.00,N,Not at Intersection, ,Non-Junction,None,,,         ,Jerry,Pirtle,Cloudy,Front to Rear,no,no,no,no,no,False
101631443,METROPOLITAN NASHVILLE POLICE DEPT,20170386904,Davidson,Nashville,5/1/2017 4:00:00 PM,2,0,0,36.043930,-86.656370,I 24,,,,0.00,,,,,,,59.60,N,Not at Intersection,N,Non-Junction,None,,,         ,Alyson,Cook,Clear,"Sideswipe, Same Direction",no,no,no,no,yes,False
101631446,METROPOLITAN NASHVILLE POLICE DEPT,20170386894,Davidson,Not in City Limit,5/1/2017 5:12:00 PM,1,0,0,36.320210,-86.848070,I 24,,,,0.00,,,,,,,36.10,N,Not at Intersection, ,Non-Junction,None,,,         ,Timothy,Morgan,Cloudy,Not Collision with Motor Vehicle in Transport,no,no,no,no,no,False
101631473,METROPOLITAN NASHVILLE POLICE DEPT,20170386902,Davidson,Nashville,5/1/2017 5:40:00 PM,2,0,0,36.160250,-86.782960,COMMERCE ST,,,,0.00,,,ROSA L PARKS BLVD,,,,0.00,Y,Four-Way, ,,None,,,         ,Jason,Hogan,,,no,no,no,no,no,False
101631475,METROPOLITAN NASHVILLE POLICE DEPT,20170387294,Davidson,Nashville,5/1/2017 8:16:00 PM,2,0,0,36.182790,-86.798100,I65 N EXT RAMP,,,,0.00,,,I 65,,,,0.00,Y,Y-Intersection, ,Non-Junction,None,,,         ,Matthew,Dixon,Clear,Front to Rear,no,no,no,no,no,False
101631484,METROPOLITAN NASHVILLE POLICE DEPT,20170387179,Davidson,Nashville,5/1/2017 5:00:00 PM,2,0,0,36.037870,-86.646980,I 24,,,,0.00,,,,,,,60.25,N,Not at Intersection, ,Non-Junction,None,,,         ,Alyson,Cook,Clear,Angle,no,no,no,no,no,False
101631498,METROPOLITAN NASHVILLE POLICE DEPT,20170387313,Davidson,Nashville,5/1/2017 12:00:00 AM,2,0,0,36.164240,-86.819900,28TH AVN,,,,0.00,Feet,,ALBION ST,,,,0.00,Y,Four-Way, ,Non-Junction,None,,,         ,Melvin,Taylor,Cloudy,Front to Rear,no,no,no,no,no,False
101631502,METROPOLITAN NASHVILLE POLICE DEPT,20170387178,Davidson,Nashville,5/1/2017 4:43:00 PM,2,0,0,36.034980,-86.643750,I 24,,,,0.00,,,,,,,60.55,N,Not at Intersection, ,Non-Junction,None,,,         ,Alyson,Cook,Clear,Front to Rear,no,no,no,no,no,False
101631519,METROPOLITAN NASHVILLE POLICE DEPT,20170387412,Davidson,Nashville,5/1/2017 8:58:00 PM,2,0,0,36.090330,-86.626500,BELL RD,,,,0.00,,,SMITH SPRINGS RD,,,,0.00,Y,Four-Way,N,Intersection,None,,,         ,Michael,Apsey,Clear,"Sideswipe, Same Direction",no,no,no,no,no,False
101631541,METROPOLITAN NASHVILLE POLICE DEPT,20170387239,Davidson,Nashville,5/1/2017 6:07:00 PM,2,0,0,36.064230,-86.627860,MURFREESBORO PKE,,,,274.00,Feet,South,HAMILTON CHURCH RD,,,,0.00,N,Not at Intersection,N,Non-Junction,None,,,         ,Alyson,Cook,Clear,Angle,no,no,no,no,no,False
101631545,METROPOLITAN NASHVILLE POLICE DEPT,20170387132,Davidson,Not in City Limit,5/1/2017 7:03:00 PM,2,2,0,36.262860,-86.687690,E OLD HICKORY BLVD,,,,93.00,Feet,East,OLD HICKORY PLACE APTS PVTDR,,,,0.00,N,Not at Intersection,N,Non-Junction,None,,,         ,Jordan,Vrbas,Clear,HeadOn,no,no,no,no,no,False
101631560,METROPOLITAN NASHVILLE POLICE DEPT,20170387367,Davidson,Nashville,5/1/2017 8:35:00 PM,2,0,0,36.107840,-86.922380,OLD HICKORY BLVD,,,,0.00,,,ROCKY LN,,,,0.00,Y,T-Intersection, ,Intersection,None,,,         ,Walter,Gray II,Cloudy,Angle,no,no,no,no,no,False
101631580,METROPOLITAN NASHVILLE POLICE DEPT,20170386841,Davidson,Nashville,5/1/2017 5:10:00 PM,2,2,0,36.176910,-86.774580,SPRING ST,,,,0.00,,,N 1ST ST,,,,0.00,Y,Four-Way,N,Intersection,None,,,         ,Nathan,Dungan,Cloudy,Angle,no,no,no,no,no,False
101631584,METROPOLITAN NASHVILLE POLICE DEPT,20170386718,Davidson,Nashville,5/1/2017 4:25:00 PM,2,0,0,36.175840,-86.772060,I 24,,,,0.00,,,,,,,48.00,N,Not at Intersection, ,Entrance/Exit Ramp Related,None,,,         ,Jacob,Paul,Clear,Front to Rear,no,no,no,no,no,False
101631600,METROPOLITAN NASHVILLE POLICE DEPT,20170387206,Davidson,Nashville,5/1/2017 6:08:00 PM,2,0,0,36.069120,-86.682700,RICHARDS RD,,,,337.00,Feet,East,ANTIOCH PKE,,,,0.00,N,Not at Intersection,N,Non-Junction,None,,,         ,Jedidayah,Merriweather,Clear,Rear to Rear,no,no,no,yes,no,False
101631615,METROPOLITAN NASHVILLE POLICE DEPT,2017-0386869,Davidson,Nashville,5/1/2017 5:30:00 PM,2,0,0,36.182720,-86.607790,ANDREW JACKSON WAY,,,,168.00,Feet,North,OLD HICKORY BLVD,,,,0.00,N,Not at Intersection,N,Non-Junction,None,,,         ,Sandra,Talavera,Cloudy,"Sideswipe, Same Direction",no,no,no,no,yes,False
101631631,METROPOLITAN NASHVILLE POLICE DEPT,20170387640,Davidson,Nashville,5/1/2017 10:30:00 PM,2,4,0,36.145060,-86.812360,WEST END AV,,,,0.00,,,28TH AVN,,,,0.00,Y,T-Intersection,N,Intersection-Related,None,,,         ,Tien,Nguyen,Clear,Angle,no,no,no,no,no,Campus