master_record_number,agency,agency_tracking_number,county,city,collision_date,vehicles_involved,number_injured,number_dead,latitude,longitude,roadway_name,roadway_suffix,roadway_number,roadway_local_id,distance_from_reference,miles-feet_indicator,direction_from_reference,intersection_road_name,intersection_road_name_suffix,intersection_road_number,intersection_local_id,mile_marker,intersection_indicator,intersect_type,interchange_related_indicator,relation_to_junction,work_zone_type,construction_maintenance_zone,construction_maintenance_zone_location,fatal_case_number,officer_first_name,officer_last_name,weather_condition(s),manner_of_crash,pedestrian,bicycle,scooter,parking,hitrun,mou
101632249,METROPOLITAN NASHVILLE POLICE DEPT,20170390256,Davidson,Nashville,5/2/2017 4:15:00 PM,2,0,0,36.133440,-86.770440,WEDGEWOOD AV,,,,0.00,,,MARTIN ST,,,,0.00,Y,T-Intersection,N,Intersection-Related,None,,,         ,Tien,Nguyen,Clear,Angle,no,no,no,no,no,False
101632253,METROPOLITAN NASHVILLE POLICE DEPT,20170390158,Davidson,Nashville,5/2/2017 3:37:00 PM,5,4,0,36.197020,-86.828160,BUENA VISTA PKE,,,,14.00,Feet,South,CLIFF DR,,,,0.00,N,Not at Intersection,N,Non-Junction,None,,,         ,Kevin,Reynolds,Clear,Front to Rear,no,no,no,no,no,False
101632257,METROPOLITAN NASHVILLE POLICE DEPT,20170390133,Davidson,Nashville,5/2/2017 3:01:00 PM,2,0,0,36.044680,-86.659510,I24 E ENT RAMP,,,,0.00,Feet,East,I 24,,,,0.00,N,Not at Intersection,N,Non-Junction,None,,,         ,Alyson,Cook,Clear,Angle,no,no,no,no,no,False
101632276,METROPOLITAN NASHVILLE POLICE DEPT,20170390391,Davidson,Nashville,5/2/2017 4:54:00 PM,3,0,0,36.138140,-86.762000,4TH AVS,,,,269.00,Feet,South,CARNEY ST,,,,0.00,N,Not at Intersection,N,Non-Junction,None,,,         ,Tien,Nguyen,Clear,Front to Rear,no,no,no,no,yes,False
101632279,METROPOLITAN NASHVILLE POLICE DEPT,20170390328,Davidson,Nashville,5/2/2017 4:44:00 PM,1,0,0,36.215370,-86.714550,MURRAY PL,,,,0.00,,,MCALPINE AV,,,,0.00,Y,Four-Way,N,Intersection,None,,,         ,James,Smith,Clear,Not Collision with Motor Vehicle in Transport,no,no,no,no,no,False
101632282,METROPOLITAN NASHVILLE POLICE DEPT,20170390260,Davidson,Nashville,5/2/2017 4:18:00 PM,2,1,0,36.044780,-86.669240,BELL RD,,,,114.00,Feet,East,BEECHWOOD TER,,,,0.00,N,Not at Intersection,N,Non-Junction,None,,,         ,Alyson,Cook,Clear,Angle,no,no,no,no,no,False
101632284,METROPOLITAN NASHVILLE POLICE DEPT,2017-0390355,Davidson,Nashville,5/2/2017 4:50:00 PM,2,1,0,36.158290,-86.771890,HERMITAGE AV,,,,0.00,,,KOREAN VETERANS BLVD,,,,0.00,Y,Four-Way,N,Intersection,None,,,         ,Chad,Wilkinson,Clear,Front to Rear,no,no,no,no,no,False
101632285,METROPOLITAN NASHVILLE POLICE DEPT,20170389883,Davidson,Nashville,5/2/2017 2:03:00 PM,2,1,0,36.166210,-86.817290,I 40,,,,0.00,,,,,,,206.65,N,Not at Intersection,N,Non-Junction,None,,,         ,Khalid,Abbady,Clear,Front to Rear,no,no,no,no,no,False
101632300,METROPOLITAN NASHVILLE POLICE DEPT,20170390330,Davidson,Nashville,5/2/2017 4:25:00 PM,2,0,0,36.150450,-86.801200,21ST AVS,,,,13.00,Feet,South,WEST END AV,,,,0.00,N,Not at Intersection,N,Non-Junction,None,,,         ,Nicholas,Carroll,Clear,Front to Rear,no,no,no,no,no,Campus
101632303,METROPOLITAN NASHVILLE POLICE DEPT,20170390472,Davidson,Nashville,5/2/2017 4:21:00 PM,2,0,0,36.121780,-86.794830,BELMONT BLVD,,,,78.00,Feet,North,KIRKWOOD AV,,,,0.00,N,Not at Intersection,N,Non-Junction,None,,,         ,Tien,Nguyen,Clear,Front to Rear,no,no,no,no,no,False
101632310,METROPOLITAN NASHVILLE POLICE DEPT,20170390381,Davidson,Nashville,5/2/2017 4:30:00 PM,2,0,0,36.192320,-86.616300,OLD HICKORY BLVD,,,,0.00,,,JUAREZ DR,,,,0.00,Y,Four-Way, ,Intersection,None,,,         ,Adam,Nicholson,Clear,Front to Rear,no,no,no,no,no,False
101632311,METROPOLITAN NASHVILLE POLICE DEPT,20170390397,Davidson,Goodlettsville,5/2/2017 5:16:00 PM,2,0,0,36.297340,-86.698830,GALLATIN PKEN,,,,183.00,Feet,North,RIVERGATE PKWY,,,,0.00,N,Not at Intersection, ,Non-Junction,None,,,         ,Rodney,Phipps,Clear,Front to Rear,no,no,no,no,no,False
101632316,METROPOLITAN NASHVILLE POLICE DEPT,20170390373,Davidson,Nashville,5/2/2017 4:50:00 PM,2,0,0,36.160770,-86.763790,DAVIDSON STREET BIKE CNCTR,,,,0.00,,,,,,,0.00,,,N,Non-Junction,None,,,         ,Michael,Baron,Clear,Angle,no,no,no,yes,yes,False
101632317,METROPOLITAN NASHVILLE POLICE DEPT,20170390241,Davidson,Antioch,5/2/2017 3:08:00 PM,2,0,0,36.068930,-86.583430,HOBSON PKE,,,,342.00,Feet,West,DERBYSHIRE DR,,,,0.00,N,Not at Intersection,N,Non-Junction,None,,,         ,Victoria,Cunningham,Clear,Front to Rear,no,no,no,no,yes,False
101632321,METROPOLITAN NASHVILLE POLICE DEPT,20170390407,Davidson,Not in City Limit,5/2/2017 6:15:00 PM,2,0,0,36.262680,-86.705880,E OLD HICKORY BLVD,,,,161.00,Feet,West,4TH AV,,,,0.00,N,Not at Intersection, ,Non-Junction,None,,,         ,Bradley,Campbell,Clear,Rear to Side,no,no,no,no,no,False
101632325,METROPOLITAN NASHVILLE POLICE DEPT,20170390541,Davidson,Nashville,5/2/2017 5:58:00 PM,3,0,0,36.115920,-86.798620,BATTLEFIELD DR,,,,0.00,,,BELMONT BLVD,,,,0.00,Y,Four-Way,N,Intersection-Related,None,,,         ,Tien,Nguyen,Clear,Angle,no,no,no,no,no,False
101632327,METROPOLITAN NASHVILLE POLICE DEPT,20170390435,Davidson,Nashville,5/2/2017 5:20:00 PM,2,0,0,36.210550,-86.775970,I 65,,,,0.00,,,,,,,87.65,N,Not at Intersection, ,Non-Junction,None,,,         ,Kevin,Reynolds,Clear,Angle,no,no,no,no,no,False
101632332,METROPOLITAN NASHVILLE POLICE DEPT,20170390440,Davidson,Not in City Limit,5/2/2017 5:31:00 PM,2,0,0,36.299300,-86.811620,I 24,,,,0.00,,,,,,,38.85,N,Not at Intersection, ,Non-Junction,None,,,         ,Victor,Alexander,Clear,Front to Rear,no,no,no,no,no,False
101632334,METROPOLITAN NASHVILLE POLICE DEPT,20170390480,Davidson,Nashville,5/2/2017 4:40:00 PM,2,0,0,36.066810,-86.686690,I 24,,,,0.00,,,,,,,57.25,N,Not at Intersection,N,Non-Junction,None,,,         ,Alyson,Cook,Clear,"Sideswipe, Same Direction",no,no,no,no,yes,False
101632336,METROPOLITAN NASHVILLE POLICE DEPT,20170390552,Davidson,Nashville,5/2/2017 6:09:00 PM,2,0,0,36.186360,-86.818780,CLARKSVILLE PKE,,,,0.00,,,26TH AVN,,,,0.00,Y,Four-Way, ,Intersection-Related,None,,,         ,Thomas,Burns,Clear,"Sideswipe, Same Direction",no,no,no,no,no,False
101632337,METROPOLITAN NASHVILLE POLICE DEPT,20170390289,Davidson,Nashville,5/2/2017 12:00:00 AM,2,0,0,36.205220,-86.768760,DICKERSON PKE,,,,245.00,Feet,South,E TRINITY LN,,,,0.00,N,Not at Intersection, ,,None,,,         ,Gordon,Stovall,,,no,no,no,no,no,False
101632338,METROPOLITAN NASHVILLE POLICE DEPT,20170390706,Davidson,Nashville,5/2/2017 5:17:00 PM,2,0,0,36.115920,-86.798620,BATTLEFIELD DR,,,,0.00,,,BELMONT BLVD,,,,0.00,Y,Four-Way, ,Intersection-Related,None,,,         ,Tien,Nguyen,Clear,Front to Rear,no,no,no,no,no,False
101632339,METROPOLITAN NASHVILLE POLICE DEPT,20170389780,Davidson,Nashville,5/2/2017 1:50:00 PM,2,0,0,36.076850,-86.641860,DOVER GLEN DR,,,,158.00,Feet,West,MURFREESBORO PKE,,,,0.00,N,Not at Intersection,N,Non-Junction,None,,,         ,Jessie,Meadows,Clear,Front to Rear,no,no,no,no,no,False
101632340,METROPOLITAN NASHVILLE POLICE DEPT,20170389968,Davidson,Nashville,5/2/2017 5:07:00 PM,2,1,0,36.084650,-86.728080,NOLENSVILLE PKE,,,,76.00,Feet,South,PARAGON MILLS RD,,,,0.00,N,Not at Intersection,N,Non-Junction,None,,,         ,Jessie,Meadows,Clear,Angle,no,no,no,no,no,False
101632341,METROPOLITAN NASHVILLE POLICE DEPT,20170390285,Davidson,Nashville,5/2/2017 5:16:00 PM,2,0,0,36.106560,-86.742980,NOLENSVILLE PKE,,,,72.00,Feet,North,MORTON AV,,,,0.00,N,Not at Intersection,N,Non-Junction,None,,,         ,Jessie,Meadows,Clear,Angle,no,no,no,no,yes,False
101632342,METROPOLITAN NASHVILLE POLICE DEPT,20170390203,Davidson,Nashville,5/2/2017 3:54:00 PM,2,1,0,36.154520,-86.739580,OMOHUNDRO PL,,,,19.00,Feet,North,LEBANON PKE,,,,0.00,N,Not at Intersection,N,Unknown,None,,,         ,Noah,Melton,Clear,Angle,no,no,no,no,no,False
101632351,METROPOLITAN NASHVILLE POLICE DEPT,20170390590,Davidson,Goodlettsville,5/2/2017 6:30:00 PM,2,0,0,36.290750,-86.722310,I 65,,,,0.00,,,,,,,94.30,N,Not at Intersection, ,Non-Junction,None,,,         ,Rodney,Phipps,Clear,Front to Rear,no,no,no,no,no,False
101632358,METROPOLITAN NASHVILLE POLICE DEPT,20170390574,Davidson,Nashville,5/2/2017 5:55:00 PM,3,0,0,36.109270,-86.727280,BRILEY PKWYN,,,,234.00,Feet,East,TALLWOOD DR,,,,0.00,N,Not at Intersection,N,Non-Junction,None,,,         ,Benjamin,Froehlich,Clear,Front to Rear,no,no,no,no,no,False
101632363,METROPOLITAN NASHVILLE POLICE DEPT,20170390259,Davidson,Not in City Limit,5/2/2017 12:00:00 AM,1,0,0,36.283390,-86.713230,MACFIE DR,,,,0.00,,,MACFIE CT,,,,0.00,Y,T-Intersection,N,Intersection,None,,,         ,Joel,Callies,Clear,Not Collision with Motor Vehicle in Transport,no,no,no,no,no,False
101632365,METROPOLITAN NASHVILLE POLICE DEPT,20170390756,Davidson,Nashville,5/2/2017 6:42:00 PM,1,0,0,36.146560,-86.790750,GRAND AV,,,,168.00,Feet,East,VILLA PL,,,,0.00,N,Not at Intersection, ,Non-Junction,None,,,         ,Tien,Nguyen,Clear,Not Collision with Motor Vehicle in Transport,no,no,no,no,no,False
101632367,METROPOLITAN NASHVILLE POLICE DEPT,20170390464,Davidson,Nashville,5/2/2017 5:09:00 PM,2,2,0,36.158410,-86.790610,CHURCH ST,,,,0.00,Feet,,GEORGE L DAVIS BLVD,,,,0.00,Y,Four-Way,N,Intersection,None,,,         ,Jason,Hogan,Clear,Front to Rear,no,no,no,no,no,False
101632375,METROPOLITAN NASHVILLE POLICE DEPT,20170390607,Davidson,Nashville,5/2/2017 4:45:00 PM,2,0,0,36.173590,-86.602150,CENTRAL PKE,,,,0.00,,,OLD HICKORY BLVD,,,,0.00,Y,Four-Way,N,OtherLocation,None,,,         ,Christopher,Mackey,Clear,Other,no,no,no,no,yes,False
101632376,METROPOLITAN NASHVILLE POLICE DEPT,20170390697,Davidson,Nashville,5/2/2017 7:10:00 PM,1,0,0,36.125700,-86.805240,21ST AVS,,,,84.00,Feet,South,SWEETBRIAR AV,,,,0.00,N,Not at Intersection,N,Non-Junction,None,,,         ,Nicholas,Carroll,Clear,Not Collision with Motor Vehicle in Transport,no,no,no,yes,no,False
101632378,METROPOLITAN NASHVILLE POLICE DEPT,20170390559,Davidson,Nashville,5/2/2017 6:25:00 PM,2,0,0,36.071140,-86.690740,I 24,,,,0.00,,,,,,,56.85,N,Not at Intersection, ,Non-Junction,None,,,         ,Alyson,Cook,Clear,Front to Rear,no,no,no,no,no,False
101632379,METROPOLITAN NASHVILLE POLICE DEPT,20170390281,Davidson,Nashville,5/2/2017 4:00:00 PM,3,0,0,36.140260,-86.731190,I 24,,,,0.00,,,,,,,51.55,N,Not at Intersection,N,Non-Junction,None,,,         ,Aimee,Ortiz,Clear,Front to Rear,no,no,no,no,yes,False
101632383,METROPOLITAN NASHVILLE POLICE DEPT,20170390759,Davidson,Nashville,5/2/2017 7:40:00 PM,1,0,0,36.088260,-86.701490,I24 W ENT RAMP,,,,0.00,Feet,East,I 24,,,,0.00,N,Not at Intersection,N,Non-Junction,None,,,         ,Alyson,Cook,Clear,Not Collision with Motor Vehicle in Transport,no,no,no,no,no,False
101632387,METROPOLITAN NASHVILLE POLICE DEPT,20170390512,Davidson,Nashville,5/2/2017 6:08:00 PM,3,1,0,36.199930,-86.770020,DICKERSON PKE,,,,98.00,Feet,South,GATEWOOD AV,,,,0.00,N,Not at Intersection,N,Non-Junction,None,,,         ,Andrew,Anoskey,Clear,Angle,no,no,no,no,no,False
101632395,METROPOLITAN NASHVILLE POLICE DEPT,20170390638,Davidson,Nashville,5/2/2017 6:50:00 PM,3,0,0,36.082640,-86.764720,HARDING PL,,,,117.00,Feet,East,I65 S ENT RAMP,,,,0.00,N,Not at Intersection,N,Non-Junction,None,,,         ,Miguel,Garcia,Clear,Front to Rear,no,no,no,no,no,False
101632407,METROPOLITAN NASHVILLE POLICE DEPT,20170390611,Davidson,Nashville,5/2/2017 3:12:00 PM,2,0,0,36.106840,-86.674560,MURFREESBORO PKE,,,,497.00,Feet,West,DONELSON PKE,,,,0.00,N,Not at Intersection, ,Non-Junction,None,,,         ,Alyson,Cook,Clear,Front to Rear,no,no,no,no,no,False
101632418,METROPOLITAN NASHVILLE POLICE DEPT,20170390696,Davidson,Not in City Limit,5/2/2017 6:47:00 PM,1,0,0,36.310830,-86.882630,CLARKSVILLE PKE,,,,279.00,Feet,South,RAWLINGS RD,,,,0.00,N,Not at Intersection, ,Non-Junction,None,,,         ,Andrew,Delke,Clear,Not Collision with Motor Vehicle in Transport,no,no,no,no,no,False
101632428,METROPOLITAN NASHVILLE POLICE DEPT,2017-0390863,Davidson,Nashville,5/2/2017 8:25:00 PM,2,0,0,36.156340,-86.782110,9TH AVS,,,,0.00,,,DEMONBREUN ST,,,,0.00,Y,T-Intersection,N,Intersection,None,,,         ,Chad,Wilkinson,Clear,Front to Rear,no,no,no,no,yes,False
101632432,METROPOLITAN NASHVILLE POLICE DEPT,20170390826,Davidson,Nashville,5/2/2017 6:35:00 PM,2,0,0,36.233010,-86.758680,DICKERSON PKE,,,,49.00,Feet,South,MAPLEWOOD TRC,,,,0.00,N,Not at Intersection, ,Non-Junction,None,,,         ,Christopher,Valdez,Clear,Angle,no,no,no,no,yes,False
101632441,METROPOLITAN NASHVILLE POLICE DEPT,20170390573,Davidson,Nashville,5/2/2017 6:40:00 PM,2,0,0,36.154990,-86.627130,I40 E EXT RAMP,,,,0.00,,,I 40,,,,0.00,Y,T-Intersection, ,Entrance/Exit Ramp Related,None,,,         ,Christopher,Augustin,Clear,Front to Rear,no,no,no,no,no,False
101632443,METROPOLITAN NASHVILLE POLICE DEPT,20170390399,Davidson,Nashville,5/2/2017 5:05:00 PM,2,0,0,36.156340,-86.782110,9TH AVS,,,,0.00,,,DEMONBREUN ST,,,,0.00,Y,T-Intersection, ,Non-Junction,None,,,         ,Jacob,Paul,Clear,"Sideswipe, Same Direction",no,no,no,no,no,False
101632481,METROPOLITAN NASHVILLE POLICE DEPT,20170390321,Davidson,Nashville,5/2/2017 4:19:00 PM,2,0,0,36.105500,-86.815870,BANDYWOOD DR,,,,235.00,Feet,South,ABBOTT MARTIN RD,,,,0.00,N,Not at Intersection,N,Non-Junction,None,,,         ,Walter,Gray II,Clear,Other,no,no,no,yes,yes,False
101632482,METROPOLITAN NASHVILLE POLICE DEPT,20170390498,Davidson,Nashville,5/2/2017 5:43:00 PM,3,0,0,36.155330,-86.829980,I440 W EXT RAMP,,,,0.00,,,I 40,,,,0.00,Y,OTHER, ,Non-Junction,None,,,         ,Walter,Gray II,Clear,Front to Rear,no,no,no,no,no,False
101632483,METROPOLITAN NASHVILLE POLICE DEPT,20170390555,Davidson,Nashville,5/2/2017 5:43:00 PM,2,0,0,36.155330,-86.829980,I440 W EXT RAMP,,,,0.00,Feet,East,I 40,,,,0.00,N,Not at Intersection, ,,None,,,         ,Walter,Gray II,,,no,no,no,no,no,False
101632486,METROPOLITAN NASHVILLE POLICE DEPT,20170390981,Davidson,Nashville,5/2/2017 8:55:00 PM,1,0,0,36.061700,-86.740300,EDMONDSON PKE,,,,0.00,,,ELLINGTON AG CENTER PVTDR,,,,0.00,Y,T-Intersection, ,Non-Junction,None,,,         ,Hillary,Sherman,Clear,Not Collision with Motor Vehicle in Transport,no,no,no,no,no,False
101632516,METROPOLITAN NASHVILLE POLICE DEPT,20170390944,Davidson,Nashville,5/2/2017 8:30:00 PM,1,1,0,36.253300,-86.896430,OLD HICKORY BLVD,,,,1017.00,Feet,South,BLUE BERRY HILL RD,,,,0.00,N,Not at Intersection,N,Non-Junction,None,,,         ,Andrew,Delke,Clear,Not Collision with Motor Vehicle in Transport,no,no,no,no,no,False
101632529,METROPOLITAN NASHVILLE POLICE DEPT,20170390730,Davidson,Nashville,5/2/2017 7:18:00 PM,2,0,0,36.153660,-86.846070,I 40,,,,0.00,,,,,,,204.60,N,Not at Intersection,N,Non-Junction,None,,,         ,Walter,Gray II,Clear,Other,no,no,no,no,no,False
101632536,METROPOLITAN NASHVILLE POLICE DEPT,20170391123,Davidson,Nashville,5/2/2017 8:03:00 PM,2,0,0,36.170850,-86.601390,I40 W EXT RAMP,,,,0.00,,,I 40,,,,0.00,Y,Y-Intersection, ,,None,,,         ,Brian,Smith,,,no,no,no,no,no,False
101632544,GOODLETTSVILLE POLICE DEPT,17-15571,Davidson,Goodlettsville,5/2/2017 8:59:00 PM,1,0,0,36.358733,-86.719868,,,I65 N,,0.00,,,,,,,99.50,N,Not at Intersection, ,Non-Junction,None,,,         ,Shane,Farrell,Clear,Not Collision with Motor Vehicle in Transport,no,no,no,no,no,False
101632551,METROPOLITAN NASHVILLE POLICE DEPT,20170390979,Davidson,Nashville,5/2/2017 9:10:00 PM,1,3,0,36.244610,-86.780260,BRICK CHURCH PKE,,,,146.00,Feet,North,BRICK CHURCH LN,,,,0.00,N,Not at Intersection,N,Non-Junction,None,,,         ,Rodney,Phipps,Clear,Not Collision with Motor Vehicle in Transport,no,no,no,no,no,False
101632554,METROPOLITAN NASHVILLE POLICE DEPT,20170391111,Davidson,Nashville,5/2/2017 9:56:00 PM,1,1,0,36.191560,-86.785920,I 65,,,,0.00,,,,,,,86.00,N,Not at Intersection,N,Non-Junction,None,,,         ,Victor,Alexander,Clear,Not Collision with Motor Vehicle in Transport,no,no,no,no,no,False
101632601,METROPOLITAN NASHVILLE POLICE DEPT,20170391287,Davidson,Not in City Limit,5/2/2017 11:00:00 PM,1,0,0,36.088850,-86.992500,NEWSOM STATION RD,,,,1915.00,Feet,West,BUFFALO RD,,,,0.00,N,Not at Intersection, ,Non-Junction,None,,,         ,Jackson,Smythe,Clear,Not Collision with Motor Vehicle in Transport,no,no,no,no,no,False
101632610,METROPOLITAN NASHVILLE POLICE DEPT,20170391177,Davidson,Nashville,5/2/2017 10:28:00 PM,2,1,0,36.151340,-86.768360,2ND AVS,,,,0.00,,,I40 E ENT RAMP,,,,0.00,Y,Four-Way,Y,Entrance/Exit Ramp Related,None,,,         ,Bo,Branum,Clear,HeadOn,no,no,no,no,no,False
101632613,METROPOLITAN NASHVILLE POLICE DEPT,2017-0391176,Davidson,Nashville,5/2/2017 10:31:00 PM,2,1,0,36.158290,-86.771890,1ST AVS,,,,0.00,,,KOREAN VETERANS BLVD,,,,0.00,Y,Four-Way,N,Intersection,None,,,         ,William,Whitworth,Clear,Front to Rear,no,no,no,no,no,False
101632615,GOODLETTSVILLE POLICE DEPT,17-15560,Davidson,Goodlettsville,5/2/2017 6:24:00 PM,4,1,0,36.293669,-86.718503,,,I65 N,,0.00,,,,,,,94.60,N,Not at Intersection,N,Non-Junction,None,,,         ,Shane,Farrell,Clear,Front to Rear,no,no,no,no,no,False
101632626,METROPOLITAN NASHVILLE POLICE DEPT,20170391508,Davidson,Not in City Limit,5/3/2017 12:35:00 AM,1,1,0,36.095200,-87.004710,HIGHWAY 70,,,,793.00,Feet,East,HEATH RD,,,,0.00,N,Not at Intersection,N,Non-Junction,None,,,         ,Jackson,Smythe,Clear,Not Collision with Motor Vehicle in Transport,no,no,no,no,no,False
101632628,METROPOLITAN NASHVILLE POLICE DEPT,20170391486,Davidson,Nashville,5/3/2017 12:25:00 AM,2,0,0,36.154030,-86.787570,I40 W EXT RAMP,,,,0.00,,,I 40,,,,0.00,Y,T-Intersection, ,Intersection-Related,None,,,         ,John,Anderson,Clear,"Sideswipe, Same Direction",no,no,no,no,no,False
101632629,METROPOLITAN NASHVILLE POLICE DEPT,20170391321,Davidson,Nashville,5/2/2017 11:25:00 PM,2,0,0,36.129490,-86.903310,CHARLOTTE PKE,,,,0.00,Feet,,DAVIDSON DR,,,,0.00,Y,T-Intersection,N,Intersection,None,,,         ,Albert,Wilson,Clear,Front to Rear,no,no,no,no,no,False
101632634,METROPOLITAN NASHVILLE POLICE DEPT,20170391323,Davidson,Nashville,5/2/2017 11:20:00 PM,2,2,0,36.161200,-86.792680,GEORGE L DAVIS BLVD,,,,0.00,,,CHARLOTTE AV,,,,0.00,Y,Four-Way,N,Intersection,None,,,         ,Travis,Baxter,Clear,Angle,no,no,no,no,no,False
101632638,METROPOLITAN NASHVILLE POLICE DEPT,20170391645,Davidson,Nashville,5/3/2017 1:15:00 AM,1,0,0,36.075360,-86.629520,CLEARWATER DR,,,,15.00,Feet,North,EDGE MOOR DR,,,,0.00,N,Not at Intersection,N,Non-Junction,None,,,         ,Charles,Shaw,Clear,Not Collision with Motor Vehicle in Transport,no,no,no,no,no,False
101632642,METROPOLITAN NASHVILLE POLICE DEPT,20170391573,Davidson,Nashville,5/3/2017 12:57:00 AM,2,0,0,36.144930,-86.766660,4TH AVS,,,,0.00,,,CHESTNUT ST,,,,0.00,Y,Four-Way,N,Intersection,None,,,         ,Kayla,Castro,Clear,Angle,no,no,no,no,no,False
101632645,METROPOLITAN NASHVILLE POLICE DEPT,20170391614,Davidson,Nashville,5/3/2017 1:10:00 AM,2,1,0,36.069190,-86.689490,I24 E EXT RAMP,,,,0.00,,,I 24,,,,0.00,Y,Four-Way,Y,Intersection,None,,,         ,Daniel,Garrett,Clear,Front to Rear,no,no,no,no,no,False
101632646,METROPOLITAN NASHVILLE POLICE DEPT,20170391606,Davidson,Nashville,5/3/2017 12:30:00 AM,2,0,0,36.152120,-86.772230,LAFAYETTE ST,,,,0.00,,,ASH ST,,,,0.00,Y,Four-Way, ,Intersection,None,,,         ,Jeremy,King,Clear,Angle,no,no,no,no,no,False
101632649,METROPOLITAN NASHVILLE POLICE DEPT,20170391237,Davidson,Not in City Limit,5/2/2017 10:50:00 PM,2,1,0,36.263660,-86.687150,STATE RT 45,,,,0.00,,,ARCHWOOD DR,,,,0.00,Y,Four-Way,Y,Intersection-Related,None,,,         ,Nicholas,Diamond,Clear,Other,no,no,no,no,no,False
101632652,METROPOLITAN NASHVILLE POLICE DEPT,20170391804,Davidson,Antioch,5/3/2017 2:49:00 AM,2,0,0,36.012960,-86.610830,HEIL QUAKER BLVD,BLVD,,,0.00,,,FIRESTONE PKWY,PKWY,,,0.00,Y,Four-Way,N,Intersection,None,,,         ,William,Coy,Clear,Angle,no,no,no,no,no,False
101632695,METROPOLITAN NASHVILLE POLICE DEPT,20170391536,Davidson,Nashville,5/3/2017 12:47:00 AM,1,1,0,36.073230,-86.678670,WAIKIKI BLVD,,,,0.00,,,,,,,0.00,,,N,Non-Junction,None,,,         ,Dezmond,Hughes,Clear,Not Collision with Motor Vehicle in Transport,no,no,no,no,yes,False
101632744,METROPOLITAN NASHVILLE POLICE DEPT,20170392295,Davidson,Nashville,5/3/2017 7:33:00 AM,2,0,0,36.192320,-86.616300,OLD HICKORY BLVD,,,,0.00,,,JUAREZ DR,,,,0.00,Y,Four-Way, ,Intersection,None,,,         ,Michael,Dance,Clear,Front to Rear,no,no,no,no,no,False
101632753,METROPOLITAN NASHVILLE POLICE DEPT,20170392236,Davidson,Nashville,5/3/2017 6:45:00 AM,2,0,0,36.099230,-86.710760,I 24,,,,0.00,,,,,,,54.60,N,Not at Intersection, ,Non-Junction,None,,,         ,Michael,Dudley,Clear,Angle,no,no,no,no,no,False
101632755,GOODLETTSVILLE POLICE DEPT,17-15618,Davidson,Goodlettsville,5/3/2017 7:12:00 AM,2,0,0,36.324860,-86.702270,LONG HOLLOW PKE,,,,49.00,Feet,East,NORTHGATE DR,,,,0.00,N,Not at Intersection, ,Non-Junction,None,,,         ,John,Spencer,Clear,Front to Rear,no,no,no,no,no,False
101632776,METROPOLITAN NASHVILLE POLICE DEPT,20170392432,Davidson,Nashville,5/3/2017 8:17:00 AM,2,0,0,36.152720,-86.854640,BRILEY PKWY S EXT RAMP,,,,0.00,Feet,East,I 40,,,,0.00,N,Not at Intersection,N,Non-Junction,None,,,         ,Curtis,Rich,Clear,Front to Rear,no,no,no,no,no,False
101632788,METROPOLITAN NASHVILLE POLICE DEPT,20170392415,Davidson,Nashville,5/3/2017 7:45:00 AM,2,0,0,36.038120,-86.601540,MURFREESBORO PKE,,,,540.00,Feet,South,OLD HICKORY BLVD,,,,0.00,N,Not at Intersection,N,Non-Junction,None,,,         ,Robert,Erickson,Clear,Front to Rear,no,no,no,no,no,False
101632792,METROPOLITAN NASHVILLE POLICE DEPT,20170392388,Davidson,Nashville,5/3/2017 8:07:00 AM,2,0,0,36.188650,-86.775440,I65 S ENT RAMP,,,,0.00,,,I 24,,,,0.00,Y,Y-Intersection, ,Intersection-Related,None,,,         ,Richard,Conger,Clear,"Sideswipe, Same Direction",no,no,no,no,no,False
101632797,THP District 3 - Nashville,317025361,Davidson,Nashville,4/30/2017 9:25:00 AM,2,0,0,36.037580,-86.785110,OLD HICKORY BLVD,,,,0.00,,,I65 S ENT RAMP,,,,0.00,Y,Four-Way,Y,Intersection-Related,None,,,         ,Charles,Spires,Cloudy,Front to Rear,no,no,no,no,no,False
101632800,METROPOLITAN NASHVILLE POLICE DEPT,2017392445,Davidson,Nashville,5/3/2017 8:08:00 AM,2,0,0,36.157060,-86.790490,I40 E EXT RAMP,,,,0.00,Feet,East,I 40,,,,0.00,N,Not at Intersection, ,,None,,,         ,Erik,Wagner,,,no,no,no,no,no,False
101632801,METROPOLITAN NASHVILLE POLICE DEPT,20170392482,Davidson,Nashville,5/3/2017 8:30:00 AM,2,0,0,36.137330,-86.821270,I440 W ENT RAMP,,,,0.00,Feet,East,I 440,,,,0.00,N,Not at Intersection, ,Non-Junction,None,,,         ,Paul,Junkmann,Cloudy,Front to Rear,no,no,no,no,no,False
101632804,VANDERBILT UNIVERSITY POLICE,2017-0388908,Davidson,Nashville,5/2/2017 8:00:00 AM,1,0,0,36.144180,-86.806370,25TH AVS,,,,270.00,Feet,South,VANDERBILT PL,,,,0.00,N,Not at Intersection, ,Non-Junction,None,,,         ,Linda,Jennings,Clear,Not Collision with Motor Vehicle in Transport,no,no,no,no,no,Campus
101632806,METROPOLITAN NASHVILLE POLICE DEPT,2017-0392471,Davidson,Nashville,5/3/2017 8:27:00 AM,2,0,0,36.065250,-86.717360,NOLENSVILLE PKE,,,,542.00,Feet,South,NORTHCREST DR,,,,0.00,N,Not at Intersection,N,Non-Junction,None,,,         ,Stanley,Collins,Clear,Front to Rear,no,no,no,no,no,False