master_record_number,agency,agency_tracking_number,county,city,collision_date,vehicles_involved,number_injured,number_dead,latitude,longitude,roadway_name,roadway_suffix,roadway_number,roadway_local_id,distance_from_reference,miles-feet_indicator,direction_from_reference,intersection_road_name,intersection_road_name_suffix,intersection_road_number,intersection_local_id,mile_marker,intersection_indicator,intersect_type,interchange_related_indicator,relation_to_junction,work_zone_type,construction_maintenance_zone,construction_maintenance_zone_location,fatal_case_number,officer_first_name,officer_last_name,weather_condition(s),manner_of_crash,pedestrian,bicycle,scooter,parking,hitrun,mou
101632813,METROPOLITAN NASHVILLE POLICE DEPT,20170392189,Davidson,Nashville,5/3/2017 6:27:00 AM,2,0,0,36.039780,-86.781480,I65 N EXT RAMP,,,,0.00,,,I 65,,,,0.00,Y,Y-Intersection, ,,None,,,         ,Darrell,Osment,,,no,no,no,no,no,False
101632814,METROPOLITAN NASHVILLE POLICE DEPT,20170392329,Davidson,Nashville,5/3/2017 7:33:00 AM,2,0,0,36.038820,-86.783930,I65 S EXT RAMP,,,,0.00,,,OLD HICKORY BLVD,,,,0.00,Y,Y-Intersection, ,Intersection-Related,None,,,         ,Darrell,Osment,Clear,Front to Rear,no,no,no,no,no,False
101632820,THP District 9 - Administrative,317026004,Davidson,Nashville,5/3/2017 7:45:00 AM,1,0,0,36.154430,-86.740090,LEBANON PKE,,,,150.00,Feet,West,OMOHUNDRO PL,,,,0.00,N,Not at Intersection,N,Non-Junction,None,,,         ,James,Gatlin,Clear,Not Collision with Motor Vehicle in Transport,no,no,no,no,no,False
101632821,METROPOLITAN NASHVILLE POLICE DEPT,20170392313,Davidson,Nashville,5/3/2017 7:40:00 AM,2,4,0,36.166230,-86.765790,SHELBY AV,,,,0.00,,,INTERSTATE DR,,,,0.00,Y,Four-Way,Y,Intersection,None,,,         ,Steven,Folliard,Clear,HeadOn,no,no,no,no,no,False
101632824,METROPOLITAN NASHVILLE POLICE DEPT,20170392286,Davidson,Nashville,5/3/2017 7:15:00 AM,2,0,0,36.071870,-86.636180,BELL RD,,,,0.00,,,MURFREESBORO PKE,,,,0.00,Y,Four-Way, ,Intersection,None,,,         ,Randall,Combs,Clear,Other,no,no,no,no,no,False
101632826,METROPOLITAN NASHVILLE POLICE DEPT,20170392521,Davidson,Nashville,5/3/2017 7:00:00 AM,2,0,0,36.105910,-86.742650,NOLENSVILLE PKE,,,,181.00,Feet,South,MORTON AV,,,,0.00,N,Not at Intersection,N,Non-Junction,None,,,         ,James,Thomas,Clear,Angle,no,no,no,no,yes,False
101632829,METROPOLITAN NASHVILLE POLICE DEPT,20170392407,Davidson,Nashville,5/3/2017 8:16:00 AM,2,0,0,36.245780,-86.756480,DICKERSON PKE,,,,323.00,Feet,South,SKYLINE COMMONS PVTDR,,,,0.00,N,Not at Intersection, ,Non-Junction,None,,,         ,Richard,Conger,Clear,"Sideswipe, Same Direction",no,no,no,no,yes,False
101632830,METROPOLITAN NASHVILLE POLICE DEPT,20170392608,Davidson,Nashville,5/3/2017 9:33:00 AM,2,1,0,36.148080,-86.867390,BALMY AV,,,,32.00,Feet,South,CHARLOTTE PKE,,,,0.00,N,Not at Intersection,N,Non-Junction,None,,,         ,Curtis,Rich,Clear,Angle,no,no,no,no,no,False
101632833,METROPOLITAN NASHVILLE POLICE DEPT,20170392312,Davidson,Nashville,5/3/2017 7:40:00 AM,2,0,0,36.252490,-86.829900,WHITES CREEK PKE,,,,0.00,,,BUENA VISTA PKE,,,,0.00,Y,Four-Way,N,Intersection,None,,,         ,Jeanine,Sarno,Clear,Angle,no,no,no,no,no,False
101632836,METROPOLITAN NASHVILLE POLICE DEPT,20170392375,Davidson,Nashville,5/3/2017 8:01:00 AM,4,1,0,36.165490,-86.794570,I 40,,,,0.00,,,,,,,208.40,N,Not at Intersection,N,Non-Junction,None,,,         ,Michael,McCord,Clear,Front to Rear,no,no,no,no,no,False
101632846,METROPOLITAN NASHVILLE POLICE DEPT,20170392387,Davidson,Nashville,5/3/2017 8:00:00 AM,2,0,0,36.110840,-86.743780,THOMPSON LN,,,,241.00,Feet,West,FOSTER AV,,,,0.00,N,Not at Intersection, ,Non-Junction,None,,,         ,Todd,Watson,Clear,"Sideswipe, Same Direction",no,no,no,no,no,False
101632874,METROPOLITAN NASHVILLE POLICE DEPT,20170392389,Davidson,Madison,5/3/2017 8:08:00 AM,2,1,0,36.264260,-86.736020,OLD HICKORY BLVDW,,,,33.00,Feet,East,I65 N ENT RAMP,,,,0.00,N,Not at Intersection,N,Non-Junction,None,,,         ,Faye,Denson,Clear,Front to Rear,no,no,no,no,no,False
101632892,METROPOLITAN NASHVILLE POLICE DEPT,20170392273,Davidson,Nashville,5/3/2017 7:20:00 AM,3,0,0,36.065270,-86.685080,I 24,,,,0.00,,,,,,,57.40,N,Not at Intersection,N,Non-Junction,None,,,         ,Roy,McElwee,Clear,Front to Rear,no,no,no,no,no,False
101632897,METROPOLITAN NASHVILLE POLICE DEPT,20170392436,Davidson,Not in City Limit,5/3/2017 8:20:00 AM,2,0,0,36.323090,-86.862730,I 24,,,,0.00,,,,,,,35.25,N,Not at Intersection, ,Non-Junction,None,,,         ,Jeanine,Sarno,Clear,"Sideswipe, Same Direction",no,no,no,no,no,False
101632898,METROPOLITAN NASHVILLE POLICE DEPT,2017392767,Davidson,Nashville,5/3/2017 9:44:00 AM,2,0,0,36.143850,-86.797710,EDGEHILL AV,,,,0.00,,,19TH AVS,,,,0.00,Y,Four-Way, ,Non-Junction,None,,,         ,Erik,Wagner,Clear,Angle,no,no,no,no,no,Campus
101632907,METROPOLITAN NASHVILLE POLICE DEPT,20170392721,Davidson,Nashville,5/3/2017 10:35:00 AM,1,0,0,36.153390,-86.820880,CITY AV,,,,0.00,,,CHARLOTTE AV,,,,0.00,Y,T-Intersection, ,,Work Zone,,,         ,Chase,Burnett,,,no,no,no,no,no,False
101632910,METROPOLITAN NASHVILLE POLICE DEPT,20170392787,Davidson,Nashville,5/3/2017 9:20:00 AM,2,1,0,36.169880,-86.808430,I 40,,,,0.00,,,,,,,207.20,N,Not at Intersection,N,Non-Junction,None,,,         ,William,Caillouette,Clear,Front to Rear,no,no,no,no,no,False
101632915,METROPOLITAN NASHVILLE POLICE DEPT,20170392885,Davidson,Nashville,5/3/2017 11:00:00 AM,2,0,0,36.175840,-86.692810,BRILEY PKWYS,,,,0.74,Miles,South,BRILEY PKWYN,,,,0.00,N,Not at Intersection,N,Non-Junction,None,,,         ,Michael,Dance,Clear,"Sideswipe, Same Direction",no,no,no,no,yes,False
101632920,METROPOLITAN NASHVILLE POLICE DEPT,20170392892,Davidson,Nashville,5/3/2017 11:00:00 AM,2,1,0,36.038410,-86.784200,I65 S EXT RAMP,,,,0.00,,,OLD HICKORY BLVD,,,,0.00,Y,OTHER,Y,Entrance/Exit Ramp Related,None,,,         ,Earl,Davis,Clear,Front to Rear,no,no,no,no,no,False
101632921,METROPOLITAN NASHVILLE POLICE DEPT,20170392928,Davidson,Nashville,5/3/2017 11:19:00 AM,2,0,0,36.116890,-86.922940,CHARLOTTE PKE,,,,114.00,Feet,East,OLD HICKORY BLVD,,,,0.00,N,Not at Intersection, ,,None,,,         ,Curtis,Rich,,,no,no,no,no,no,False
101632954,METROPOLITAN NASHVILLE POLICE DEPT,20170392404,Davidson,Nashville,5/3/2017 8:13:00 AM,2,1,0,36.123780,-86.703840,VULTEE BLVD,,,,0.00,,,KERMIT DR,,,,0.00,Y,Four-Way,N,Intersection,None,,,         ,James,Curtis,Clear,HeadOn,no,no,no,no,no,False
101632955,METROPOLITAN NASHVILLE POLICE DEPT,20170392808,Davidson,Nashville,5/3/2017 10:32:00 AM,2,0,0,36.146570,-86.742620,I 40,,,,0.00,,,,,,,212.10,N,Not at Intersection, ,Non-Junction,None,,,         ,James,Curtis,Clear,Front to Rear,no,no,no,no,no,False
101632964,BERRY HILL POLICE DEPT,17-1467,Davidson,Berry Hill,5/3/2017 9:47:00 AM,2,0,0,36.118860,-86.774590,BERRY RD,,,,0.00,,,FRANKLIN PKE,,,,0.00,Y,T-Intersection, ,Entrance/Exit Ramp Related,None,,,         ,Ronnie,Hill,Cloudy,Front to Rear,no,no,no,no,no,False
101632985,METROPOLITAN NASHVILLE POLICE DEPT,20170392848,Davidson,Nashville,5/3/2017 10:45:00 AM,2,0,0,36.177530,-86.607110,FRIST BLVD,,,,641.00,Feet,West,I40 W ENT RAMP,,,,0.00,N,Not at Intersection, ,Non-Junction,None,,,         ,Samuel,Sundra,Clear,"Sideswipe, Same Direction",no,no,no,yes,no,False
101632990,METROPOLITAN NASHVILLE POLICE DEPT,20170392609,Davidson,Nashville,5/3/2017 9:11:00 AM,2,0,0,36.168450,-86.813560,I40 E EXT RAMP,,,,9.00,Feet,East,I 40,,,,0.00,N,Not at Intersection, ,Non-Junction,None,,,         ,Isaac,Wood,Clear,Front to Rear,no,no,no,no,no,False
101632993,METROPOLITAN NASHVILLE POLICE DEPT,20170392965,Davidson,Nashville,5/3/2017 11:30:00 AM,2,0,0,36.170720,-86.817590,W H DAVIS DR,,,,239.00,Feet,North,W HEIMAN ST,,,,0.00,N,Not at Intersection,N,Non-Junction,None,,,         ,Chase,Burnett,Clear,Other,no,no,no,yes,yes,False
101632994,METROPOLITAN NASHVILLE POLICE DEPT,20170393062,Davidson,Nashville,5/3/2017 11:55:00 AM,2,0,0,36.074480,-86.920940,OLD HICKORY BLVD,,,,0.00,,,HIGHWAY 70S,,,,0.00,Y,Four-Way, ,Intersection,None,,,         ,Curtis,Rich,Clear,Angle,no,no,no,no,yes,False
101633004,METROPOLITAN NASHVILLE POLICE DEPT,20170392749,Davidson,Nashville,5/3/2017 10:00:00 AM,2,0,0,36.125520,-86.728280,I 24,,,,0.00,,,,,,,52.50,N,Not at Intersection,N,Non-Junction,None,,,         ,Jessie,Meadows,Clear,"Sideswipe, Same Direction",no,no,no,no,yes,False
101633005,METROPOLITAN NASHVILLE POLICE DEPT,20170392948,Davidson,Nashville,5/3/2017 11:37:00 AM,2,0,0,36.144100,-86.748270,MURFREESBORO PKE,,,,213.00,Feet,West,PARRIS AV,,,,0.00,N,Not at Intersection,N,Non-Junction,None,,,         ,Jessie,Meadows,Clear,Angle,no,no,no,no,no,False
101633008,METROPOLITAN NASHVILLE POLICE DEPT,20170393071,Davidson,Nashville,5/3/2017 12:10:00 PM,2,0,0,36.110090,-86.766760,POWELL AV,,,,334.00,Feet,South,OLD POWELL AV,,,,0.00,N,Not at Intersection, ,Non-Junction,None,,,         ,Justin,Pinkelton,Clear,"Sideswipe, Same Direction",no,no,no,no,no,False
101633010,METROPOLITAN NASHVILLE POLICE DEPT,20170393058,Davidson,Nashville,5/3/2017 12:12:00 PM,1,1,0,36.161950,-86.751540,DAVIDSON STREET BIKE CNCTR,,,,489.00,Feet,West,DAVIDSON ST,,,,0.00,N,Not at Intersection,N,Non-Junction,None,,,         ,Richard,Conger,Clear,Not Collision with Motor Vehicle in Transport,no,yes,no,no,no,False
101633014,METROPOLITAN NASHVILLE POLICE DEPT,2017-0392884,Davidson,Nashville,5/3/2017 10:36:00 AM,2,0,0,36.124210,-86.806710,I440 W EXT RAMP,,,,0.00,,,I 440,,,,0.00,Y,OTHER, ,Entrance/Exit Ramp Related,None,,,         ,Allen,Bates,Clear,Front to Rear,no,no,no,no,no,False
101633017,METROPOLITAN NASHVILLE POLICE DEPT,20170392946,Davidson,Nashville,5/3/2017 11:23:00 AM,2,0,0,36.037400,-86.786570,FRANKLIN PKE,,,,0.00,,,OLD HICKORY BLVD,,,,0.00,Y,Four-Way, ,Intersection-Related,None,,,         ,Kevin,Crawford,Clear,Front to Rear,no,no,no,no,no,False
101633029,METROPOLITAN NASHVILLE POLICE DEPT,20170392934,Davidson,Nashville,5/3/2017 11:12:00 AM,2,0,0,36.235280,-86.764990,I 65,,,,0.00,,,,,,,89.50,N,Not at Intersection, ,Non-Junction,None,,,         ,Brandon,Wood,Clear,"Sideswipe, Same Direction",no,no,no,no,no,False
101633037,METROPOLITAN NASHVILLE POLICE DEPT,20170393182,Davidson,Nashville,5/3/2017 12:24:00 PM,2,0,0,36.038870,-86.782590,I 65,,,,0.00,,,,,,,74.60,N,Not at Intersection,Y,Non-Junction,None,,,         ,Darrell,Osment,Clear,Front to Rear,no,no,no,no,no,False
101633060,METROPOLITAN NASHVILLE POLICE DEPT,20170392925,Davidson,Nashville,5/3/2017 9:50:00 AM,2,0,0,36.207080,-86.748660,NORTH HILL DR,,,,163.00,Feet,West,AMBROSE AV,,,,0.00,N,Not at Intersection, ,Non-Junction,None,,,         ,Richard,Conger,Clear,Rear to Rear,no,no,no,no,no,False
101633092,METROPOLITAN NASHVILLE POLICE DEPT,2017-0392855,Davidson,Nashville,5/3/2017 10:22:00 AM,2,0,0,36.160770,-86.793690,14TH AVN,,,,3.00,Feet,North,CHARLOTTE AV,,,,0.00,N,Not at Intersection, ,Non-Junction,None,,,         ,Sean,Williams,Clear,Angle,no,no,no,no,no,False
101633093,METROPOLITAN NASHVILLE POLICE DEPT,20170392927,Davidson,Nashville,5/3/2017 11:01:00 AM,2,1,0,36.116290,-86.792330,I 440,,,,0.00,,,,,,,3.85,N,Not at Intersection,N,Non-Junction,None,,,         ,Phillip,Murphy,Clear,Front to Rear,no,no,no,no,no,False
101633099,METROPOLITAN NASHVILLE POLICE DEPT,20170393264,Davidson,Nashville,5/3/2017 12:55:00 PM,2,0,0,36.106690,-86.813350,HILLSBORO PKE,,,,341.00,Feet,North,ABBOTT MARTIN RD,,,,0.00,N,Not at Intersection, ,Non-Junction,None,,,         ,Curtis,Rich,Clear,Front to Rear,no,no,no,no,no,False
101633101,METROPOLITAN NASHVILLE POLICE DEPT,20170393240,Davidson,Nashville,5/3/2017 1:10:00 PM,2,0,0,36.154540,-86.779230,8TH AVS,,,,39.00,Feet,South,LAFAYETTE ST,,,,0.00,N,Not at Intersection,N,Non-Junction,None,,,         ,Kyle,Berkheiser,Clear,Front to Rear,no,no,no,no,no,False
101633105,METROPOLITAN NASHVILLE POLICE DEPT,20170393163,Davidson,Nashville,5/3/2017 12:40:00 PM,2,0,0,36.204780,-86.776670,I 65,,,,0.00,,,,,,,87.20,N,Not at Intersection, ,Non-Junction,None,,,         ,Michael,Parman,Clear,Angle,no,no,no,no,no,False
101633107,METROPOLITAN NASHVILLE POLICE DEPT,20170393017,Davidson,Nashville,5/3/2017 11:45:00 AM,2,0,0,36.109450,-86.728050,EAST THOMPSON LN,,,,0.00,,,THOMPSON LN,,,,0.00,Y,Four-Way,N,Intersection-Related,None,,,         ,Michael,Dudley,Clear,Front to Rear,no,no,no,no,no,False
101633108,BERRY HILL POLICE DEPT,17-1460,Davidson,Berry Hill,5/2/2017 2:10:00 PM,2,0,0,36.122560,-86.775860,FRANKLIN PKE,,,,0.00,,,BILOXI AV,,,,0.00,Y,T-Intersection, ,Intersection,None,,,         ,Ronnie,Hill,Cloudy,Angle,no,no,no,no,no,False
101633114,METROPOLITAN NASHVILLE POLICE DEPT,20170393340,Davidson,Nashville,5/3/2017 1:58:00 PM,1,0,0,36.200920,-86.739960,GALLATIN PKE,,,,12.00,Feet,South,BURCHWOOD AV,,,,0.00,N,Not at Intersection,N,Non-Junction,None,,,         ,Richard,Conger,Clear,Not Collision with Motor Vehicle in Transport,no,no,no,no,no,False
101633126,METROPOLITAN NASHVILLE POLICE DEPT,20170393207,Davidson,Nashville,5/3/2017 1:01:00 PM,2,1,0,36.205020,-86.776640,I 65,,,,0.00,,,,,,,87.20,N,Not at Intersection,N,Non-Junction,None,,,         ,Brandon,Evans,Clear,Front to Rear,no,no,no,no,no,False
101633147,BERRY HILL POLICE DEPT,17-1448,Davidson,Berry Hill,5/1/2017 1:47:00 PM,1,0,0,36.125200,-86.776740,FRANKLIN PKE,,,,0.00,,,INVERNESS AV,,,,0.00,Y,T-Intersection, ,Non-Junction,None,,,         ,Ronnie,Hill,Clear,Not Collision with Motor Vehicle in Transport,no,no,no,no,no,False
101633176,METROPOLITAN NASHVILLE POLICE DEPT,20170393356,Davidson,Nashville,5/3/2017 2:06:00 PM,2,0,0,36.144290,-86.738880,I 40,,,,0.00,,,,,,,212.35,N,Not at Intersection, ,Non-Junction,None,,,         ,Michael,Dance,Clear,"Sideswipe, Same Direction",no,no,no,no,no,False
101633186,METROPOLITAN NASHVILLE POLICE DEPT,2017-0393294,Davidson,Nashville,5/3/2017 12:39:00 PM,2,0,0,36.137570,-86.800760,WEDGEWOOD AV,,,,0.00,,,21ST AVS,,,,0.00,Y,Four-Way,N,Intersection-Related,None,,,         ,Allen,Bates,Clear,Angle,no,no,no,no,yes,Campus
101633209,METROPOLITAN NASHVILLE POLICE DEPT,20170393359,Davidson,Nashville,5/3/2017 3:06:00 PM,2,2,0,36.044960,-86.665060,BELL RD,,,,518.00,Feet,North,CEDAR POINTE PKWY,,,,0.00,N,Not at Intersection,N,Non-Junction,None,,,         ,Jessie,Meadows,Clear,Angle,no,no,no,no,no,False
101633211,METROPOLITAN NASHVILLE POLICE DEPT,20170393410,Davidson,Nashville,5/3/2017 2:22:00 PM,2,0,0,36.198440,-86.620270,LEBANON PKE,,,,0.00,,,OLD HICKORY BLVD,,,,0.00,Y,Four-Way, ,Intersection,None,,,         ,Wesley,Young,Clear,Front to Rear,no,no,no,no,no,False
101633220,METROPOLITAN NASHVILLE POLICE DEPT,20170393482,Davidson,Nashville,5/3/2017 2:11:00 PM,2,0,0,36.158990,-86.775890,DEMONBREUN ST,,,,0.00,,,4TH AVS,,,,0.00,Y,Four-Way, ,Non-Junction,None,,,         ,Michael,Baron,Clear,Angle,no,no,no,no,no,False
101633221,METROPOLITAN NASHVILLE POLICE DEPT,20170393529,Davidson,Nashville,5/3/2017 2:14:00 PM,2,0,0,36.217080,-86.696380,OPRYLAND DR,,,,0.00,,,MUSIC VALLEY DR,,,,0.00,Y,Four-Way, ,,None,,,         ,Brian,Smith,,,no,no,no,no,no,False
101633229,METROPOLITAN NASHVILLE POLICE DEPT,20170393460,Davidson,Nashville,5/3/2017 1:01:00 PM,2,0,0,36.152040,-86.800760,HAYES ST,,,,242.00,Feet,West,20TH AVN,,,,0.00,N,Not at Intersection, ,Non-Junction,None,,,         ,Tien,Nguyen,Cloudy,"Sideswipe, Same Direction",no,no,no,no,no,Campus
101633233,TENNESSEE STATE UNIVERSITY ,17-TSU-30922,Davidson,Nashville,5/3/2017 1:55:00 PM,2,0,0,36.163480,-86.824800,ALBION ST,,,,0.00,,,32ND AVN,,,,0.00,Y,OTHER, ,Non-Junction,None,,,         ,Harold,Taylor,Clear,Angle,no,no,no,yes,no,False
101633235,GOODLETTSVILLE POLICE DEPT,17-15654,Davidson,Goodlettsville,5/3/2017 1:25:00 PM,2,0,0,36.326230,-86.700580,NORTHCREEK BLVD,,,,0.00,Feet,,LONG HOLLOW PKE,,,,0.00,Y,T-Intersection,N,Intersection,None,,,         ,John,Spencer,Clear,Front to Rear,no,no,no,no,no,False
101633244,METROPOLITAN NASHVILLE POLICE DEPT,20170393447,Davidson,Nashville,5/3/2017 2:52:00 PM,3,3,0,36.114860,-86.719560,DRUMMOND DR,,,,0.00,,,EAST THOMPSON LN,,,,0.00,Y,Four-Way,N,Intersection,None,,,         ,Alyson,Cook,Clear,Angle,no,no,no,no,no,False
101633245,METROPOLITAN NASHVILLE POLICE DEPT,20170393504,Davidson,Nashville,5/3/2017 2:30:00 PM,2,0,0,36.157440,-86.770530,HERMITAGE AV,,,,0.00,,,PEABODY ST,,,,0.00,Y,OTHER,N,Non-Junction,None,,,         ,Kendra,Cowper,Clear,Angle,no,no,no,no,no,False
101633276,METROPOLITAN NASHVILLE POLICE DEPT,20170393556,Davidson,Nashville,5/3/2017 3:00:00 PM,2,0,0,36.144290,-86.695400,I 40,,,,0.00,,,,,,,215.00,N,Not at Intersection,N,Non-Junction,None,,,         ,Tyler,Maupin,Clear,"Sideswipe, Same Direction",no,no,no,no,no,False
101633285,METROPOLITAN NASHVILLE POLICE DEPT,20170393513,Davidson,Nashville,5/3/2017 2:17:00 PM,2,0,0,36.235100,-86.724750,GALLATIN PKE,,,,0.00,,,BRILEY PKWYE,,,,0.00,Y,OTHER, ,Non-Junction,None,,,         ,Greg,Lyons,Clear,Front to Rear,no,no,no,no,no,False
101633286,METROPOLITAN NASHVILLE POLICE DEPT,20170393634,Davidson,Nashville,5/3/2017 12:00:00 AM,2,0,0,36.157860,-86.743870,FESSLERS LN,,,,177.00,Feet,South,VISCO DR,,,,0.00,N,Not at Intersection, ,Non-Junction,None,,,         ,Craig,Gentry,Clear,Rear to Side,no,no,no,no,no,False
101633289,METROPOLITAN NASHVILLE POLICE DEPT,20170393645,Davidson,Nashville,5/3/2017 3:55:00 PM,2,0,0,36.078830,-86.745830,HARDING PL,,,,196.00,Feet,West,DANBY DR,,,,0.00,N,Not at Intersection,N,Non-Junction,None,,,         ,William,Taylor,Clear,Front to Rear,no,no,no,no,no,False
101633290,METROPOLITAN NASHVILLE POLICE DEPT,20170393659,Davidson,Nashville,5/3/2017 4:38:00 PM,2,0,0,36.130410,-86.727680,I 24,,,,0.00,,,,,,,51.15,N,Not at Intersection, ,Non-Junction,None,,,         ,Jessie,Meadows,Clear,Front to Rear,no,no,no,no,no,False
101633293,METROPOLITAN NASHVILLE POLICE DEPT,20170393540,Davidson,Nashville,5/3/2017 3:29:00 PM,2,1,0,36.097060,-86.967920,CHARLOTTE PKE,,,,341.00,Feet,West,BREWBOCK CT,,,,0.00,N,Not at Intersection,N,Non-Junction,None,,,         ,Walter,Gray II,Cloudy,Not Collision with Motor Vehicle in Transport,no,no,no,no,no,False
101633297,METROPOLITAN NASHVILLE POLICE DEPT,20170393682,Davidson,Not in City Limit,5/3/2017 3:47:00 PM,2,0,0,36.325790,-86.868770,I24 W EXT RAMP,,,,0.00,Feet,East,I 24,,,,0.00,N,Not at Intersection, ,Entrance/Exit Ramp Related,None,,,         ,Timothy,Morgan,Cloudy,Front to Rear,no,no,no,no,no,False
101633304,GOODLETTSVILLE POLICE DEPT,17-15652,Davidson,Goodlettsville,5/3/2017 12:13:00 PM,2,0,0,36.325640,-86.705760,I 65,,,,0.00,,,,,,,97.10,N,Not at Intersection, ,Entrance/Exit Ramp Related,None,,,         ,John,Spencer,Clear,"Sideswipe, Same Direction",no,no,no,no,no,False
101633318,METROPOLITAN NASHVILLE POLICE DEPT,20170393756,Davidson,Nashville,5/3/2017 4:44:00 PM,3,0,0,36.176240,-86.645700,LEBANON PKE,,,,0.00,,,,,,,0.00,,, ,Non-Junction,None,,,         ,Brian,Smith,Clear,Front to Rear,no,no,no,no,no,False
101633319,METROPOLITAN NASHVILLE POLICE DEPT,20170393729,Davidson,Nashville,5/3/2017 4:33:00 PM,2,0,0,36.033100,-86.774170,CHURCH STE,,,,1192.00,Feet,East,CLOVERLAND DR,,,,0.00,N,Not at Intersection, ,Non-Junction,None,,,         ,Tien,Nguyen,Clear,Front to Rear,no,no,no,no,no,False
101633354,METROPOLITAN NASHVILLE POLICE DEPT,20170393780,Davidson,Nashville,5/3/2017 4:48:00 PM,2,0,0,36.165860,-86.781910,CHARLOTTE AV,,,,0.00,Feet,West,5TH AVN,,,,0.00,N,Not at Intersection, ,,None,,,         ,Joshua,Hausman,,,no,no,no,no,no,False
101633362,METROPOLITAN NASHVILLE POLICE DEPT,20170393717,Davidson,Nashville,5/3/2017 5:56:00 PM,1,0,0,36.082880,-86.722730,WELCH RD,,,,57.00,Feet,East,FOXGLOVE DR,,,,0.00,N,Not at Intersection,N,Non-Junction,None,,,         ,Jessie,Meadows,Clear,Not Collision with Motor Vehicle in Transport,no,no,no,no,yes,False
101633364,METROPOLITAN NASHVILLE POLICE DEPT,20170393940,Davidson,Nashville,5/3/2017 5:12:00 PM,2,0,0,36.039690,-86.739170,OLD HICKORY BLVD,,,,0.00,,,HIGHLAND VILLA DR,,,,0.00,Y,Four-Way, ,Intersection-Related,None,,,         ,Tien,Nguyen,Clear,Front to Rear,no,no,no,no,no,False
101633366,METROPOLITAN NASHVILLE POLICE DEPT,20170393928,Davidson,Nashville,5/3/2017 5:34:00 PM,2,0,0,36.154890,-86.779150,8TH AVS,,,,0.00,,,KOREAN VETERANS BLVD,,,,0.00,Y,Roundabout, ,,None,,,         ,Derek,Betty,,,no,no,no,no,no,False
101633382,METROPOLITAN NASHVILLE POLICE DEPT,20170390884,Davidson,Nashville,5/2/2017 8:30:00 PM,2,2,0,36.152820,-86.683410,ELM HILL PKE,,,,0.00,,,MCGAVOCK PKE,,,,0.00,Y,Four-Way,N,Intersection,None,,,         ,Jonathan,Cavezza,Clear,Angle,no,no,no,no,no,False
101633383,METROPOLITAN NASHVILLE POLICE DEPT,20170393837,Davidson,Nashville,5/3/2017 5:03:00 PM,1,2,0,36.203040,-86.738810,GALLATIN PKE,,,,247.00,Feet,North,LITTON AV,,,,0.00,N,Not at Intersection,N,Non-Junction,None,,,         ,Christopher,Valdez,Clear,Not Collision with Motor Vehicle in Transport,yes,no,no,no,no,False
101633385,METROPOLITAN NASHVILLE POLICE DEPT,20170393855,Davidson,Nashville,5/3/2017 5:05:00 PM,2,0,0,36.137570,-86.800760,WEDGEWOOD AV,,,,0.00,Feet,,21ST AVS,,,,0.00,Y,Four-Way, ,Intersection,None,,,         ,Nicholas,Carroll,Clear,Front to Rear,no,no,no,no,no,Campus
101633391,VANDERBILT UNIVERSITY POLICE,17-0393849,Davidson,Nashville,5/3/2017 4:38:00 PM,2,0,0,36.139100,-86.810820,NATCHEZ TRC,,,,156.00,Feet,North,31ST AVS,,,,0.00,N,Not at Intersection, ,Non-Junction,None,,,         ,Cedric,Edwards,Clear,Front to Rear,no,no,no,no,no,Campus
101633401,METROPOLITAN NASHVILLE POLICE DEPT,20170394132,Davidson,Nashville,5/3/2017 5:25:00 PM,2,0,0,36.078590,-86.805690,OVERTON LEA RD,,,,0.00,,,GRANNY WHITE PKE,,,,0.00,Y,T-Intersection, ,Intersection-Related,None,,,         ,Tien,Nguyen,Cloudy,Angle,no,no,no,no,no,False
101633403,METROPOLITAN NASHVILLE POLICE DEPT,20170393989,Davidson,Goodlettsville,5/3/2017 5:50:00 PM,2,0,0,36.296150,-86.698580,MYATT DR,,,,71.00,Feet,North,RIVERGATE STATION PVTDR,,,,0.00,N,Not at Intersection, ,Non-Junction,None,,,         ,Jesse,Cox,Cloudy,Front to Rear,no,no,no,no,no,False
101633404,METROPOLITAN NASHVILLE POLICE DEPT,20170393990,Davidson,Nashville,5/3/2017 5:01:00 PM,2,0,0,36.189140,-86.593360,OLD LEBANON DIRT RD,,,,30.00,Feet,West,TULIP GROVE RD,,,,0.00,N,Not at Intersection, ,Non-Junction,None,,,         ,Kyle,Burks,Cloudy,Front to Rear,no,no,no,no,no,False
101633411,METROPOLITAN NASHVILLE POLICE DEPT,20170393744,Davidson,Nashville,5/3/2017 4:39:00 PM,1,0,0,36.083250,-86.725410,WELCH RD,,,,38.00,Feet,East,TRAVIS DR,,,,0.00,N,Not at Intersection, ,Non-Junction,None,,,         ,Alyson,Cook,Clear,Not Collision with Motor Vehicle in Transport,yes,no,no,yes,yes,False
101633426,METROPOLITAN NASHVILLE POLICE DEPT,20170393518,Davidson,Nashville,5/3/2017 3:19:00 PM,2,1,0,36.134280,-86.779090,WEDGEWOOD AV,,,,0.00,,,8TH AVS,,,,0.00,Y,Four-Way,N,Non-Junction,None,,,         ,David,Collins,Clear,Front to Rear,no,no,no,no,yes,False
101633428,VANDERBILT UNIVERSITY POLICE,2017-0393670,Davidson,Nashville,5/3/2017 4:20:00 PM,2,0,0,36.149740,-86.801970,WEST END AV,,,,0.00,,,,,,,0.00,,, ,Non-Junction,None,,,         ,Robert,Skucy,Clear,Rear to Rear,no,no,no,yes,no,Campus
101633429,METROPOLITAN NASHVILLE POLICE DEPT,20170394181,Davidson,Nashville,5/3/2017 6:01:00 PM,2,0,0,36.106710,-86.674260,MURFREESBORO PKE,,,,399.00,Feet,West,DONELSON PKE,,,,0.00,N,Not at Intersection, ,Non-Junction,None,,,         ,Alyson,Cook,Clear,Front to Rear,no,no,no,no,no,False