master_record_number,agency,agency_tracking_number,county,city,collision_date,vehicles_involved,number_injured,number_dead,latitude,longitude,roadway_name,roadway_suffix,roadway_number,roadway_local_id,distance_from_reference,miles-feet_indicator,direction_from_reference,intersection_road_name,intersection_road_name_suffix,intersection_road_number,intersection_local_id,mile_marker,intersection_indicator,intersect_type,interchange_related_indicator,relation_to_junction,work_zone_type,construction_maintenance_zone,construction_maintenance_zone_location,fatal_case_number,officer_first_name,officer_last_name,weather_condition(s),manner_of_crash,pedestrian,bicycle,scooter,parking,hitrun,mou
101634042,METROPOLITAN NASHVILLE POLICE DEPT,20170396770,Davidson,Nashville,5/4/2017 12:09:00 PM,2,0,0,36.182580,-86.735170,EASTLAND AV,,,,149.00,Feet,East,CHAPEL AV,,,,0.00,N,Not at Intersection, ,Non-Junction,None,,,         ,Richard,Conger,Cloudy,Front to Rear,no,no,no,no,no,False
101634048,METROPOLITAN NASHVILLE POLICE DEPT,20170396733,Davidson,Nashville,5/4/2017 12:00:00 PM,2,0,0,36.045600,-86.658470,I24 W EXT RAMP,,,,0.00,,,I 24,,,,0.00,Y,Four-Way,Y,Intersection,None,,,         ,Rickie,Corman,Rain,"Sideswipe, Opposite Direction",no,no,no,no,yes,False
101634061,METROPOLITAN NASHVILLE POLICE DEPT,20170395979,Davidson,Nashville,5/4/2017 6:57:00 AM,2,0,0,36.269810,-86.755430,DICKERSON PKE,,,,220.00,Feet,North,OLD HICKORY BLVD,,,,0.00,N,Not at Intersection, ,Non-Junction,None,,,         ,Faye,Denson,Rain,Angle,no,no,no,no,no,False
101634063,METROPOLITAN NASHVILLE POLICE DEPT,20170396039,Davidson,Nashville,5/4/2017 7:30:00 AM,3,0,0,36.077530,-86.774190,TYNE BLVD,,,,321.00,Feet,West,FRANKLIN PKE,,,,0.00,N,Not at Intersection,N,Non-Junction,None,,,         ,Darrell,Osment,Rain,Front to Rear,no,no,no,no,no,False
101634064,METROPOLITAN NASHVILLE POLICE DEPT,20170396311,Davidson,Nashville,5/4/2017 9:13:00 AM,3,0,0,36.074570,-86.750490,BRIARWOOD DR,,,,0.00,,,BLACKMAN RD,,,,0.00,Y,Four-Way,N,Intersection,None,,,         ,Darrell,Osment,Rain,Front to Rear,no,no,no,no,no,False
101634068,METROPOLITAN NASHVILLE POLICE DEPT,20170396898,Davidson,Nashville,5/4/2017 12:46:00 PM,2,0,0,36.074270,-86.724690,NOLENSVILLE PKE,,,,82.00,Feet,North,GOINS RD,,,,0.00,N,Not at Intersection, ,Non-Junction,None,,,         ,Roy,McElwee,Rain,Front to Rear,no,no,no,no,no,False
101634071,VANDERBILT UNIVERSITY POLICE,17-0393244,Davidson,Nashville,5/3/2017 12:00:00 AM,2,0,0,36.108730,-86.763900,POWELL AV,,,,0.00,,,,,,,0.00,,, ,Non-Junction,None,,,         ,Donald,Clark,Clear,Rear to Rear,no,no,no,yes,no,OHO
101634074,METROPOLITAN NASHVILLE POLICE DEPT,20170396817,Davidson,Nashville,5/4/2017 12:26:00 PM,2,0,0,36.157590,-86.636400,STEWARTS FERRY PKE,,,,155.00,Feet,West,CLOVERWOOD DR,,,,0.00,N,Not at Intersection,N,"Driveway, Alley Access, etc",None,,,         ,Michael,Dance,Rain,Front to Rear,no,no,no,no,no,False
101634080,METROPOLITAN NASHVILLE POLICE DEPT,20170396739,Davidson,Nashville,5/4/2017 12:00:00 PM,2,0,0,0.000000,0.000000,OPRY MILLS,,US323,,100.00,Feet,East,OPRY MILLS,,US323,,0.00,N,Not at Intersection, ,Non-Junction,None,,,         ,Gregory,Lindstrom,Rain,Front to Rear,no,no,no,no,no,False
101634081,METROPOLITAN NASHVILLE POLICE DEPT,20170396777,Davidson,Nashville,5/4/2017 12:10:00 PM,1,0,0,36.103610,-86.729720,SOUTHLAKE DR,,,,106.00,Feet,West,HOLBROOK DR,,,,0.00,N,Not at Intersection,N,Non-Junction,None,,,         ,Thomas,Miller,Rain,Not Collision with Motor Vehicle in Transport,no,no,no,no,yes,False
101634106,METROPOLITAN NASHVILLE POLICE DEPT,20170396858,Davidson,Nashville,5/4/2017 12:10:00 PM,2,1,0,36.042250,-86.743910,BRENTWOOD SQ,,,,25.00,Feet,East,EDMONDSON PKE,,,,0.00,N,Not at Intersection,N,Non-Junction,None,,,         ,Justin,Pinkelton,Rain,Front to Rear,no,no,no,no,no,False
101634110,BERRY HILL POLICE DEPT,17-1479,Davidson,Berry Hill,5/4/2017 11:35:00 AM,2,0,0,36.121370,-86.775450,FRANKLIN PKE,,,,0.00,,,KIRKWOOD AV,,,,0.00,Y,T-Intersection, ,,Construction Zone,,,         ,Larry,Carter,,,no,no,no,no,no,False
101634134,METROPOLITAN NASHVILLE POLICE DEPT,20170396974,Davidson,Nashville,5/4/2017 1:16:00 PM,2,0,0,36.163800,-86.778710,CHURCH ST,,,,88.00,Feet,East,4TH AVN,,,,0.00,N,Not at Intersection, ,Non-Junction,None,,,         ,Shawn,Taylor,Rain,"Sideswipe, Same Direction",no,no,no,no,no,False
101634140,METROPOLITAN NASHVILLE POLICE DEPT,20170397045,Davidson,Nashville,5/4/2017 1:45:00 PM,2,0,0,36.154890,-86.779150,8TH AVS,,,,0.00,,,KOREAN VETERANS BLVD,,,,0.00,Y,Roundabout, ,Intersection-Related,None,,,         ,John,Gilpin,Rain,Front to Rear,no,no,no,no,no,False
101634143,METROPOLITAN NASHVILLE POLICE DEPT,20170396838,Davidson,UNKNOWN,5/4/2017 12:27:00 PM,2,0,0,36.036820,-86.610940,HOBSON PKE,,,,343.00,Feet,North,OLD HICKORY BLVD,,,,0.00,N,Not at Intersection,N,Non-Junction,None,,,         ,Brian,Lamb,Rain,Front to Rear,no,no,no,no,no,False
101634151,METROPOLITAN NASHVILLE POLICE DEPT,2017-0396727,Davidson,Nashville,5/4/2017 12:02:00 PM,1,0,0,36.073270,-86.692060,I 24,,,,0.00,,,,,,,56.70,N,Not at Intersection,N,Non-Junction,None,,,         ,William,Whitworth,Rain,Not Collision with Motor Vehicle in Transport,no,no,no,no,no,False
101634153,METROPOLITAN NASHVILLE POLICE DEPT,2017-0396950,Davidson,Nashville,5/4/2017 1:02:00 PM,1,0,0,36.077840,-86.667440,HAMPSTEADN,,,,72.00,Feet,North,BILLINGSGATE RD,,,,0.00,N,Not at Intersection,N,Non-Junction,None,,,         ,William,Whitworth,Cloudy,Not Collision with Motor Vehicle in Transport,no,no,no,no,no,False
101634158,METROPOLITAN NASHVILLE POLICE DEPT,20170397052,Davidson,Nashville,5/4/2017 1:43:00 PM,1,2,0,36.154050,-86.834960,I 40,,,,0.00,,,,,,,205.20,N,Not at Intersection,N,Non-Junction,None,,,         ,Andrew,Maholland,Rain,Not Collision with Motor Vehicle in Transport,no,no,no,no,no,False
101634163,METROPOLITAN NASHVILLE POLICE DEPT,20170396861,Davidson,Nashville,5/4/2017 1:41:00 PM,2,0,0,36.151960,-86.666440,DONELSON PKE,,,,154.00,Feet,North,NODYNE DR,,,,0.00,N,Not at Intersection, ,"Driveway, Alley Access, etc",None,,,         ,Michael,Dance,Rain,Angle,no,no,no,no,no,False
101634164,METROPOLITAN NASHVILLE POLICE DEPT,20170396887,Davidson,Nashville,5/4/2017 12:44:00 PM,2,1,0,36.192430,-86.616160,OLD HICKORY BLVD,,,,0.00,,,HERMITAGE MARKETPLACE PVTDR,,,,0.00,Y,Four-Way,N,Intersection,None,,,         ,Wesley,Young,Rain,Angle,no,no,no,no,no,False
101634165,METROPOLITAN NASHVILLE POLICE DEPT,2017-0396124,Davidson,Nashville,5/4/2017 8:01:00 AM,2,1,0,36.143640,-86.794390,17TH AVS,,,,50.00,Feet,North,EDGEHILL AV,,,,0.00,N,Not at Intersection,N,Non-Junction,None,,,         ,Allen,Bates,Rain,Angle,no,no,no,no,no,Campus
101634169,METROPOLITAN NASHVILLE POLICE DEPT,20170397104,Davidson,Nashville,5/4/2017 1:56:00 PM,1,0,0,36.161280,-86.598270,BELL RD,,,,335.00,Feet,West,OLD HICKORY BLVD,,,,0.00,N,Not at Intersection,N,Non-Junction,None,,,         ,Michael,Brooks,Rain,Not Collision with Motor Vehicle in Transport,no,no,no,no,no,False
101634184,METROPOLITAN NASHVILLE POLICE DEPT,20170395972,Davidson,Nashville,5/4/2017 6:48:00 AM,2,0,0,36.168460,-86.600280,OLD HICKORY BLVD,,,,0.00,,,SELLS DR,,,,0.00,Y,T-Intersection,N,Intersection,None,,,         ,James,Curtis,Cloudy,Angle,no,no,no,no,no,False
101634187,METROPOLITAN NASHVILLE POLICE DEPT,20170396295,Davidson,Nashville,5/4/2017 8:56:00 AM,2,1,0,36.073730,-86.734690,BLACKMAN RD,,,,114.00,Feet,South,OVERCREST DR,,,,0.00,N,Not at Intersection,N,Non-Junction,None,,,         ,Darrell,Osment,Rain,Angle,no,no,no,no,no,False
101634193,METROPOLITAN NASHVILLE POLICE DEPT,20170397075,Davidson,Nashville,5/4/2017 1:29:00 PM,2,1,0,36.085120,-86.647790,MURFREESBORO PKE,,,,704.00,Feet,South,NASHBORO BLVD,,,,0.00,N,Not at Intersection,N,Non-Junction,None,,,         ,Wesley,Young,Rain,Front to Rear,no,no,no,no,no,False
101634194,METROPOLITAN NASHVILLE POLICE DEPT,20170397128,Davidson,Nashville,5/4/2017 1:56:00 PM,1,0,0,36.196130,-86.619680,OLD HICKORY BLVD,,,,191.00,Feet,North,LEBANON PKE EB EXT RAMP,,,,0.00,N,Not at Intersection,N,Non-Junction,None,,,         ,Samuel,Sundra,Rain,Not Collision with Motor Vehicle in Transport,no,no,no,no,no,False
101634208,METROPOLITAN NASHVILLE POLICE DEPT,20170397011,Davidson,Nashville,5/4/2017 1:30:00 PM,2,0,0,36.153340,-86.686770,ELM HILL PKE,,,,273.00,Feet,East,ATRIUM WAY,,,,0.00,N,Not at Intersection, ,Non-Junction,None,,,         ,Gerry,Hutcheson,Rain,"Sideswipe, Same Direction",no,no,no,no,no,False
101634211,METROPOLITAN NASHVILLE POLICE DEPT,20170396501,Davidson,Nashville,5/4/2017 8:10:00 AM,2,0,0,36.028240,-86.672870,PETTUS RD,,,,52.00,Feet,West,BLUE HOLE RD,,,,0.00,N,Not at Intersection,N,Non-Junction,None,,,         ,Jessie,Meadows,Rain,Front to Rear,no,no,no,no,no,False
101634212,METROPOLITAN NASHVILLE POLICE DEPT,20170396705,Davidson,Nashville,5/4/2017 12:45:00 PM,2,0,0,36.071300,-86.690850,I 24,,,,0.00,,,,,,,56.85,N,Not at Intersection, ,Non-Junction,None,,,         ,Jessie,Meadows,Rain,"Sideswipe, Same Direction",no,no,no,no,no,False
101634214,METROPOLITAN NASHVILLE POLICE DEPT,20170396932,Davidson,Nashville,5/4/2017 1:26:00 PM,2,0,0,36.083800,-86.647280,MURFREESBORO PKE,,,,56.00,Feet,North,BROOKSBORO PL,,,,0.00,N,Not at Intersection, ,Non-Junction,None,,,         ,Jessie,Meadows,Rain,Front to Rear,no,no,no,no,no,False
101634215,METROPOLITAN NASHVILLE POLICE DEPT,20170397041,Davidson,Nashville,5/4/2017 2:17:00 PM,2,0,0,36.082390,-86.688180,ANTIOCH PKE,,,,210.00,Feet,North,SPANN CT,,,,0.00,N,Not at Intersection, ,Non-Junction,None,,,         ,Jessie,Meadows,Rain,"Sideswipe, Same Direction",no,no,no,no,no,False
101634230,METROPOLITAN NASHVILLE POLICE DEPT,20170397226,Davidson,Nashville,5/4/2017 3:05:00 PM,1,0,0,36.075830,-86.639500,MURFREESBORO PKE,,,,0.00,,,,,,,0.00,,, ,Non-Junction,None,,,         ,Wesley,Young,Rain,Not Collision with Motor Vehicle in Transport,no,no,no,yes,no,False
101634234,METROPOLITAN NASHVILLE POLICE DEPT,20170397208,Davidson,Nashville,5/4/2017 3:04:00 PM,2,1,0,36.139080,-86.805070,CHILDRENS WAY,,,,0.00,,,24TH AVS,,,,0.00,Y,Four-Way,N,Non-Junction,None,,,         ,David,Collins,Rain,Front to Rear,no,no,no,no,no,Campus
101634246,METROPOLITAN NASHVILLE POLICE DEPT,20170397164,Davidson,Antioch,5/4/2017 2:42:00 PM,2,0,0,36.033140,-86.611810,OLD HICKORY BLVD,,,,179.00,Feet,North,PRESERVE BLVD,,,,0.00,N,Not at Intersection, ,Non-Junction,None,,,         ,Alyson,Cook,Rain,Front to Rear,no,no,no,no,no,False
101634249,METROPOLITAN NASHVILLE POLICE DEPT,20170397213,Davidson,Nashville,5/4/2017 3:06:00 PM,2,0,0,36.191760,-86.783080,I 65,,,,0.00,,,,,,,86.15,N,Not at Intersection, ,Non-Junction,None,,,         ,Joshua,Hausman,Rain,Not Collision with Motor Vehicle in Transport,no,no,no,no,yes,False
101634251,METROPOLITAN NASHVILLE POLICE DEPT,20170397254,Davidson,Antioch,5/4/2017 3:14:00 PM,1,0,0,36.029500,-86.613090,OLD HICKORY BLVD,,,,308.00,Feet,South,LOGISTICS WAY,,,,0.00,N,Not at Intersection,N,Non-Junction,None,,,         ,Alyson,Cook,Rain,Not Collision with Motor Vehicle in Transport,no,no,no,no,no,False
101634253,METROPOLITAN NASHVILLE POLICE DEPT,20170397296,Davidson,Nashville,5/4/2017 2:31:00 PM,2,0,0,36.154040,-86.721540,SPENCE LN,,,,118.00,Feet,North,LEBANON PKE,,,,0.00,N,Not at Intersection, ,,None,,,         ,Jonathan,Cavezza,,,no,no,no,no,no,False
101634267,METROPOLITAN NASHVILLE POLICE DEPT,20170397200,Davidson,Nashville,5/4/2017 3:00:00 PM,2,0,0,36.208250,-86.690400,BRILEY PKWYN,,,,0.00,,,,,,,0.00,,,N,Intersection,None,,,         ,Brian,Smith,Rain,"Sideswipe, Same Direction",no,no,no,no,no,False
101634272,METROPOLITAN NASHVILLE POLICE DEPT,20170397159,Davidson,Nashville,5/4/2017 2:44:00 PM,4,1,0,36.175090,-86.771290,I 24,,,,0.00,,,,,,,48.05,N,Not at Intersection,N,Non-Junction,None,,,         ,Charles,Wakefield,Rain,Front to Rear,no,no,no,no,no,False
101634276,METROPOLITAN NASHVILLE POLICE DEPT,20170397310,Davidson,Nashville,5/4/2017 3:40:00 PM,2,0,0,36.047210,-86.648040,MT VIEW RD,,,,52.00,Feet,North,BELL FORGE LNE,,,,0.00,N,Not at Intersection, ,Non-Junction,None,,,         ,Alyson,Cook,Rain,Angle,no,no,no,no,no,False
101634277,METROPOLITAN NASHVILLE POLICE DEPT,20170397181,Davidson,Nashville,5/4/2017 2:30:00 PM,2,0,0,36.121830,-86.759100,I 440,,,,0.00,,,,,,,5.85,N,Not at Intersection,N,Non-Junction,None,,,         ,Akira,McSwain,Rain,Front to Rear,no,no,no,no,no,False
101634305,METROPOLITAN NASHVILLE POLICE DEPT,20170397273,Davidson,Nashville,5/4/2017 3:29:00 PM,2,1,0,36.233190,-86.820020,BRILEY PKWY E EXT RAMP,,,,0.00,Feet,East,BRILEY PKWYW,,,,0.00,N,Not at Intersection,N,Non-Junction,None,,,         ,Samuel,Galluzzi,Rain,Not Collision with Motor Vehicle in Transport,no,no,no,no,no,False
101634312,METROPOLITAN NASHVILLE POLICE DEPT,20170394825,Davidson,Nashville,5/3/2017 10:00:00 PM,1,0,0,36.218150,-86.803480,WHITES CREEK PKE,,,,0.00,,,MOORMANS ARM RD,,,,0.00,Y,T-Intersection,N,Intersection,None,,,         ,Timothy,Morgan,Cloudy,Not Collision with Motor Vehicle in Transport,no,no,no,no,no,False
101634313,METROPOLITAN NASHVILLE POLICE DEPT,20170397272,Davidson,Nashville,5/4/2017 3:29:00 PM,2,0,0,36.187290,-86.862430,BRILEY PKWYN,,,,95.00,Feet,South,BRILEY PKWYS,,,,0.00,N,Not at Intersection,N,Non-Junction,None,,,         ,Timothy,Morgan,Rain,Front to Rear,no,no,no,no,no,False
101634317,METROPOLITAN NASHVILLE POLICE DEPT,20170397413,Davidson,Nashville,5/4/2017 4:05:00 PM,2,0,0,36.178370,-86.802440,ARTHUR AV,,,,0.00,,,JANE ST,,,,0.00,Y,Four-Way, ,Intersection,None,,,         ,Raymond,Heymann,Rain,Front to Rear,no,no,no,no,no,False
101634321,METROPOLITAN NASHVILLE POLICE DEPT,20170397078,Davidson,Nashville,5/4/2017 1:55:00 PM,2,0,0,36.237830,-86.786980,BRILEY PKWYE,,,,39.00,Feet,East,I24 E EXT RAMP,,,,0.00,N,Not at Intersection,Y,Entrance/Exit Ramp Related,None,,,         ,Peter,Lynch,Rain,"Sideswipe, Same Direction",no,no,no,no,no,False
101634336,METROPOLITAN NASHVILLE POLICE DEPT,20170397439,Davidson,Nashville,5/4/2017 4:20:00 PM,2,1,0,36.192690,-86.801930,ATHENS WAY,,,,106.00,Feet,South,ROSA L PARKS BLVD,,,,0.00,N,Not at Intersection,N,Non-Junction,Work Zone,Other,Unknown,         ,Khalid,Abbady,Rain,Front to Rear,no,no,no,no,no,False
101634338,METROPOLITAN NASHVILLE POLICE DEPT,20170397516,Davidson,Nashville,5/4/2017 4:46:00 PM,2,0,0,36.101720,-86.738960,ANTIOCH PKE,,,,0.00,,,MCCOMBS AV,,,,0.00,Y,T-Intersection,N,Non-Junction,None,,,         ,Alyson,Cook,Rain,Angle,no,no,no,no,yes,False
101634343,METROPOLITAN NASHVILLE POLICE DEPT,20170397153,Davidson,Not in City Limit,5/4/2017 2:28:00 PM,1,1,0,36.100620,-86.934680,I 40,,,,0.00,,,,,,,198.20,N,Not at Intersection,N,Non-Junction,None,,,         ,Walter,Gray II,Rain,Not Collision with Motor Vehicle in Transport,no,no,no,no,no,False
101634348,METROPOLITAN NASHVILLE POLICE DEPT,20170397251,Davidson,Nashville,5/4/2017 3:11:00 PM,1,0,0,36.175780,-86.766400,ELLINGTON PKWYN,,,,56.00,Feet,West,SPRING ST,,,,0.00,N,Not at Intersection,N,Non-Junction,None,,,         ,Joshua,Lackey,Rain,Not Collision with Motor Vehicle in Transport,no,no,no,no,no,False
101634359,METROPOLITAN NASHVILLE POLICE DEPT,20170397570,Davidson,Nashville,5/4/2017 3:20:00 PM,2,0,0,36.232280,-86.624660,SHUTE LN,,,,22.00,Feet,East,OLD HICKORY BLVD,,,,0.00,N,Not at Intersection,N,Unknown,None,,,         ,Noah,Melton,Rain,"Sideswipe, Same Direction",no,no,no,no,yes,False
101634362,METROPOLITAN NASHVILLE POLICE DEPT,20170397148,Davidson,Nashville,5/4/2017 2:21:00 PM,2,0,0,36.136100,-86.876700,HILLWOOD BLVD,,,,50.00,Feet,East,FLEETWOOD DR,,,,0.00,N,Not at Intersection, ,Non-Junction,None,,,         ,Walter,Gray II,Rain,Front to Rear,no,no,no,no,no,False
101634364,METROPOLITAN NASHVILLE POLICE DEPT,20170397501,Davidson,Nashville,5/4/2017 4:37:00 PM,2,1,0,36.232290,-86.624730,SHUTE LN,,,,0.00,,,OLD HICKORY BLVD,,,,0.00,Y,T-Intersection,N,Intersection,None,,,         ,Codey,Mullins,Rain,Front to Rear,no,no,no,no,no,False
101634367,METROPOLITAN NASHVILLE POLICE DEPT,20170397415,Davidson,Not in City Limit,5/4/2017 4:30:00 PM,2,0,0,36.264870,-86.737480,I 65,,,,0.00,,,,,,,92.30,N,Not at Intersection, ,Non-Junction,None,,,         ,Brittani,Campbell,Rain,"Sideswipe, Same Direction",no,no,no,no,no,False
101634371,METROPOLITAN NASHVILLE POLICE DEPT,2017-0397351,Davidson,Not in City Limit,5/4/2017 3:50:00 PM,2,0,0,36.263620,-86.717240,OLD HICKORY BLVDW,,,,159.00,Feet,East,GIBSON DR,,,,0.00,N,Not at Intersection,N,Non-Junction,None,,,         ,Jesse,Cox,Rain,HeadOn,no,no,no,no,no,False
101634373,METROPOLITAN NASHVILLE POLICE DEPT,20170397644,Davidson,Nashville,5/4/2017 5:40:00 PM,2,1,0,36.116700,-86.668180,DONELSON PKE,,,,0.00,,,HANGAR LN,,,,0.00,Y,T-Intersection,N,Intersection-Related,None,,,         ,Tyler,Maupin,Rain,Front to Rear,no,no,no,no,yes,False
101634376,METROPOLITAN NASHVILLE POLICE DEPT,20170397522,Davidson,Nashville,5/4/2017 4:56:00 PM,2,1,0,36.156580,-86.760550,I40 W ENT RAMP,,,,0.00,Feet,East,I 24,,,,0.00,N,Not at Intersection,N,Non-Junction,None,,,         ,Pedro,Rivera Chaparro,Rain,"Sideswipe, Same Direction",no,no,no,no,no,False
101634379,METROPOLITAN NASHVILLE POLICE DEPT,20170397453,Davidson,Nashville,5/4/2017 4:24:00 PM,2,0,0,36.151120,-86.786120,I 40,,,,0.00,,,,,,,209.50,N,Not at Intersection, ,Non-Junction,None,,,         ,Akira,McSwain,Rain,Angle,no,no,no,no,no,False
101634380,METROPOLITAN NASHVILLE POLICE DEPT,20170397526,Davidson,Nashville,5/4/2017 4:34:00 PM,2,0,0,36.114920,-86.773000,I 65,,,,0.00,,,,,,,80.10,N,Not at Intersection,N,Non-Junction,None,,,         ,David,Collins,Rain,Front to Rear,no,no,no,no,yes,False
101634383,METROPOLITAN NASHVILLE POLICE DEPT,2017-0397536,Davidson,Nashville,5/4/2017 4:20:00 PM,2,0,0,36.032610,-86.769370,CHURCH STE,,,,200.00,Feet,West,CLOVERLAND DR,,,,0.00,N,Not at Intersection,N,Non-Junction,None,,,         ,William,King,Rain,Front to Rear,no,no,no,no,no,False
101634384,METROPOLITAN NASHVILLE POLICE DEPT,20170397566,Davidson,Nashville,5/4/2017 5:00:00 PM,2,1,0,36.239550,-86.741950,I65 N ENT RAMP,,,,0.00,Feet,East,BRILEY PKWY W ENT RAMP,,,,0.00,N,Not at Intersection,N,Entrance/Exit Ramp Related,None,,,         ,Jerry,Pirtle,Rain,Front to Rear,no,no,no,no,yes,False
101634386,METROPOLITAN NASHVILLE POLICE DEPT,20170397689,Davidson,Nashville,5/4/2017 5:48:00 PM,2,0,0,36.168470,-86.687580,LEBANON PKE,,,,150.00,Feet,East,BRILEY PKWY N ENT RAMP,,,,0.00,N,Not at Intersection, ,,None,,,         ,Jonathan,Cavezza,,,no,no,no,no,no,False
101634394,METROPOLITAN NASHVILLE POLICE DEPT,20170397607,Davidson,Nashville,5/4/2017 4:30:00 PM,2,0,0,36.124750,-86.794250,BELMONT BLVD,,,,0.00,,,SWEETBRIAR AV,,,,0.00,Y,T-Intersection, ,Non-Junction,None,,,         ,David,Collins,Rain,Front to Rear,no,no,no,no,no,False
101634395,METROPOLITAN NASHVILLE POLICE DEPT,20170397557,Davidson,Nashville,5/4/2017 5:00:00 PM,2,0,0,36.156420,-86.774220,4TH AVS,,,,145.00,Feet,North,PEABODY ST,,,,0.00,N,Not at Intersection, ,Non-Junction,None,,,         ,Wesley,Feinstein,Rain,"Sideswipe, Same Direction",no,no,no,no,no,False
101634396,METROPOLITAN NASHVILLE POLICE DEPT,20170397198,Davidson,Nashville,5/4/2017 2:39:00 PM,3,0,0,36.135650,-86.876060,HILLWOOD BLVD,,,,302.00,Feet,East,FLEETWOOD DR,,,,0.00,N,Not at Intersection, ,Non-Junction,None,,,         ,Walter,Gray II,Rain,"Sideswipe, Opposite Direction",no,no,no,no,no,False
101634398,METROPOLITAN NASHVILLE POLICE DEPT,20170397687,Davidson,Not in City Limit,5/4/2017 5:48:00 PM,2,0,0,36.274920,-86.735440,I 65,,,,0.00,,,,,,,93.00,N,Not at Intersection, ,Non-Junction,None,,,         ,Jesse,Cox,Rain,Front to Rear,no,no,no,no,no,False
101634402,METROPOLITAN NASHVILLE POLICE DEPT,20170397636,Davidson,Nashville,5/4/2017 5:30:00 PM,2,0,0,36.158150,-86.786990,11TH AVN,,,,0.00,,,PORTER ST,,,,0.00,Y,T-Intersection, ,Non-Junction,None,,,         ,Kendra,Cowper,Cloudy,Front to Rear,no,no,no,no,no,False
101634409,METROPOLITAN NASHVILLE POLICE DEPT,20170397686,Davidson,Nashville,5/4/2017 5:43:00 PM,2,0,0,36.146080,-86.660320,ELM HILL PKE,,,,0.00,,,,,,,0.00,,, ,Non-Junction,None,,,         ,Brian,Smith,Rain,"Sideswipe, Same Direction",no,no,no,no,no,False
101634412,METROPOLITAN NASHVILLE POLICE DEPT,2017-0397433,Davidson,Not in City Limit,5/4/2017 3:48:00 PM,3,0,0,36.100970,-86.934480,I 40,,,,0.00,,,,,,,198.25,N,Not at Intersection,N,Non-Junction,None,,,         ,Michael,Rogers,Rain,Angle,no,no,no,no,yes,False
101634425,METROPOLITAN NASHVILLE POLICE DEPT,20170397646,Davidson,Goodlettsville,5/4/2017 6:05:00 PM,2,0,0,36.285260,-86.728320,I 65,,,,0.00,,,,,,,93.80,N,Not at Intersection, ,Non-Junction,None,,,         ,Brittani,Campbell,Rain,Front to Rear,no,no,no,no,no,False
101634432,METROPOLITAN NASHVILLE POLICE DEPT,20170397603,Davidson,Nashville,5/4/2017 4:59:00 PM,2,0,0,36.143880,-86.666690,DONELSON PKE,,,,491.00,Feet,South,SHACKLETT DR,,,,0.00,N,Not at Intersection,N,Non-Junction,None,,,         ,Jaby,Djabbarov,Clear,Angle,no,no,no,no,no,False
101634433,METROPOLITAN NASHVILLE POLICE DEPT,20170397724,Davidson,Nashville,5/4/2017 5:27:00 PM,2,0,0,36.143880,-86.666690,DONELSON PKE,,,,491.00,Feet,South,SHACKLETT DR,,,,0.00,N,Not at Intersection, ,Non-Junction,None,,,         ,Jaby,Djabbarov,Rain,Angle,no,no,no,no,no,False
101634435,METROPOLITAN NASHVILLE POLICE DEPT,2017-0397677,Davidson,Nashville,5/4/2017 5:13:00 PM,2,0,0,36.124420,-86.833310,WOODLAWN DR,,,,0.00,,,WILSON BLVDS,,,,0.00,Y,Four-Way, ,Intersection,None,,,         ,Ryan,Allen,Rain,Angle,no,no,no,no,no,False
101634436,METROPOLITAN NASHVILLE POLICE DEPT,20170397205,Davidson,Nashville,5/4/2017 6:06:00 PM,3,0,0,36.098220,-86.709700,I 24,,,,0.00,,,,,,,54.70,N,Not at Intersection, ,Non-Junction,None,,,         ,Jessie,Meadows,Rain,Front to Rear,no,no,no,no,no,False
101634437,METROPOLITAN NASHVILLE POLICE DEPT,20170397291,Davidson,Nashville,5/4/2017 5:00:00 PM,3,0,0,36.079230,-86.695720,I 24,,,,0.00,,,,,,,56.25,N,Not at Intersection,N,Non-Junction,None,,,         ,Jessie,Meadows,Rain,Front to Rear,no,no,no,no,no,False
101634438,METROPOLITAN NASHVILLE POLICE DEPT,20170397504,Davidson,Nashville,5/4/2017 5:50:00 PM,2,0,0,36.135200,-86.726900,I24E,,,,509.00,Feet,South,I24 W ENT RAMP,,,,0.00,N,Not at Intersection,N,Non-Junction,None,,,         ,Jessie,Meadows,Rain,Front to Rear,no,no,no,no,no,False
101634439,METROPOLITAN NASHVILLE POLICE DEPT,20170397664,Davidson,Nashville,5/4/2017 5:25:00 PM,2,0,0,36.070110,-86.693860,EZELL RD,,,,187.00,Feet,North,HAYWOOD LN,,,,0.00,N,Not at Intersection, ,Non-Junction,None,,,         ,Alyson,Cook,Rain,Angle,no,no,no,no,no,False
101634442,METROPOLITAN NASHVILLE POLICE DEPT,20170397795,Davidson,Nashville,5/4/2017 6:30:00 PM,2,0,0,36.153900,-86.625640,STEWARTS FERRY PKE,,,,0.00,,,PERCY PRIEST DR,,,,0.00,Y,T-Intersection, ,Intersection,None,,,         ,Tyler,Maupin,Rain,Angle,no,no,no,no,no,False
101634446,METROPOLITAN NASHVILLE POLICE DEPT,20170397711,Davidson,Nashville,5/4/2017 5:45:00 PM,2,0,0,36.138650,-86.769720,HAMILTON AV,,,,0.00,,,MARTIN ST,,,,0.00,Y,Four-Way,N,Non-Junction,None,,,         ,Hillary,Sherman,Rain,Angle,no,no,no,no,no,False
101634447,METROPOLITAN NASHVILLE POLICE DEPT,2017-0397796,Davidson,Nashville,5/4/2017 6:21:00 PM,2,1,0,36.146340,-86.776950,I40 E ENT RAMP,,,,0.00,,,I 65,,,,0.00,Y,Y-Intersection,Y,Entrance/Exit Ramp Related,None,,,         ,William,King,Rain,Front to Rear,no,no,no,no,no,False