master_record_number,agency,agency_tracking_number,county,city,collision_date,vehicles_involved,number_injured,number_dead,latitude,longitude,roadway_name,roadway_suffix,roadway_number,roadway_local_id,distance_from_reference,miles-feet_indicator,direction_from_reference,intersection_road_name,intersection_road_name_suffix,intersection_road_number,intersection_local_id,mile_marker,intersection_indicator,intersect_type,interchange_related_indicator,relation_to_junction,work_zone_type,construction_maintenance_zone,construction_maintenance_zone_location,fatal_case_number,officer_first_name,officer_last_name,weather_condition(s),manner_of_crash,pedestrian,bicycle,scooter,parking,hitrun,mou
101634456,METROPOLITAN NASHVILLE POLICE DEPT,20170397703,Davidson,Nashville,5/4/2017 5:59:00 PM,3,0,0,36.149960,-86.842080,ELKINS AV,,,,0.00,,,46TH AVN,,,,0.00,Y,Four-Way,Y,Intersection,None,,,         ,Jessica,Scott,Rain,Other,no,no,no,no,no,False
101634465,METROPOLITAN NASHVILLE POLICE DEPT,20170397253,Davidson,Nashville,5/4/2017 3:24:00 PM,4,1,0,36.173620,-86.766970,MAIN ST ENT RAMP,,,,0.00,Feet,East,ELLINGTON PKWY N ENT RAMP,,,,0.00,N,Not at Intersection,N,Non-Junction,None,,,         ,Joshua,Lackey,Rain,Front to Rear,no,no,no,no,no,False
101634493,METROPOLITAN NASHVILLE POLICE DEPT,20170397748,Davidson,Nashville,5/4/2017 5:55:00 PM,2,0,0,36.180070,-86.606020,OLD HICKORY BLVD,,,,205.00,Feet,North,FRIST BLVD,,,,0.00,N,Not at Intersection,N,Non-Junction,None,,,         ,Kyle,Burks,Rain,Other,no,no,no,yes,yes,False
101634494,METROPOLITAN NASHVILLE POLICE DEPT,20170397808,Davidson,Nashville,5/4/2017 6:02:00 PM,2,4,0,36.154300,-86.792810,BROADWAY,,,,0.00,,,WEST END AV,,,,0.00,Y,Five Point Or More,N,Non-Junction,None,,,         ,Eric,Burford,Rain,Front to Rear,no,no,no,no,no,False
101634497,METROPOLITAN NASHVILLE POLICE DEPT,20170397837,Davidson,Not in City Limit,5/4/2017 6:05:00 PM,2,2,0,36.264410,-86.729680,OLD HICKORY BLVDW,,,,159.00,Feet,East,N MARTHONA RD,,,,0.00,N,Not at Intersection,N,Non-Junction,None,,,         ,Jerry,Pirtle,Rain,Front to Rear,no,no,no,no,no,False
101634505,METROPOLITAN NASHVILLE POLICE DEPT,20170397894,Davidson,Not in City Limit,5/4/2017 4:09:00 PM,2,0,0,36.276920,-86.796410,OLD HICKORY BLVD,,,,66.00,Feet,West,HICKORY HILLS BLVD,,,,0.00,N,Not at Intersection, ,Non-Junction,None,,,         ,Rodney,Phipps,Rain,Angle,no,no,no,no,no,False
101634534,METROPOLITAN NASHVILLE POLICE DEPT,2017-0397625,Davidson,Nashville,5/4/2017 5:31:00 PM,3,0,0,36.168790,-86.788490,ROSA L PARKS BLVD,,,,104.00,Feet,North,HARRISON ST,,,,0.00,N,Not at Intersection,N,Non-Junction,None,,,         ,Jason,Hogan,Rain,Front to Rear,no,no,no,no,no,False
101634535,METROPOLITAN NASHVILLE POLICE DEPT,20170397866,Davidson,Not in City Limit,5/4/2017 7:11:00 PM,2,2,0,36.279950,-86.708560,ELMORE AV,,,,0.00,,,GALLATIN PKEN,,,,0.00,Y,T-Intersection,N,Intersection,None,,,         ,Christopher,Kelly,Clear,Angle,no,no,no,no,no,False
101634550,METROPOLITAN NASHVILLE POLICE DEPT,20170398063,Davidson,Nashville,5/4/2017 8:23:00 PM,1,0,0,36.051130,-86.935090,HIGHWAY 100,,,,1758.00,Feet,South,HARPETH RIV HARPETH BEND GRNWY,,,,0.00,N,Not at Intersection, ,Non-Junction,None,,,         ,Walter,Gray II,Cloudy,Not Collision with Motor Vehicle in Transport,no,no,no,no,no,False
101634555,METROPOLITAN NASHVILLE POLICE DEPT,20170397929,Davidson,Nashville,5/4/2017 5:57:00 PM,2,0,0,36.142270,-86.666640,I40 W ENT RAMP,,,,0.00,,,I 40,,,,0.00,Y,Four-Way, ,Non-Junction,None,,,         ,Jaby,Djabbarov,Rain,Front to Rear,no,no,no,no,no,False
101634557,METROPOLITAN NASHVILLE POLICE DEPT,20170397847,Davidson,Nashville,5/4/2017 6:39:00 PM,2,0,0,36.070030,-86.698800,HAYWOOD LN,,,,0.00,,,EAST RIDGE DR,,,,0.00,Y,Four-Way, ,Non-Junction,None,,,         ,Alyson,Cook,Rain,Front to Rear,no,no,no,no,no,False
101634572,METROPOLITAN NASHVILLE POLICE DEPT,20170397924,Davidson,Nashville,5/4/2017 7:33:00 PM,2,1,0,36.068090,-86.632000,MURFREESBORO PKE,,,,332.00,Feet,North,FOREST VIEW DR,,,,0.00,N,Not at Intersection,N,Non-Junction,None,,,         ,Alyson,Cook,Rain,Angle,no,no,no,no,no,False
101634573,METROPOLITAN NASHVILLE POLICE DEPT,20170397896,Davidson,Nashville,5/4/2017 5:00:00 PM,2,0,0,36.157320,-86.802710,CHARLOTTE AV,,,,0.00,,,JO JOHNSTON AV,,,,0.00,Y,T-Intersection, ,Intersection,None,,,         ,Clayton,Lewis,Rain,Angle,no,no,no,no,no,False
101634590,METROPOLITAN NASHVILLE POLICE DEPT,20170397965,Davidson,Nashville,5/4/2017 7:46:00 PM,2,0,0,36.174730,-86.594710,TULIP GROVE RD,,,,396.00,Feet,South,ROCKWOOD DR,,,,0.00,N,Not at Intersection,N,Non-Junction,None,,,         ,Jefferson,Hughes,Clear,Front to Rear,no,no,no,no,no,False
101634593,METROPOLITAN NASHVILLE POLICE DEPT,20170397969,Davidson,Nashville,5/4/2017 7:26:00 PM,2,0,0,36.106580,-86.719240,I 24,,,,0.00,,,,,,,54.00,N,Not at Intersection, ,Non-Junction,None,,,         ,Alyson,Cook,Rain,Front to Rear,no,no,no,no,no,False
101634603,METROPOLITAN NASHVILLE POLICE DEPT,20170398186,Davidson,Nashville,5/4/2017 3:43:00 PM,2,0,0,36.135940,-86.892720,I 40,,,,0.00,,,,,,,201.60,N,Not at Intersection,N,Non-Junction,None,,,         ,Justin,Haney,Rain,Front to Rear,no,no,no,no,yes,False
101634614,METROPOLITAN NASHVILLE POLICE DEPT,20170397910,Davidson,Nashville,5/4/2017 7:29:00 PM,2,0,0,36.140310,-86.829200,MURPHY RD,,,,0.00,,,37TH AVN,,,,0.00,Y,T-Intersection, ,Intersection,None,,,         ,Walter,Gray II,Rain,Angle,no,no,no,no,no,False
101634615,VANDERBILT UNIVERSITY POLICE,17-0397822,Davidson,Nashville,5/4/2017 5:48:00 PM,2,0,0,36.150080,-86.802030,WEST END AV,,,,281.00,Feet,West,21ST AVN,,,,0.00,N,Not at Intersection, ,Non-Junction,None,,,         ,Alan,Reed,Rain,Angle,no,no,no,no,no,Campus
101634617,METROPOLITAN NASHVILLE POLICE DEPT,20170398092,Davidson,Nashville,5/4/2017 8:37:00 PM,2,2,0,36.118950,-86.726470,I 24,,,,0.00,,,,,,,53.00,N,Not at Intersection,N,Non-Junction,None,,,         ,Alyson,Cook,Rain,Angle,no,no,no,no,no,False
101634619,METROPOLITAN NASHVILLE POLICE DEPT,20170398184,Davidson,Nashville,5/4/2017 8:53:00 PM,2,0,0,36.121510,-86.727310,I 24,,,,0.00,,,,,,,52.80,N,Not at Intersection,N,Non-Junction,None,,,         ,Alyson,Cook,Clear,Front to Rear,no,no,no,no,yes,False
101634625,METROPOLITAN NASHVILLE POLICE DEPT,20170398211,Davidson,Nashville,5/4/2017 9:10:00 PM,2,0,0,36.134280,-86.779090,WEDGEWOOD AV,,,,0.00,,,8TH AVS,,,,0.00,Y,Four-Way, ,Non-Junction,None,,,         ,Hillary,Sherman,Rain,"Sideswipe, Same Direction",no,no,no,no,no,False
101634628,METROPOLITAN NASHVILLE POLICE DEPT,20170397509,Davidson,Goodlettsville,5/4/2017 12:00:00 AM,2,0,0,36.292840,-86.702530,GALLATIN PKEN,,,,122.00,Feet,South,RIVERGATE STATION PVTDR,,,,0.00,N,Not at Intersection,N,Non-Junction,None,,,         ,Joel,Callies,Rain,Front to Rear,no,no,no,no,no,False
101634667,METROPOLITAN NASHVILLE POLICE DEPT,20170398185,Davidson,Nashville,5/4/2017 8:10:00 PM,2,0,0,36.165700,-86.800420,16TH AVN,,,,94.00,Feet,South,ANDREW JACKSON COURTS PVTDR,,,,0.00,N,Not at Intersection,N,Non-Junction,None,,,         ,Andy,Esqueda,Cloudy,HeadOn,no,no,no,no,yes,False
101634668,METROPOLITAN NASHVILLE POLICE DEPT,20170397906,Davidson,Nashville,5/4/2017 6:09:00 PM,2,0,0,36.101200,-86.735060,ANTIOCH PKE,,,,8.00,Feet,East,WINGATE AV,,,,0.00,N,Not at Intersection,N,Non-Junction,None,,,         ,Pamela,Caulder,Rain,Front to Rear,no,no,no,no,no,False
101634676,GOODLETTSVILLE POLICE DEPT,17-15781,Davidson,Goodlettsville,5/4/2017 1:30:00 PM,2,0,0,36.300810,-86.710830,I 65,,,,0.00,,,,,,,95.20,N,Not at Intersection,Y,Entrance/Exit Ramp Related,None,,,         ,Charles,Hauskin,Rain,"Sideswipe, Same Direction",no,no,no,no,no,False
101634708,BELLE MEADE POLICE DEPT,17-0127,Davidson,Belle Meade,5/4/2017 6:28:00 PM,2,0,0,36.110650,-86.844990,ABBOTT MARTIN RD,,,,0.00,,,LYNNWOOD BLVD,,,,0.00,Y,Y-Intersection, ,Intersection-Related,None,,,         ,David,Wright,Rain,Angle,no,no,no,no,no,False
101634718,METROPOLITAN NASHVILLE POLICE DEPT,20170398656,Davidson,Nashville,5/5/2017 12:21:00 AM,1,0,0,36.057030,-86.648300,RURAL HILL RD,,,,357.00,Feet,East,TOOK DR,,,,0.00,N,Not at Intersection, ,Non-Junction,None,,,         ,Autumn,Manning,Rain,Not Collision with Motor Vehicle in Transport,no,no,no,no,no,False
101634749,METROPOLITAN NASHVILLE POLICE DEPT,20170398943,Davidson,Nashville,5/5/2017 2:30:00 AM,1,2,0,36.167720,-86.823300,JOHN A MERRITT BLVD,,,,349.00,Feet,East,31ST AVN,,,,0.00,N,Not at Intersection,N,Non-Junction,None,,,         ,Joshua,Green,Rain,Not Collision with Motor Vehicle in Transport,no,no,no,no,no,False
101634755,METROPOLITAN NASHVILLE POLICE DEPT,20170398785,Davidson,Nashville,5/5/2017 1:10:00 AM,2,0,0,36.192320,-86.616300,OLD HICKORY BLVD,,,,0.00,,,JUAREZ DR,,,,0.00,Y,Four-Way, ,Intersection,None,,,         ,Leonard,Spadavecchia,Rain,Front to Rear,no,no,no,no,no,False
101634779,METROPOLITAN NASHVILLE POLICE DEPT,20170399290,Davidson,Nashville,5/5/2017 5:00:00 AM,1,1,0,36.224940,-86.774490,I 65,,,,0.00,,,,,,,88.60,N,Not at Intersection,Y,Non-Junction,None,,,         ,Geoffrey,Daugherty,Rain,Not Collision with Motor Vehicle in Transport,no,no,no,no,no,False
101634782,METROPOLITAN NASHVILLE POLICE DEPT,20170399044,Davidson,Nashville,5/5/2017 12:00:00 AM,3,0,0,36.141590,-86.876930,CHARLOTTE PKE,,,,423.00,Feet,East,CHARLOTTE ROAD CIR,,,,0.00,N,Not at Intersection,N,Non-Junction,None,,,         ,Terrance,Stuckey,Rain,HeadOn,no,no,no,yes,no,False
101634801,METROPOLITAN NASHVILLE POLICE DEPT,20170398868,Davidson,Nashville,5/5/2017 1:56:00 AM,1,0,0,36.108860,-86.723990,I24 E ENT RAMP,,,,0.00,Feet,East,BRILEY PKWYN,,,,0.00,N,Not at Intersection,Y,Entrance/Exit Ramp Related,None,,,         ,Rudy,Basaldua,Rain,Not Collision with Motor Vehicle in Transport,no,no,no,no,no,False
101634813,METROPOLITAN NASHVILLE POLICE DEPT,20170399174,Davidson,Nashville,5/5/2017 4:09:00 AM,2,0,0,36.135800,-86.725040,SPENCE LN,,,,0.00,Feet,,I24 W EXT RAMP,,,,0.00,Y,Four-Way, ,Intersection,None,,,         ,Robert,Fondren,Cloudy,Front to Rear,no,no,no,no,no,False
101634815,GOODLETTSVILLE POLICE DEPT,17-15834,Davidson,Goodlettsville,5/5/2017 5:58:00 AM,1,0,0,36.330020,-86.715370,N MAIN ST,,,,190.00,Feet,South,TINNIN AV,,,,0.00,N,Not at Intersection, ,Non-Junction,None,,,         ,George,Forbes,Cloudy,Not Collision with Motor Vehicle in Transport,no,no,no,no,no,False
101634836,METROPOLITAN NASHVILLE POLICE DEPT,20170399420,Davidson,Nashville,5/5/2017 6:53:00 AM,2,2,0,36.070030,-86.698800,HAYWOOD LN,,,,0.00,,,EAST RIDGE DR,,,,0.00,Y,T-Intersection,Y,Intersection,None,,,         ,Thomas,White,Rain,Angle,no,no,no,no,no,False
101634858,THP District 3 - Nashville,317026365,Davidson,Not in City Limit,5/5/2017 7:09:00 AM,2,0,0,36.025840,-86.633160,I 24,,,,0.00,,,,,,,61.40,N,Not at Intersection,N,Non-Junction,None,,,         ,Charlie,Caplinger,Cloudy,Front to Rear,no,no,no,no,no,False
101634868,METROPOLITAN NASHVILLE POLICE DEPT,20170399506,Davidson,Nashville,5/5/2017 7:30:00 AM,1,1,0,36.035330,-86.604280,OLD HICKORY BLVD,,,,1500.00,Feet,South,MURFREESBORO PKE,,,,0.00,N,Not at Intersection,N,Non-Junction,None,,,         ,Randall,Combs,Rain,Not Collision with Motor Vehicle in Transport,no,no,no,no,no,False
101634870,METROPOLITAN NASHVILLE POLICE DEPT,2017-0399555,Davidson,Nashville,5/5/2017 2:00:00 AM,1,0,0,36.109680,-86.816700,CRESTMOOR RD,,,,307.00,Feet,East,CLEGHORN AV,,,,0.00,N,Not at Intersection,N,Non-Junction,None,,,         ,Paul,Junkmann,Unknown,Not Collision with Motor Vehicle in Transport,no,no,no,yes,yes,False
101634873,METROPOLITAN NASHVILLE POLICE DEPT,20170399540,Davidson,Nashville,5/5/2017 7:28:00 AM,2,0,0,36.208840,-86.683470,MCGAVOCK PKE,,,,0.00,,,WESTERN HILLS DR,,,,0.00,Y,T-Intersection,N,Intersection,None,,,         ,Michael,Dance,Rain,Angle,no,no,no,no,no,False
101634876,METROPOLITAN NASHVILLE POLICE DEPT,20170399595,Davidson,Nashville,5/5/2017 7:30:00 AM,2,0,0,36.044450,-86.661550,CANE RIDGE RD,,,,36.00,Feet,North,TARGET DR,,,,0.00,N,Not at Intersection,N,Non-Junction,None,,,         ,Peter,Vaught,Rain,Angle,no,no,no,no,no,False
101634884,METROPOLITAN NASHVILLE POLICE DEPT,20170399522,Davidson,Nashville,5/5/2017 6:54:00 AM,2,0,0,36.240930,-86.766290,BRILEY PKWYE,,,,82.00,Feet,East,BRILEY PKWYW,,,,0.00,N,Not at Intersection, ,Non-Junction,None,,,         ,DuJuan,Kendrick,Rain,"Sideswipe, Same Direction",no,no,no,no,no,False
101634893,METROPOLITAN NASHVILLE POLICE DEPT,20170399660,Davidson,Nashville,5/5/2017 8:25:00 AM,2,0,0,36.115870,-86.784450,I 440,,,,0.00,,,,,,,4.30,N,Not at Intersection,N,Non-Junction,None,,,         ,Brent,Bauer,Rain,Front to Rear,no,no,no,no,no,False
101634895,METROPOLITAN NASHVILLE POLICE DEPT,20170399605,Davidson,Nashville,5/5/2017 8:10:00 AM,1,1,0,36.229180,-86.835400,BRILEY PKWYW,,,,103.00,Feet,East,BRILEY PKWY W EXT RAMP,,,,0.00,N,Not at Intersection,N,Non-Junction,None,,,         ,Royce,McLester,Rain,Not Collision with Motor Vehicle in Transport,no,no,no,no,no,False
101634896,METROPOLITAN NASHVILLE POLICE DEPT,20170399466,Davidson,Nashville,5/5/2017 7:11:00 AM,2,1,0,36.028830,-86.648860,OLD FRANKLIN RD,,,,0.00,,,CANE RIDGE RD,,,,0.00,Y,Four-Way,N,Non-Junction,None,,,         ,Caleb,Jernigan,Rain,Front to Rear,no,no,no,no,no,False
101634902,METROPOLITAN NASHVILLE POLICE DEPT,20170399653,Davidson,Nashville,5/5/2017 8:20:00 AM,2,0,0,36.086580,-86.771720,HARDING PL,,,,73.00,Feet,East,FRANKLIN PKE,,,,0.00,N,Not at Intersection,Y,Non-Junction,None,,,         ,Justin,Pinkelton,Rain,Front to Rear,no,no,no,no,no,False
101634906,METROPOLITAN NASHVILLE POLICE DEPT,20170390076,Davidson,Nashville,5/2/2017 3:15:00 PM,2,0,0,36.116150,-86.786100,I 440,,,,0.00,,,,,,,4.20,N,Not at Intersection, ,Non-Junction,None,,,         ,Joseph,Jakes,Clear,"Sideswipe, Same Direction",no,no,no,no,no,False
101634909,METROPOLITAN NASHVILLE POLICE DEPT,20170399719,Davidson,Antioch,5/5/2017 8:50:00 AM,2,1,0,36.047840,-86.612050,MURFREESBORO PKE,,,,0.00,,,MOUNTAIN SPRINGS RD,,,,0.00,Y,T-Intersection,Y,Intersection,None,,,         ,Thomas,White,Rain,Angle,no,no,no,no,no,False
101634919,METROPOLITAN NASHVILLE POLICE DEPT,20170399657,Davidson,Nashville,5/5/2017 8:26:00 AM,2,0,0,36.115940,-86.786160,I 440,,,,0.00,,,,,,,4.20,N,Not at Intersection, ,Non-Junction,None,,,         ,Nathan,Smith,Cloudy,"Sideswipe, Same Direction",no,no,no,no,no,False
101634927,METROPOLITAN NASHVILLE POLICE DEPT,20170399495,Davidson,Nashville,5/5/2017 7:26:00 AM,2,0,0,36.178000,-86.800770,I 65,,,,0.00,,,,,,,84.85,N,Not at Intersection, ,,None,,,         ,James,Jarvis,,,no,no,no,no,no,False
101634928,METROPOLITAN NASHVILLE POLICE DEPT,20170399767,Davidson,Madison,5/5/2017 9:11:00 AM,2,1,0,36.263090,-86.712140,OLD HICKORY BLVDW,,,,64.00,Feet,West,STATE RT 45,,,,0.00,N,Not at Intersection,N,Non-Junction,None,,,         ,DuJuan,Kendrick,Clear,Front to Rear,no,no,no,no,no,False
101634941,METROPOLITAN NASHVILLE POLICE DEPT,20170399589,Davidson,Nashville,5/5/2017 12:00:00 AM,2,2,0,36.151810,-86.766950,CARROLL ST,,,,8.00,Feet,West,1ST AVS,,,,0.00,N,Not at Intersection,N,Non-Junction,None,,,         ,FELIKS,ABRAHAMYAN,Cloudy,Angle,no,no,no,no,yes,False
101634969,METROPOLITAN NASHVILLE POLICE DEPT,20170396788,Davidson,Nashville,5/4/2017 12:19:00 PM,2,0,0,36.140910,-86.883150,ANNEX AV,,,,391.00,Feet,East,PREMIER DR,,,,0.00,N,Not at Intersection,N,Non-Junction,None,,,         ,Joseph,Jakes,Rain,Angle,no,no,no,no,yes,False
101635002,METROPOLITAN NASHVILLE POLICE DEPT,20170399873,Davidson,Nashville,5/5/2017 9:57:00 AM,2,0,0,36.201870,-86.776850,I 65,,,,0.00,,,,,,,87.00,N,Not at Intersection, ,Entrance/Exit Ramp Related,None,,,         ,Michael,McCord,Rain,"Sideswipe, Same Direction",no,no,no,no,no,False
101635022,METROPOLITAN NASHVILLE POLICE DEPT,20170399970,Davidson,Nashville,5/5/2017 10:26:00 AM,2,1,0,36.156450,-86.787790,BROADWAY,,,,102.00,Feet,West,12TH AVS,,,,0.00,N,Not at Intersection,N,Non-Junction,None,,,         ,Seth,Quiles,Rain,"Sideswipe, Same Direction",no,no,no,no,no,False
101635023,METROPOLITAN NASHVILLE POLICE DEPT,20170399592,Davidson,Goodlettsville,5/5/2017 7:05:00 AM,2,4,0,36.291400,-86.736180,DICKERSON PKES,,,,546.00,Feet,South,CAMPBELL RD,,,,0.00,N,Not at Intersection,N,Non-Junction,None,,,         ,Peter,Lynch,Rain,Front to Rear,no,no,no,no,no,False
101635024,METROPOLITAN NASHVILLE POLICE DEPT,20170400043,Davidson,Not in City Limit,5/5/2017 10:40:00 AM,2,0,0,36.084820,-86.939420,CROSS TIMBERS DR,,,,43.00,Feet,South,SAWYER BROWN RD,,,,0.00,N,Not at Intersection, ,Non-Junction,None,,,         ,Wesley,Tilley,Rain,Front to Rear,no,no,no,no,no,False
101635028,METROPOLITAN NASHVILLE POLICE DEPT,20170399470,Davidson,Nashville,5/5/2017 7:14:00 AM,2,0,0,36.130250,-86.754290,POLK AV,,,,0.00,,,,,,,0.00,,, ,Non-Junction,None,,,         ,Nathan,Smith,Cloudy,"Sideswipe, Opposite Direction",no,no,no,no,no,False
101635029,METROPOLITAN NASHVILLE POLICE DEPT,20170399892,Davidson,Nashville,5/5/2017 9:45:00 AM,2,0,0,36.154160,-86.770150,2ND AVS,,,,0.00,,,ELM ST,,,,0.00,Y,OTHER,N,OtherLocation,None,,,         ,Frank,Campbell,Rain,Angle,no,no,no,no,yes,False
101635034,METROPOLITAN NASHVILLE POLICE DEPT,20170400038,Davidson,Nashville,5/5/2017 10:48:00 AM,2,0,0,36.134280,-86.779510,WEDGEWOOD AV,,,,124.00,Feet,West,8TH AVS,,,,0.00,N,Not at Intersection, ,Non-Junction,None,,,         ,Ronald,Raynore,Rain,Angle,no,no,no,no,no,False
101635044,METROPOLITAN NASHVILLE POLICE DEPT,20170399994,Davidson,Nashville,5/5/2017 10:30:00 AM,2,0,0,36.139080,-86.733110,MURFREESBORO PKE,,,,30.00,Feet,West,ARLINGTON AV,,,,0.00,N,Not at Intersection, ,Non-Junction,None,,,         ,Todd,Watson,Rain,Front to Rear,no,no,no,no,no,False
101635046,METROPOLITAN NASHVILLE POLICE DEPT,20170399999,Davidson,Nashville,5/5/2017 12:00:00 AM,2,1,0,36.179520,-86.819370,26TH AVN,,,,36.00,Feet,North,SANTI AV,,,,0.00,N,Not at Intersection,N,Non-Junction,None,,,         ,Nicholas,MacDougall,Rain,Angle,no,no,no,no,no,False
101635051,METROPOLITAN NASHVILLE POLICE DEPT,20170400063,Davidson,Nashville,5/5/2017 11:00:00 AM,2,1,0,36.250130,-86.718900,GALLATIN PKES,,,,272.00,Feet,South,MOVING CENTER CT,,,,0.00,N,Not at Intersection,N,Non-Junction,None,,,         ,Brian,Otto,Cloudy,Angle,no,no,no,no,no,False
101635061,METROPOLITAN NASHVILLE POLICE DEPT,20170400050,Davidson,Nashville,5/5/2017 12:00:00 AM,2,0,0,36.158920,-86.681220,CLOVERDALE RD,,,,0.00,Feet,,GRAYLYNN DR,,,,0.00,Y,Four-Way,N,Intersection,None,,,         ,FELIKS,ABRAHAMYAN,Cloudy,Angle,no,no,no,no,no,False
101635063,METROPOLITAN NASHVILLE POLICE DEPT,20170399967,Davidson,Goodlettsville,5/5/2017 10:00:00 AM,3,0,0,36.302750,-86.691850,RIVERGATE MARKETPLACE PVTDR,,,,0.00,,,GALLATIN PKEN,,,,0.00,Y,T-Intersection,N,Intersection,None,,,         ,Joshua,Borum,Cloudy,Angle,no,no,no,no,yes,False
101635069,BERRY HILL POLICE DEPT,17-1490,Davidson,Berry Hill,5/5/2017 9:30:00 AM,2,0,0,36.116670,-86.766320,E IRIS DR,,,,0.00,,,W IRIS DR,,,,0.00,Y,Four-Way, ,Intersection-Related,None,,,         ,Larry,Carter,Rain,Front to Rear,no,no,no,no,yes,False
101635071,METROPOLITAN NASHVILLE POLICE DEPT,20170400088,Davidson,Nashville,5/5/2017 11:06:00 AM,3,1,0,36.235760,-86.709290,BRILEY PKWYW,,,,356.00,Feet,East,MUSIC VALLEY DR,,,,0.00,N,Not at Intersection,N,Non-Junction,None,,,         ,Michael,Brooks,Cloudy,Angle,no,no,no,no,no,False
101635072,METROPOLITAN NASHVILLE POLICE DEPT,20170399904,Davidson,Not in City Limit,5/5/2017 12:00:00 AM,1,1,0,36.273740,-86.832490,WHITES CREEK PKE,,,,0.56,Miles,North,OLD HICKORY BLVD,,,,0.00,N,Not at Intersection,N,Non-Junction,None,,,         ,Jeanine,Sarno,Cloudy,Not Collision with Motor Vehicle in Transport,no,no,no,no,no,False
101635073,METROPOLITAN NASHVILLE POLICE DEPT,20170400021,Davidson,Madison,5/5/2017 10:45:00 AM,2,1,0,36.262250,-86.711890,E OLD HICKORY BLVD,,,,96.00,Feet,East,GALLATIN PKES,,,,0.00,N,Not at Intersection,N,Non-Junction,None,,,         ,Coleman,McKellar,Rain,Front to Rear,no,no,no,no,no,False
101635078,METROPOLITAN NASHVILLE POLICE DEPT,20170399772,Davidson,Nashville,5/5/2017 9:00:00 AM,3,0,0,36.159430,-86.760470,I 24,,,,0.00,,,,,,,49.50,N,Not at Intersection,N,Non-Junction,None,,,         ,Wesley,Henderson,Cloudy,Front to Rear,no,no,no,no,no,False
101635087,METROPOLITAN NASHVILLE POLICE DEPT,20170400009,Davidson,Nashville,5/5/2017 10:44:00 AM,2,0,0,36.094290,-86.758250,SIDCO DR,,,,0.00,,,POWELL AV,,,,0.00,Y,T-Intersection, ,Intersection-Related,None,,,         ,Nathan,Smith,Rain,Front to Rear,no,no,no,no,no,False
101635109,THP District 9 - Administrative,317026219,Davidson,Nashville,5/4/2017 7:59:00 AM,2,0,0,36.142480,-86.651550,I 40,,,,0.00,,,,,,,217.50,N,Not at Intersection, ,Non-Junction,None,,,         ,Brian,Carmouche,Clear,Front to Rear,no,no,no,no,no,False
101635114,METROPOLITAN NASHVILLE POLICE DEPT,20170400198,Davidson,Not in City Limit,5/5/2017 12:00:00 PM,2,0,0,36.260370,-86.712860,HICKORY ST,,,,0.00,Feet,North,GALLATIN PKES,,,,0.00,N,Not at Intersection, ,Non-Junction,None,,,         ,Terrence,Bradley,Rain,Angle,no,no,no,no,no,False
101635116,METROPOLITAN NASHVILLE POLICE DEPT,20170400229,Davidson,Nashville,5/5/2017 12:28:00 PM,2,0,0,36.135680,-86.726730,I 24,,,,0.00,,,,,,,52.20,N,Not at Intersection,N,Non-Junction,None,,,         ,Wesley,Young,Rain,"Sideswipe, Same Direction",no,no,no,no,yes,False
101635124,METROPOLITAN NASHVILLE POLICE DEPT,20170399792,Davidson,Nashville,5/5/2017 9:18:00 AM,1,0,0,36.057940,-86.668530,MT VIEW RD,,,,566.00,Feet,South,OTTENVILLE AV,,,,0.00,N,Not at Intersection, ,Non-Junction,None,,,         ,Peter,Vaught,Rain,Not Collision with Motor Vehicle in Transport,no,no,no,no,no,False
101635125,METROPOLITAN NASHVILLE POLICE DEPT,20170400196,Davidson,Nashville,5/5/2017 11:15:00 AM,3,0,0,36.117040,-86.754970,EUGENIA AV,,,,82.00,Feet,South,NEWSOME ST,,,,0.00,N,Not at Intersection,N,Non-Junction,None,,,         ,Justin,Pinkelton,Rain,Angle,no,no,no,no,no,False
101635171,METROPOLITAN NASHVILLE POLICE DEPT,20170400320,Davidson,Nashville,5/5/2017 1:08:00 PM,2,0,0,36.044850,-86.668370,BELL RD,,,,0.00,,,ARBOR COMMON,,,,0.00,Y,T-Intersection,Y,Intersection,None,,,         ,Thomas,White,Rain,Angle,no,no,no,no,no,False
101635172,VANDERBILT UNIVERSITY POLICE,20170400252,Davidson,Nashville,5/5/2017 12:33:00 PM,2,0,0,36.139430,-86.801800,MEDICAL CENTER DR,,,,0.00,,,,,,,0.00,,OTHER, ,,None,,,         ,Jeremy,Shannon,,,no,no,no,yes,no,Campus
101635174,METROPOLITAN NASHVILLE POLICE DEPT,20170400298,Davidson,Nashville,5/5/2017 12:42:00 PM,2,0,0,36.164650,-86.601710,BELL RD,,,,359.00,Feet,East,MILLS RD,,,,0.00,N,Not at Intersection,N,Non-Junction,None,,,         ,Samuel,Sundra,Rain,HeadOn,no,no,no,no,yes,False
101635180,METROPOLITAN NASHVILLE POLICE DEPT,20170400069,Davidson,Nashville,5/5/2017 11:02:00 AM,3,1,0,36.153070,-86.848610,51ST AVN,,,,0.00,,,ALABAMA AV,,,,0.00,Y,Four-Way,N,Intersection,None,,,         ,Gregory,McDaniel,Rain,Angle,no,no,no,no,no,False
101635183,METROPOLITAN NASHVILLE POLICE DEPT,20170400259,Davidson,Nashville,5/5/2017 12:27:00 PM,2,1,0,36.169470,-86.806620,DR D B TODD JR BLVD,,,,0.00,,,JEFFERSON ST,,,,0.00,Y,Four-Way,Y,Intersection,None,,,         ,James,Jarvis,Rain,Front to Rear,no,no,no,no,yes,False