master_record_number,agency,agency_tracking_number,county,city,collision_date,vehicles_involved,number_injured,number_dead,latitude,longitude,roadway_name,roadway_suffix,roadway_number,roadway_local_id,distance_from_reference,miles-feet_indicator,direction_from_reference,intersection_road_name,intersection_road_name_suffix,intersection_road_number,intersection_local_id,mile_marker,intersection_indicator,intersect_type,interchange_related_indicator,relation_to_junction,work_zone_type,construction_maintenance_zone,construction_maintenance_zone_location,fatal_case_number,officer_first_name,officer_last_name,weather_condition(s),manner_of_crash,pedestrian,bicycle,scooter,parking,hitrun,mou
101635185,METROPOLITAN NASHVILLE POLICE DEPT,20170400305,Davidson,Nashville,5/5/2017 12:55:00 PM,1,1,0,36.155690,-86.680460,LAKELAND DR,,,,254.00,Feet,East,MCGAVOCK PKE,,,,0.00,N,Not at Intersection,N,Non-Junction,None,,,         ,Richard,Hyatt,Rain,Not Collision with Motor Vehicle in Transport,no,no,no,no,no,False
101635191,METROPOLITAN NASHVILLE POLICE DEPT,2017-0400330,Davidson,Nashville,5/5/2017 1:05:00 PM,2,1,0,36.161200,-86.799830,17TH AVN,,,,60.00,Feet,South,JO JOHNSTON AV,,,,0.00,N,Not at Intersection,N,Non-Junction,None,,,         ,Brian,Murphy,Rain,Front to Rear,no,no,no,no,yes,False
101635202,METROPOLITAN NASHVILLE POLICE DEPT,20170400375,Davidson,Nashville,5/5/2017 1:15:00 PM,2,0,0,36.152660,-86.796700,WEST END AV,,,,242.00,Feet,West,18TH AVN,,,,0.00,N,Not at Intersection, ,Non-Junction,None,,,         ,Ian,Hammond,Rain,Angle,no,no,no,no,no,False
101635211,METROPOLITAN NASHVILLE POLICE DEPT,20170400217,Davidson,Nashville,5/5/2017 12:24:00 PM,1,4,0,36.040520,-86.782840,I65 S EXT RAMP,,,,0.00,Feet,East,I 65,,,,0.00,N,Not at Intersection,N,Entrance/Exit Ramp Related,None,,,         ,Kevin,Crawford,Rain,Not Collision with Motor Vehicle in Transport,no,no,no,no,no,False
101635217,METROPOLITAN NASHVILLE POLICE DEPT,20170400089,Davidson,Nashville,5/5/2017 10:48:00 AM,2,0,0,36.161380,-86.792250,CHARLOTTE AV,,,,142.00,Feet,East,GEORGE L DAVIS BLVD,,,,0.00,N,Not at Intersection,N,Non-Junction,Work Zone,,,         ,Kevin,Johnson,Rain,"Sideswipe, Same Direction",no,no,no,no,yes,False
101635220,METROPOLITAN NASHVILLE POLICE DEPT,20170400363,Davidson,Nashville,5/5/2017 1:29:00 PM,2,0,0,36.165000,-86.602430,BELL RD,,,,112.00,Feet,East,MILLS RD,,,,0.00,N,Not at Intersection,N,Non-Junction,None,,,         ,Michael,Brooks,Rain,Front to Rear,no,no,no,no,no,False
101635237,METROPOLITAN NASHVILLE POLICE DEPT,20170400307,Davidson,Nashville,5/5/2017 1:00:00 PM,1,1,0,36.117440,-86.699250,BRILEY PKWY N EXT RAMP,,,,0.00,,,MURFREESBORO PKE,,,,0.00,Y,T-Intersection,Y,Entrance/Exit Ramp Related,None,,,         ,Todd,Watson,Rain,Not Collision with Motor Vehicle in Transport,no,no,no,no,no,False
101635240,METROPOLITAN NASHVILLE POLICE DEPT,20170400380,Davidson,Nashville,5/5/2017 1:27:00 PM,2,0,0,36.079280,-86.727260,HARDING PL,,,,301.00,Feet,West,NOLENSVILLE PKE,,,,0.00,N,Not at Intersection,N,Non-Junction,None,,,         ,Darrell,Osment,Rain,Front to Rear,no,no,no,no,yes,False
101635241,METROPOLITAN NASHVILLE POLICE DEPT,20170400453,Davidson,Nashville,5/5/2017 2:07:00 PM,2,0,0,36.206500,-86.776490,W TRINITY LN,,,,10.00,Feet,South,I65 S ENT RAMP,,,,0.00,N,Not at Intersection, ,Non-Junction,None,,,         ,Michael,Parman,Rain,Front to Rear,no,no,no,no,no,False
101635254,METROPOLITAN NASHVILLE POLICE DEPT,20170400254,Davidson,Nashville,5/5/2017 12:10:00 PM,2,0,0,36.116630,-86.923240,OLD HICKORY BLVD,,,,0.00,,,CHARLOTTE PKE,,,,0.00,Y,Four-Way, ,Intersection-Related,None,,,         ,Christopher,Royer,Rain,Front to Rear,no,no,no,no,no,False
101635264,METROPOLITAN NASHVILLE POLICE DEPT,20170400367,Davidson,Nashville,5/5/2017 1:27:00 PM,2,0,0,36.109390,-86.814030,CRESTMOOR RD,,,,397.00,Feet,East,GREEN HILLS VILLAGE DR,,,,0.00,N,Not at Intersection,N,Non-Junction,None,,,         ,Andrew,Maholland,Rain,Front to Rear,no,no,no,no,no,False
101635265,METROPOLITAN NASHVILLE POLICE DEPT,2017-0400388,Davidson,Nashville,5/5/2017 1:35:00 PM,2,0,0,36.140870,-86.817430,WEST END AV,,,,0.00,,,ACKLEN PARK DR,,,,0.00,Y,T-Intersection,Y,Intersection,None,,,         ,Timothy,Edwards,Rain,Other,no,no,no,no,no,False
101635298,METROPOLITAN NASHVILLE POLICE DEPT,20170399929,Davidson,Nashville,5/5/2017 11:53:00 AM,2,0,0,36.105380,-86.725520,LAKE PARK DR,,,,349.00,Feet,East,MAVERT DR,,,,0.00,N,Not at Intersection,N,Non-Junction,None,,,         ,Jessie,Meadows,Rain,"Sideswipe, Same Direction",no,no,no,yes,no,False
101635300,METROPOLITAN NASHVILLE POLICE DEPT,20170400303,Davidson,Nashville,5/5/2017 1:50:00 PM,2,3,0,36.046430,-86.661180,I 24,,,,0.00,,,,,,,59.30,N,Not at Intersection,N,Non-Junction,None,,,         ,Jessie,Meadows,Rain,Front to Rear,no,no,no,no,no,False
101635304,METROPOLITAN NASHVILLE POLICE DEPT,20170400471,Davidson,Nashville,5/5/2017 2:21:00 PM,2,1,0,36.226310,-86.603190,SAUNDERSVILLE RD,,,,0.00,,,SHUTE LN,,,,0.00,Y,T-Intersection,N,Non-Junction,None,,,         ,Wesley,Young,Rain,Angle,no,no,no,no,no,False
101635340,METROPOLITAN NASHVILLE POLICE DEPT,20170400608,Davidson,Nashville,5/5/2017 3:21:00 PM,2,0,0,36.149670,-86.772710,I 40,,,,0.00,,,,,,,210.25,N,Not at Intersection,N,Non-Junction,None,,,         ,David,Collins,Rain,Front to Rear,no,no,no,no,no,False
101635342,METROPOLITAN NASHVILLE POLICE DEPT,20170400523,Davidson,Nashville,5/5/2017 2:32:00 PM,2,0,0,36.136870,-86.700450,GLASTONBURY RD,,,,257.00,Feet,West,BRILEY PKWY,,,,0.00,N,Not at Intersection, ,Non-Junction,None,,,         ,Patrick,Taylor,Rain,Angle,no,no,no,no,no,False
101635348,METROPOLITAN NASHVILLE POLICE DEPT,2017-0400613,Davidson,Nashville,5/5/2017 3:21:00 PM,2,0,0,36.070790,-86.871600,CHICKERING RD,,,,0.00,,,PAGE RD,,,,0.00,Y,Y-Intersection,N,Intersection,None,,,         ,Ryan,Allen,Rain,Front to Rear,no,no,no,no,yes,False
101635366,METROPOLITAN NASHVILLE POLICE DEPT,20170400472,Davidson,Nashville,5/5/2017 3:29:00 PM,2,0,0,36.099230,-86.710760,I 24,,,,0.00,,,,,,,54.60,N,Not at Intersection,N,Non-Junction,None,,,         ,Jessie,Meadows,Rain,Front to Rear,no,no,no,no,no,False
101635370,METROPOLITAN NASHVILLE POLICE DEPT,20170400502,Davidson,Nashville,5/5/2017 12:00:00 AM,2,2,0,36.168050,-86.765640,I24 W ENT RAMP,,,,0.00,,,I 24,,,,0.00,Y,OTHER,N,Entrance/Exit Ramp Related,None,,,         ,Tien,Nguyen,Rain,"Sideswipe, Same Direction",no,no,no,no,yes,False
101635375,METROPOLITAN NASHVILLE POLICE DEPT,20170400624,Davidson,Not in City Limit,5/5/2017 2:13:00 PM,2,2,0,36.104510,-86.931830,I 40,,,,0.00,,,,,,,198.60,N,Not at Intersection,N,Non-Junction,None,,,         ,Brandon,Pedigo,Rain,"Sideswipe, Same Direction",no,no,no,no,yes,False
101635376,METROPOLITAN NASHVILLE POLICE DEPT,20170400680,Davidson,Not in City Limit,5/5/2017 3:45:00 PM,2,0,0,36.080040,-86.954310,HIGHWAY 70S,,,,177.00,Feet,East,I40 E ENT RAMP,,,,0.00,N,Not at Intersection, ,,None,,,         ,Benjamin,Spees,,,no,no,no,no,no,False
101635378,METROPOLITAN NASHVILLE POLICE DEPT,20170400545,Davidson,Not in City Limit,5/5/2017 12:00:00 AM,1,0,0,36.273770,-86.832510,WHITES CREEK PKE,,,,0.56,Miles,North,OLD HICKORY BLVD,,,,0.00,N,Not at Intersection,N,Non-Junction,None,,,         ,Melvin,Taylor,Cloudy,Not Collision with Motor Vehicle in Transport,no,no,no,no,yes,False
101635384,METROPOLITAN NASHVILLE POLICE DEPT,20170400615,Davidson,Nashville,5/5/2017 12:49:00 PM,2,0,0,36.130440,-86.899990,I40 W EXT RAMP,,,,0.00,,,I 40,,,,0.00,Y,T-Intersection, ,,None,,,         ,Johnathan,Pannell,,,no,no,no,no,no,False
101635387,METROPOLITAN NASHVILLE POLICE DEPT,20170400562,Davidson,Nashville,5/5/2017 3:05:00 PM,2,0,0,36.150960,-86.783360,DIVISION ST,,,,64.00,Feet,West,MAGAZINE ST,,,,0.00,N,Not at Intersection, ,Non-Junction,None,,,         ,Derek,Betty,Rain,"Sideswipe, Same Direction",no,no,no,no,no,False
101635392,METROPOLITAN NASHVILLE POLICE DEPT,20170400593,Davidson,Nashville,5/5/2017 3:05:00 PM,2,0,0,36.040840,-86.773470,OLD HICKORY BLVD,,,,0.00,,,HEALTH PARK DR,,,,0.00,Y,Four-Way,Y,Intersection,None,,,         ,Nicholas,Berens,Rain,Front to Rear,no,no,no,no,no,False
101635402,METROPOLITAN NASHVILLE POLICE DEPT,20170400543,Davidson,Nashville,5/5/2017 2:55:00 PM,2,0,0,36.200010,-86.608090,RACHEL DONELSON PASS,,,,0.00,,,ANDREW JACKSON PKWY,,,,0.00,Y,T-Intersection,N,Intersection,None,,,         ,Johnny,Crumby Jr.,Rain,Front to Rear,no,no,no,no,no,False
101635412,BERRY HILL POLICE DEPT,17-1483,Davidson,Berry Hill,5/4/2017 12:00:00 AM,1,0,0,36.119560,-86.761380,MELROSE AV,,,,0.00,,,FOUR FORTY CENTER PVTDR,,,,0.00,Y,OTHER,N,Non-Junction,None,,,         ,John,Gleixner,Rain,Not Collision with Motor Vehicle in Transport,no,no,no,no,no,False
101635416,METROPOLITAN NASHVILLE POLICE DEPT,20170400714,Davidson,Nashville,5/5/2017 4:00:00 PM,2,0,0,36.197730,-86.837440,CLARKSVILLE PKE,,,,56.00,Feet,North,ASHLAND CITY HWY,,,,0.00,N,Not at Intersection,Y,"Driveway, Alley Access, etc",None,,,         ,Christopher,Templin,Rain,Angle,no,no,no,no,no,False
101635420,METROPOLITAN NASHVILLE POLICE DEPT,20170400622,Davidson,Nashville,5/5/2017 3:28:00 PM,2,0,0,36.109930,-86.734600,THOMPSON LN,,,,0.00,Feet,,WINGATE AV,,,,0.00,Y,T-Intersection, ,Intersection-Related,None,,,         ,Alyson,Cook,Rain,Angle,no,no,no,no,no,False
101635431,METROPOLITAN NASHVILLE POLICE DEPT,20170400582,Davidson,Not in City Limit,5/5/2017 3:07:00 PM,2,0,0,36.308060,-86.821810,I 24,,,,0.00,,,,,,,38.00,N,Not at Intersection,N,Non-Junction,None,,,         ,Timothy,Morgan,Rain,Front to Rear,no,no,no,no,no,False
101635435,METROPOLITAN NASHVILLE POLICE DEPT,20170400770,Davidson,Nashville,5/5/2017 4:18:00 PM,3,1,0,36.151670,-86.789520,DIVISION ST,,,,0.00,,,MUSIC CIRE,,,,0.00,Y,Four-Way,N,Intersection-Related,None,,,         ,Tien,Nguyen,Rain,Front to Rear,no,no,no,no,no,False
101635446,METROPOLITAN NASHVILLE POLICE DEPT,20170400745,Davidson,Nashville,5/5/2017 4:19:00 PM,1,1,0,36.164030,-86.596920,OLD HICKORY BLVD,,,,183.00,Feet,East,ARBOR LAKE BLVD,,,,0.00,N,Not at Intersection,N,Non-Junction,None,,,         ,Craig,Gentry,Rain,Not Collision with Motor Vehicle in Transport,yes,no,no,yes,no,False
101635453,METROPOLITAN NASHVILLE POLICE DEPT,20170400730,Davidson,Nashville,5/5/2017 4:15:00 PM,2,1,0,36.094660,-86.707080,I 24,,,,0.00,,,,,,,55.00,N,Not at Intersection,N,Non-Junction,None,,,         ,Alyson,Cook,Rain,Front to Rear,no,no,no,no,no,False
101635454,METROPOLITAN NASHVILLE POLICE DEPT,20170400681,Davidson,Nashville,5/5/2017 2:45:00 PM,2,0,0,36.142590,-86.815500,31ST AVN,,,,0.00,,,WEST END AV,,,,0.00,Y,Four-Way, ,Intersection,None,,,         ,Maria,Cortez,Rain,Angle,no,no,no,no,no,Campus
101635456,METROPOLITAN NASHVILLE POLICE DEPT,20170400806,Davidson,Nashville,5/5/2017 4:36:00 PM,2,0,0,36.240590,-86.632360,OLD HICKORY BLVD,,,,412.00,Feet,West,PRENTISS DR,,,,0.00,N,Not at Intersection, ,OtherLocation,None,,,         ,Christopher,Mackey,Rain,Front to Rear,no,no,no,no,no,False
101635467,METROPOLITAN NASHVILLE POLICE DEPT,20170400850,Davidson,Nashville,5/5/2017 4:40:00 PM,2,0,0,36.161090,-86.781140,COMMERCE ST,,,,220.00,Feet,East,7TH AVN,,,,0.00,N,Not at Intersection,N,Non-Junction,None,,,         ,Chad,Wilkinson,Cloudy,Front to Rear,no,no,no,no,yes,False
101635469,METROPOLITAN NASHVILLE POLICE DEPT,20170400800,Davidson,Nashville,5/5/2017 3:44:00 PM,3,0,0,36.046940,-86.673770,BLUE HOLE RD,,,,471.00,Feet,North,BELL RD,,,,0.00,N,Not at Intersection,N,Non-Junction,None,,,         ,Alyson,Cook,Rain,"Sideswipe, Same Direction",no,no,no,no,yes,False
101635471,METROPOLITAN NASHVILLE POLICE DEPT,20170400808,Davidson,Nashville,5/5/2017 3:35:00 PM,2,0,0,36.195290,-86.752670,ELLINGTON PKWY S EXT RAMP,,,,0.00,,,ELLINGTON PKWYS,,,,0.00,Y,Y-Intersection, ,Entrance/Exit Ramp Related,None,,,         ,Charles,Wakefield,Rain,"Sideswipe, Same Direction",no,no,no,no,no,False
101635473,Nashville Airport Police,2017-01463,Davidson,Nashville,5/5/2017 4:45:00 PM,2,0,0,36.136160,-86.667550,TERMINAL DR,,,,0.00,,,I40 E EXT RAMP,,,,0.00,Y,OTHER, ,Non-Junction,None,,,         ,Daniel,Winter,Rain,Angle,no,no,no,no,no,False
101635491,METROPOLITAN NASHVILLE POLICE DEPT,20170400740,Davidson,Nashville,5/5/2017 4:10:00 PM,2,0,0,36.141940,-86.781060,EDGEHILL AV,,,,0.00,,,HILLSIDE AV,,,,0.00,Y,Four-Way, ,Non-Junction,None,,,         ,David,Collins,Rain,"Sideswipe, Same Direction",no,no,no,no,no,False
101635493,METROPOLITAN NASHVILLE POLICE DEPT,20170400854,Davidson,Not in City Limit,5/5/2017 5:06:00 PM,1,0,0,36.283540,-86.861140,OLD HICKORY BLVD,,,,0.58,Miles,North,BURGESS RD,,,,0.00,N,Not at Intersection, ,Non-Junction,None,,,         ,Timothy,Morgan,Rain,Not Collision with Motor Vehicle in Transport,no,no,no,no,no,False
101635494,METROPOLITAN NASHVILLE POLICE DEPT,20170400876,Davidson,Nashville,5/5/2017 5:07:00 PM,2,1,0,36.169910,-86.766820,I 24,,,,0.00,,,,,,,48.70,N,Not at Intersection,N,Non-Junction,None,,,         ,Benjamin,Williams,Rain,Front to Rear,no,no,no,no,no,False
101635498,METROPOLITAN NASHVILLE POLICE DEPT,20170400660,Davidson,Nashville,5/5/2017 4:30:00 PM,2,0,0,36.045030,-86.659500,BELL RD,,,,80.00,Feet,East,I24 E ENT RAMP,,,,0.00,N,Not at Intersection, ,Non-Junction,None,,,         ,Jessie,Meadows,Rain,"Sideswipe, Same Direction",no,no,no,no,no,False
101635499,METROPOLITAN NASHVILLE POLICE DEPT,20170400676,Davidson,Nashville,5/5/2017 4:46:00 PM,1,0,0,36.045900,-86.660560,I24 E EXT RAMP,,,,0.00,Feet,East,I 24,,,,0.00,N,Not at Intersection, ,Entrance/Exit Ramp Related,None,,,         ,Jessie,Meadows,Rain,Not Collision with Motor Vehicle in Transport,no,no,no,no,no,False
101635500,METROPOLITAN NASHVILLE POLICE DEPT,20170400805,Davidson,Nashville,5/5/2017 5:49:00 PM,2,0,0,36.045450,-86.703960,OLD HICKORY BLVD,,,,104.00,Feet,West,EULALA DR,,,,0.00,N,Not at Intersection, ,Non-Junction,None,,,         ,Jessie,Meadows,Rain,Front to Rear,no,no,no,no,no,False
101635502,METROPOLITAN NASHVILLE POLICE DEPT,20170400845,Davidson,Nashville,5/5/2017 4:55:00 PM,2,0,0,36.167650,-86.762090,SHELBY AV,,,,45.00,Feet,East,S 5TH ST,,,,0.00,N,Not at Intersection, ,Non-Junction,None,,,         ,Alexander,Georgeson,Rain,Front to Rear,no,no,no,no,no,False
101635507,METROPOLITAN NASHVILLE POLICE DEPT,20170400930,Davidson,Nashville,5/5/2017 5:05:00 PM,2,0,0,36.164980,-86.630300,STONES RIVER GRNWY,,,,1262.00,Feet,South,CLOVER BOTTOM PVTDR,,,,0.00,N,Not at Intersection, ,Non-Junction,None,,,         ,Jaby,Djabbarov,Rain,Front to Rear,no,no,no,no,no,False
101635528,METROPOLITAN NASHVILLE POLICE DEPT,20170401028,Davidson,Nashville,5/5/2017 6:06:00 PM,2,0,0,36.049310,-86.651630,BELL RD,,,,29.00,Feet,East,HICKORY HOLLOW MALL PVTDR PL,,,,0.00,N,Not at Intersection, ,Non-Junction,None,,,         ,Alyson,Cook,Rain,Front to Rear,no,no,no,no,no,False
101635529,METROPOLITAN NASHVILLE POLICE DEPT,20170400888,Davidson,Nashville,5/5/2017 5:10:00 PM,2,0,0,36.163450,-86.783530,7TH AVN,,,,0.00,,,UNION ST,,,,0.00,Y,Four-Way, ,Non-Junction,None,,,         ,Kendra,Cowper,Cloudy,"Sideswipe, Same Direction",no,no,no,no,no,False
101635531,METROPOLITAN NASHVILLE POLICE DEPT,20170400961,Davidson,Nashville,5/5/2017 4:55:00 PM,2,0,0,36.240600,-86.750810,BRILEY PKWYE,,,,83.00,Feet,East,I65 N ENT RAMP,,,,0.00,N,Not at Intersection, ,Non-Junction,None,,,         ,Amanda,Fox,Rain,Front to Rear,no,no,no,no,no,False
101635532,METROPOLITAN NASHVILLE POLICE DEPT,20170400974,Davidson,Nashville,5/5/2017 5:32:00 PM,2,0,0,36.226310,-86.603190,SAUNDERSVILLE RD,,,,0.00,,,SHUTE LN,,,,0.00,Y,T-Intersection, ,Intersection,None,,,         ,Christopher,Mackey,Rain,Front to Rear,no,no,no,no,no,False
101635534,METROPOLITAN NASHVILLE POLICE DEPT,20170400759,Davidson,Nashville,5/5/2017 2:49:00 PM,2,0,0,36.137570,-86.800760,WEDGEWOOD AV,,,,0.00,,,21ST AVS,,,,0.00,Y,Four-Way, ,Intersection-Related,None,,,         ,Tien,Nguyen,Rain,"Sideswipe, Same Direction",no,no,no,no,no,Campus
101635535,METROPOLITAN NASHVILLE POLICE DEPT,20170400987,Davidson,Nashville,5/5/2017 5:41:00 PM,2,0,0,36.124690,-86.789150,GILMORE AV,,,,126.00,Feet,East,12TH AVS,,,,0.00,N,Not at Intersection,N,Non-Junction,None,,,         ,Tien,Nguyen,Rain,Rear to Rear,no,no,no,no,no,False
101635539,METROPOLITAN NASHVILLE POLICE DEPT,20170400649,Davidson,Nashville,5/5/2017 3:39:00 PM,2,1,0,36.134580,-86.790260,ACKLEN AV,,,,152.00,Feet,East,14TH AVS,,,,0.00,N,Not at Intersection,N,Non-Junction,None,,,         ,Eric,Thomas,Rain,Angle,no,no,no,no,no,False
101635540,METROPOLITAN NASHVILLE POLICE DEPT,20170401065,Davidson,Antioch,5/5/2017 6:21:00 PM,1,0,0,36.023360,-86.644990,CANE RIDGE RD,,,,328.00,Feet,West,BLAIRFIELD DR,,,,0.00,N,Not at Intersection,N,Non-Junction,None,,,         ,Alyson,Cook,Rain,Not Collision with Motor Vehicle in Transport,no,no,no,no,no,False
101635551,METROPOLITAN NASHVILLE POLICE DEPT,20170400698,Davidson,Nashville,5/5/2017 4:00:00 PM,2,1,0,36.238140,-86.782800,BRILEY PKWYE,,,,67.00,Feet,East,I24 W EXT RAMP,,,,0.00,N,Not at Intersection,N,Non-Junction,None,,,         ,Jerry,Pirtle,Rain,"Sideswipe, Same Direction",no,no,no,no,yes,False
101635599,METROPOLITAN NASHVILLE POLICE DEPT,20170400860,Davidson,Nashville,5/5/2017 5:00:00 PM,2,0,0,36.164990,-86.820080,28TH AVN,,,,229.00,Feet,South,ALAMEDA ST,,,,0.00,N,Not at Intersection, ,Non-Junction,None,,,         ,Andy,Esqueda,Cloudy,Front to Rear,no,no,no,no,no,False
101635605,METROPOLITAN NASHVILLE POLICE DEPT,20170401156,Davidson,Nashville,5/5/2017 5:57:00 PM,2,0,0,36.153660,-86.788000,I 40,,,,0.00,,,,,,,209.30,N,Not at Intersection,N,Non-Junction,None,,,         ,Tien,Nguyen,Rain,Front to Rear,no,no,no,no,yes,False
101635606,METROPOLITAN NASHVILLE POLICE DEPT,20170401037,Davidson,Nashville,5/5/2017 6:01:00 PM,3,0,0,36.209050,-86.684660,FAIRBROOK DR,,,,0.00,,,MCGAVOCK PKE,,,,0.00,Y,T-Intersection,N,Intersection,None,,,         ,Johnny,Crumby Jr.,Rain,Front to Rear,no,no,no,no,no,False
101635614,METROPOLITAN NASHVILLE POLICE DEPT,20170400837,Davidson,Nashville,5/5/2017 4:50:00 PM,2,0,0,36.093350,-86.633040,SMITH SPRINGS RD,,,,59.00,Feet,West,OLD SMITH SPRINGS RD,,,,0.00,N,Not at Intersection,N,Non-Junction,None,,,         ,Kimberly,Annson,Rain,Front to Rear,no,no,no,no,no,False
101635615,METROPOLITAN NASHVILLE POLICE DEPT,20170401090,Davidson,Nashville,5/5/2017 6:25:00 PM,2,0,0,36.193900,-86.766480,DOUGLAS AV,,,,135.00,Feet,West,PENNOCK AV,,,,0.00,N,Not at Intersection, ,"Driveway, Alley Access, etc",None,,,         ,Charles,Wakefield,Rain,Angle,no,no,no,no,no,False
101635626,METROPOLITAN NASHVILLE POLICE DEPT,20170401078,Davidson,Nashville,5/5/2017 5:12:00 PM,2,0,0,36.140690,-86.732170,I 40,,,,0.00,,,,,,,213.00,N,Not at Intersection, ,Non-Junction,None,,,         ,Jedidayah,Merriweather,Rain,Front to Rear,no,no,no,no,no,False
101635631,METROPOLITAN NASHVILLE POLICE DEPT,20170401195,Davidson,Nashville,5/5/2017 7:17:00 PM,2,0,0,36.160340,-86.778750,BROADWAY,,,,102.00,Feet,West,5TH AVS,,,,0.00,N,Not at Intersection, ,Non-Junction,None,,,         ,Chad,Wilkinson,Cloudy,"Sideswipe, Same Direction",no,no,no,no,no,False
101635634,METROPOLITAN NASHVILLE POLICE DEPT,2017-0400965,Davidson,Nashville,5/5/2017 5:46:00 PM,2,2,0,36.179280,-86.824400,ED TEMPLE BLVD,,,,608.00,Feet,South,BUCHANAN ST,,,,0.00,N,Not at Intersection,N,Non-Junction,None,,,         ,Thomas,Burns,Rain,Angle,no,no,no,no,no,False
101635660,METROPOLITAN NASHVILLE POLICE DEPT,20170401185,Davidson,Nashville,5/5/2017 6:55:00 PM,2,0,0,36.165280,-86.781560,DEADERICK ST,,,,0.00,,,5TH AVN,,,,0.00,Y,Four-Way, ,Non-Junction,None,,,         ,Kendra,Cowper,Cloudy,Front to Rear,no,no,no,no,no,False
101635662,METROPOLITAN NASHVILLE POLICE DEPT,2017-0400552,Davidson,Nashville,5/5/2017 2:51:00 PM,1,0,0,36.040450,-86.782130,I65 N EXT RAMP,,,,0.00,Feet,East,I 65,,,,0.00,N,Not at Intersection,N,Entrance/Exit Ramp Related,None,,,         ,William,King,Rain,Not Collision with Motor Vehicle in Transport,no,no,no,no,no,False
101635663,METROPOLITAN NASHVILLE POLICE DEPT,2017-0400999,Davidson,Nashville,5/5/2017 6:01:00 PM,3,4,0,36.041780,-86.782400,I 65,,,,0.00,,,,,,,74.80,N,Not at Intersection,N,Non-Junction,None,,,         ,William,King,Rain,Not Collision with Motor Vehicle in Transport,no,no,no,no,yes,False
101635680,METROPOLITAN NASHVILLE POLICE DEPT,20170401000,Davidson,Nashville,5/5/2017 4:58:00 PM,2,0,0,36.054510,-86.642710,BELL RD,,,,202.00,Feet,South,THE OVERLOOK PVTDR,,,,0.00,N,Not at Intersection, ,Non-Junction,None,,,         ,Darryl,Williams,Rain,Front to Rear,no,no,no,no,no,False
101635681,METROPOLITAN NASHVILLE POLICE DEPT,2017-0398077,Davidson,Nashville,5/4/2017 8:30:00 PM,2,0,0,36.134240,-86.776370,I65 S ENT RAMP,,,,0.00,,,I65 S EXT RAMP,,,,0.00,Y,Four-Way, ,Intersection-Related,None,,,         ,John,Roberson,Cloudy,Front to Rear,no,no,no,no,no,False
101635720,VANDERBILT UNIVERSITY POLICE,17-0401248,Davidson,Nashville,5/5/2017 7:33:00 PM,2,0,0,36.107610,-86.765320,POWELL AVE,,,,1208.00,Feet,South,STATE HWY 155,,,,0.00,N,Not at Intersection,N,Non-Junction,None,,,         ,Anthony,Jones,Rain,Rear to Rear,no,no,no,yes,yes,False
101635722,METROPOLITAN NASHVILLE POLICE DEPT,20170401579,Davidson,Nashville,5/5/2017 9:09:00 PM,2,0,0,36.147960,-86.799300,21ST AVS,,,,0.00,,,BROADWAY,,,,0.00,Y,T-Intersection, ,Intersection-Related,None,,,         ,Tien,Nguyen,Clear,"Sideswipe, Same Direction",no,no,no,no,no,Campus
101635726,METROPOLITAN NASHVILLE POLICE DEPT,20170400656,Davidson,Nashville,5/5/2017 12:00:00 AM,2,0,0,36.146540,-86.767720,4TH AVS,,,,0.00,,,MILDRED SHUTE AV,,,,0.00,Y,T-Intersection,N,Non-Junction,None,,,         ,Akira,McSwain,Rain,Angle,no,no,no,no,no,False
101635735,METROPOLITAN NASHVILLE POLICE DEPT,20170401276,Davidson,Nashville,5/5/2017 7:33:00 PM,3,0,0,36.044870,-86.663450,BELL RD,,,,570.00,Feet,West,CANE RIDGE RD,,,,0.00,N,Not at Intersection,N,Non-Junction,None,,,         ,Matthew,Johnson,Cloudy,Front to Rear,no,no,no,no,no,False
101635738,METROPOLITAN NASHVILLE POLICE DEPT,20170400631,Davidson,Nashville,5/5/2017 3:15:00 PM,2,0,0,36.169170,-86.666760,J B ESTILLE DR,,,,185.00,Feet,North,LEBANON PKE,,,,0.00,N,Not at Intersection,N,Non-Junction,None,,,         ,Brent,Hedgcoth,Cloudy,Angle,no,no,no,no,no,False
101635739,METROPOLITAN NASHVILLE POLICE DEPT,20170400881,Davidson,Nashville,5/5/2017 5:10:00 PM,2,0,0,36.157430,-86.692650,BRILEY PKWYS,,,,997.00,Feet,North,BRILEY PKWYN,,,,0.00,N,Not at Intersection, ,,Unknown,,,         ,Brent,Hedgcoth,,,no,no,no,no,no,False
101635740,METROPOLITAN NASHVILLE POLICE DEPT,20170401005,Davidson,Nashville,5/5/2017 5:35:00 PM,2,0,0,36.157320,-86.692650,BRILEY PKWYS,,,,476.00,Feet,West,WANDA DR,,,,0.00,N,Not at Intersection, ,,Unknown,,,         ,Brent,Hedgcoth,,,no,no,no,no,no,False
101635746,METROPOLITAN NASHVILLE POLICE DEPT,20170401488,Davidson,Not in City Limit,5/5/2017 12:00:00 AM,1,0,0,36.260090,-86.886750,EATONS CREEK RD,,,,1556.00,Feet,East,OLD HICKORY BLVD,,,,0.00,N,Not at Intersection,N,Non-Junction,None,,,         ,Timothy,Morgan,Fog,Not Collision with Motor Vehicle in Transport,no,no,no,no,yes,False
101635748,METROPOLITAN NASHVILLE POLICE DEPT,2017-0401541,Davidson,Not in City Limit,5/5/2017 9:05:00 PM,3,1,0,36.069220,-86.943830,TODD PREIS DR,,,,350.00,Feet,West,ALBAR DR,,,,0.00,N,Not at Intersection,N,Non-Junction,None,,,         ,Michael,Rogers,Clear,Angle,no,no,no,no,no,False