master_record_number,agency,agency_tracking_number,county,city,collision_date,vehicles_involved,number_injured,number_dead,latitude,longitude,roadway_name,roadway_suffix,roadway_number,roadway_local_id,distance_from_reference,miles-feet_indicator,direction_from_reference,intersection_road_name,intersection_road_name_suffix,intersection_road_number,intersection_local_id,mile_marker,intersection_indicator,intersect_type,interchange_related_indicator,relation_to_junction,work_zone_type,construction_maintenance_zone,construction_maintenance_zone_location,fatal_case_number,officer_first_name,officer_last_name,weather_condition(s),manner_of_crash,pedestrian,bicycle,scooter,parking,hitrun,mou
101635749,METROPOLITAN NASHVILLE POLICE DEPT,20170401492,Davidson,Nashville,5/5/2017 6:39:00 PM,1,1,0,36.134180,-86.801190,21ST AVS,,,,0.00,,,MAGNOLIA BLVD,,,,0.00,Y,Four-Way,N,Intersection,None,,,         ,David,Collins,Rain,Not Collision with Motor Vehicle in Transport,yes,no,no,no,yes,Campus
101635750,METROPOLITAN NASHVILLE POLICE DEPT,20170401425,Davidson,Not in City Limit,5/5/2017 8:00:00 PM,1,0,0,36.289330,-86.681010,SWINGING BRIDGE RD,,,,0.00,,,,,,,0.00,,Not at Intersection,N,Non-Junction,None,,,         ,Jefferson,Hughes,Cloudy,Not Collision with Motor Vehicle in Transport,no,no,no,no,yes,False
101635751,METROPOLITAN NASHVILLE POLICE DEPT,20170401647,Davidson,Nashville,5/5/2017 8:42:00 PM,2,0,0,36.235600,-86.775020,MOOREWOOD DR,,,,18.00,Feet,East,WILMOTH RD,,,,0.00,N,Not at Intersection, ,Non-Junction,None,,,         ,Jordan,Vrbas,Cloudy,Angle,no,no,no,no,no,False
101635769,METROPOLITAN NASHVILLE POLICE DEPT,20170401678,Davidson,Nashville,5/5/2017 9:35:00 PM,2,0,0,36.100450,-86.672280,CITATION DR,,,,0.00,,,EZELL PKE,,,,0.00,Y,Four-Way,N,Non-Junction,None,,,         ,Alyson,Cook,Cloudy,Angle,no,no,no,no,no,False
101635787,METROPOLITAN NASHVILLE POLICE DEPT,20170401266,Davidson,Nashville,5/5/2017 7:33:00 PM,2,0,0,36.193850,-86.761830,N 5TH ST,,,,38.00,Feet,South,DOUGLAS AV,,,,0.00,N,Not at Intersection, ,Non-Junction,None,,,         ,Joshua,Lackey,Cloudy,Front to Rear,no,no,no,no,no,False
101635792,METROPOLITAN NASHVILLE POLICE DEPT,20170401591,Davidson,Nashville,5/5/2017 9:22:00 PM,2,4,0,36.153490,-86.834730,40TH AVN,,,,0.00,,,ALABAMA AV,,,,0.00,Y,T-Intersection,N,Non-Junction,None,,,         ,Jacob,West,Clear,HeadOn,no,no,no,no,no,False
101635793,METROPOLITAN NASHVILLE POLICE DEPT,20170400899,Davidson,Nashville,5/5/2017 4:41:00 PM,2,0,0,36.216880,-86.692340,MCGAVOCK PKE EB EXT RAMP,,,,0.00,,,BRILEY PKWYN,,,,0.00,Y,Four-Way, ,Intersection,None,,,         ,John,Daugherty,Rain,Front to Rear,no,no,no,no,no,False
101635794,METROPOLITAN NASHVILLE POLICE DEPT,20170401013,Davidson,Nashville,5/5/2017 5:28:00 PM,2,0,0,36.160310,-86.692000,BRILEY PKWYS,,,,1286.00,Feet,North,,,,,0.00,,Not at Intersection, ,Non-Junction,None,,,         ,John,Daugherty,Rain,Front to Rear,no,no,no,no,no,False
101635806,METROPOLITAN NASHVILLE POLICE DEPT,20170401374,Davidson,Nashville,5/5/2017 8:15:00 PM,1,0,0,36.153010,-86.690740,BRILEY PKWY N ENT RAMP,,,,0.00,Feet,East,BRILEY PKWYN,,,,0.00,N,Not at Intersection,Y,Entrance/Exit Ramp Related,None,,,         ,Tyler,Maupin,Cloudy,Not Collision with Motor Vehicle in Transport,no,no,no,no,no,False
101635810,METROPOLITAN NASHVILLE POLICE DEPT,20170401051,Davidson,Goodlettsville,5/5/2017 12:00:00 AM,1,0,0,36.298820,-86.689050,TWIN HILLS DR,,,,303.00,Feet,North,PAULA DR,,,,0.00,N,Not at Intersection,N,Non-Junction,None,,,         ,Joel,Callies,Rain,Not Collision with Motor Vehicle in Transport,no,no,no,no,no,False
101635840,METROPOLITAN NASHVILLE POLICE DEPT,20170401809,Davidson,Nashville,5/5/2017 10:31:00 PM,2,0,0,36.162280,-86.814000,HERMAN ST,,,,170.00,Feet,East,25TH AVN,,,,0.00,N,Not at Intersection,N,Non-Junction,None,,,         ,Joshua,Green,Cloudy,HeadOn,no,no,no,no,yes,False
101635844,METROPOLITAN NASHVILLE POLICE DEPT,20170401574,Davidson,Nashville,5/5/2017 9:20:00 PM,2,4,0,36.134920,-86.704780,MASSMAN DR,,,,0.00,,,PATRICIA DR,,,,0.00,Y,Four-Way,N,Intersection,None,,,         ,Patrick,Taylor,Clear,Angle,no,no,no,no,no,False
101635850,METROPOLITAN NASHVILLE POLICE DEPT,20170401739,Davidson,Nashville,5/5/2017 10:30:00 PM,2,0,0,36.158800,-86.776350,DEMONBREUN ST,,,,153.00,Feet,West,4TH AVS,,,,0.00,N,Not at Intersection, ,Non-Junction,None,,,         ,Hunter,Fikes,Clear,Angle,no,no,no,no,no,False
101635859,METROPOLITAN NASHVILLE POLICE DEPT,20170401849,Davidson,Nashville,5/5/2017 11:05:00 PM,2,0,0,36.155700,-86.760360,I24 W ENT RAMP,,,,0.00,,,I40 E ENT RAMP,,,,0.00,Y,OTHER, ,,None,,,         ,Bo,Branum,,,no,no,no,no,no,False
101635872,METROPOLITAN NASHVILLE POLICE DEPT,20170402003,Davidson,Nashville,5/6/2017 12:40:00 AM,2,0,0,36.157110,-86.774670,4TH AVS,,,,0.00,,,KOREAN VETERANS BLVD,,,,0.00,Y,Four-Way,N,Intersection-Related,None,,,         ,John,Anderson,Clear,"Sideswipe, Same Direction",no,no,no,no,yes,False
101635873,METROPOLITAN NASHVILLE POLICE DEPT,20170401788,Davidson,Nashville,5/5/2017 10:10:00 PM,2,1,0,36.079600,-86.726320,NOLENSVILLE PKE,,,,0.00,Feet,,HARDING PL,,,,0.00,Y,Four-Way,N,Intersection-Related,None,,,         ,Sandra,Fly,Cloudy,"Sideswipe, Same Direction",no,no,no,no,no,False
101635874,METROPOLITAN NASHVILLE POLICE DEPT,20170401891,Davidson,Nashville,5/5/2017 10:55:00 PM,2,0,0,36.194520,-86.775560,I 65,,,,0.00,,,,,,,86.50,N,Not at Intersection,N,Non-Junction,None,,,         ,Douglas,Smith,Clear,"Sideswipe, Same Direction",no,no,no,no,yes,False
101635875,METROPOLITAN NASHVILLE POLICE DEPT,20170401730,Davidson,Nashville,5/5/2017 10:00:00 PM,2,0,0,36.119010,-86.726490,I 24,,,,0.00,,,,,,,53.00,N,Not at Intersection, ,Non-Junction,None,,,         ,Brenda,Navarro,Cloudy,"Sideswipe, Same Direction",no,no,no,no,no,False
101635877,METROPOLITAN NASHVILLE POLICE DEPT,20170401768,Davidson,Nashville,5/5/2017 10:40:00 PM,2,0,0,36.197480,-86.837170,CLARKSVILLE PKE,,,,64.00,Feet,South,ASHLAND CITY HWY,,,,0.00,N,Not at Intersection,N,Non-Junction,None,,,         ,Phillip,Black,Clear,Front to Rear,no,no,no,no,no,False
101635880,METROPOLITAN NASHVILLE POLICE DEPT,20170401824,Davidson,Nashville,5/5/2017 11:10:00 PM,2,1,0,36.233140,-86.758660,DICKERSON PKE,,,,0.00,Feet,,MAPLEWOOD TRC,,,,0.00,Y,Four-Way,Y,Intersection-Related,None,,,         ,Terrance,McBride,Rain,Angle,no,no,no,no,no,False
101635884,METROPOLITAN NASHVILLE POLICE DEPT,20170401888,Davidson,Nashville,5/5/2017 11:32:00 PM,2,0,0,36.200450,-86.740210,GALLATIN PKE,,,,146.00,Feet,North,SPAIN AV,,,,0.00,N,Not at Intersection, ,Non-Junction,None,,,         ,Wallis,Massey,Clear,"Sideswipe, Same Direction",no,no,no,no,no,False
101635897,METROPOLITAN NASHVILLE POLICE DEPT,20170401994,Davidson,Nashville,5/5/2017 11:44:00 PM,2,0,0,36.049550,-86.650910,BELL RD,,,,258.00,Feet,East,HICKORY HOLLOW MALL PVTDR PL,,,,0.00,N,Not at Intersection,N,Non-Junction,None,,,         ,Jonathon,Sheppard,Clear,"Sideswipe, Same Direction",no,no,no,no,yes,False
101635898,METROPOLITAN NASHVILLE POLICE DEPT,20170402047,Davidson,Nashville,5/6/2017 1:03:00 AM,2,2,0,36.046020,-86.657930,COLLINS PARK DR,,,,0.00,,,BELL RD,,,,0.00,Y,Four-Way,Y,Intersection,None,,,         ,Jonathon,Sheppard,Clear,Front to Rear,no,no,no,no,no,False
101635913,METROPOLITAN NASHVILLE POLICE DEPT,20170402161,Davidson,Nashville,5/6/2017 12:07:00 AM,2,0,0,36.149280,-86.797800,DIVISION ST,,,,135.00,Feet,South,BROADWAY,,,,0.00,N,Not at Intersection,N,Non-Junction,None,,,         ,Eric,Westbrook,Clear,Unknown,no,no,no,no,yes,False
101635924,METROPOLITAN NASHVILLE POLICE DEPT,20170402118,Davidson,Nashville,5/6/2017 1:09:00 AM,2,0,0,36.104700,-86.716490,I 24,,,,0.00,,,,,,,54.15,N,Not at Intersection,N,Non-Junction,None,,,         ,Erik,Dabbs,Clear,"Sideswipe, Same Direction",no,no,no,no,yes,False
101635925,METROPOLITAN NASHVILLE POLICE DEPT,20170402053,Davidson,Nashville,5/6/2017 1:00:00 AM,2,0,0,36.206930,-86.778500,HAMPTON ST,,,,0.00,,,,,,,0.00,,,N,Non-Junction,None,,,         ,Geoffrey,Daugherty,Clear,Rear to Side,no,no,no,yes,no,False
101635928,METROPOLITAN NASHVILLE POLICE DEPT,20170401806,Davidson,Nashville,5/5/2017 11:06:00 PM,1,0,0,36.154120,-86.762680,I24 W ENT RAMP,,,,0.00,,East,I 40,,,,0.00,N,Not at Intersection,N,Non-Junction,None,,,         ,Cody,Jaworski,Clear,Not Collision with Motor Vehicle in Transport,no,no,no,yes,no,False
101635937,METROPOLITAN NASHVILLE POLICE DEPT,20170402212,Davidson,Nashville,5/6/2017 12:00:00 AM,1,0,0,36.207120,-86.589840,TULIP GROVE RD,,,,221.00,Feet,South,ASHLEY WAY,,,,0.00,N,Not at Intersection,N,Non-Junction,None,,,         ,Leonard,Spadavecchia,Fog,Not Collision with Motor Vehicle in Transport,no,no,no,yes,no,False
101635939,METROPOLITAN NASHVILLE POLICE DEPT,20170401816,Davidson,Nashville,5/5/2017 10:01:00 PM,2,1,0,36.137570,-86.800760,WEDGEWOOD AV,,,,0.00,,,21ST AVS,,,,0.00,Y,Four-Way,N,Non-Junction,None,,,         ,Kayla,Castro,Clear,Front to Rear,no,no,no,no,no,Campus
101635940,METROPOLITAN NASHVILLE POLICE DEPT,20170402298,Davidson,Nashville,5/6/2017 3:20:00 AM,1,0,0,36.240810,-86.746300,I65 N ENT RAMP,,,,0.00,Feet,East,BRILEY PKWYE,,,,0.00,N,Not at Intersection,N,Non-Junction,None,,,         ,Rudy,Basaldua,Clear,Not Collision with Motor Vehicle in Transport,no,no,no,no,no,False
101635941,METROPOLITAN NASHVILLE POLICE DEPT,20170402308,Davidson,Nashville,5/6/2017 3:25:00 AM,2,0,0,36.162270,-86.775420,2ND AVN,,,,157.00,Feet,North,BROADWAY,,,,0.00,N,Not at Intersection, ,Non-Junction,None,,,         ,Damon,Hutcheson,Cloudy,Front to Rear,no,no,no,no,no,False
101635944,METROPOLITAN NASHVILLE POLICE DEPT,20170401936,Davidson,Nashville,5/6/2017 12:00:00 AM,2,1,0,36.151420,-86.768640,I 40,,,,0.00,,,,,,,210.50,N,Not at Intersection,N,Non-Junction,None,,,         ,Jessica,Johnson,Clear,Front to Rear,no,no,no,no,no,False
101635947,METROPOLITAN NASHVILLE POLICE DEPT,20170402287,Davidson,Nashville,5/6/2017 12:00:00 AM,2,0,0,36.134240,-86.896060,CABOT DR,,,,1529.00,Feet,South,UPTON LN,,,,0.00,N,Not at Intersection,N,Non-Junction,None,,,         ,Jeffrey,Barfield,Fog,Front to Rear,no,no,no,yes,no,False
101635977,METROPOLITAN NASHVILLE POLICE DEPT,20170402250,Davidson,Nashville,5/6/2017 2:18:00 AM,2,0,0,36.161020,-86.777200,BROADWAY,,,,0.00,,,4TH AVN,,,,0.00,Y,Four-Way, ,Intersection-Related,None,,,         ,Hunter,Fikes,Clear,Angle,no,no,no,no,no,False
101635981,METROPOLITAN NASHVILLE POLICE DEPT,20170402305,Davidson,Nashville,5/6/2017 3:20:00 AM,1,0,0,36.195690,-86.708690,ROSEBANK AV,,,,64.00,Feet,North,PORTER RD,,,,0.00,N,Not at Intersection,N,Non-Junction,None,,,         ,Douglas,Smith,Clear,Not Collision with Motor Vehicle in Transport,no,no,no,no,yes,False
101635984,METROPOLITAN NASHVILLE POLICE DEPT,20170402127,Davidson,Nashville,5/6/2017 1:40:00 AM,3,0,0,36.089270,-86.732830,NOLENSVILLE PKE,,,,375.00,Feet,South,ZOO RD,,,,0.00,N,Not at Intersection,N,Non-Junction,Construction Zone,Intermittent Moving Work,Activity Area,         ,Patrick,Martin,Clear,Front to Rear,no,no,no,no,no,False
101635989,METROPOLITAN NASHVILLE POLICE DEPT,20170402411,Davidson,Not in City Limit,5/6/2017 4:50:00 AM,1,1,0,36.266800,-86.764650,DEVONSHIRE DR,,,,0.00,,,DARBYTOWN DR,,,,0.00,Y,T-Intersection,N,Intersection-Related,None,,,         ,Michael,Richardson,Clear,Not Collision with Motor Vehicle in Transport,no,no,no,no,yes,False
101636001,METROPOLITAN NASHVILLE POLICE DEPT,20170402469,Davidson,Nashville,5/6/2017 5:45:00 AM,2,0,0,36.110950,-86.787530,WOODMONT BLVD,,,,0.00,,,LEALAND LN,,,,0.00,Y,Four-Way,N,Intersection,None,,,         ,Steven,Wiser,Clear,Angle,no,no,no,no,no,False
101636011,METROPOLITAN NASHVILLE POLICE DEPT,20170402470,Davidson,Nashville,5/6/2017 5:47:00 AM,2,0,0,36.192710,-86.744370,DOUGLAS AV,,,,0.00,,,GALLATIN AV,,,,0.00,Y,Four-Way, ,Intersection,None,,,         ,Brandon,Hughes,Clear,Angle,no,no,no,no,no,False
101636065,VANDERBILT UNIVERSITY POLICE,2017-00400176,Davidson,Nashville,5/5/2017 11:50:00 AM,1,0,0,36.146070,-86.799550,SCARRITT PL,,,,0.00,,,,,,,0.00,,Not at Intersection,N,Non-Junction,None,,,         ,Adam,Dorris,Rain,Not Collision with Motor Vehicle in Transport,yes,no,no,no,no,Campus
101636073,METROPOLITAN NASHVILLE POLICE DEPT,20170402537,Davidson,Nashville,5/6/2017 6:45:00 AM,2,0,0,36.238050,-86.786640,BRILEY PKWYW,,,,43.00,Feet,East,I24 E ENT RAMP,,,,0.00,N,Not at Intersection, ,Non-Junction,None,,,         ,Royce,McLester,Clear,Front to Rear,no,no,no,no,no,False
101636082,METROPOLITAN NASHVILLE POLICE DEPT,20170402638,Davidson,Nashville,5/6/2017 7:40:00 AM,2,0,0,36.187660,-86.821850,ED TEMPLE BLVD,,,,147.00,Feet,South,ROSA L PARKS BLVD,,,,0.00,N,Not at Intersection, ,Non-Junction,None,,,         ,Nicholas,MacDougall,Clear,Front to Rear,no,no,no,no,no,False
101636094,METROPOLITAN NASHVILLE POLICE DEPT,20170402560,Davidson,Nashville,5/6/2017 7:01:00 AM,2,0,0,36.125090,-86.696230,BRILEY PKWY,,,,101.00,Feet,South,KERMIT DR,,,,0.00,N,Not at Intersection,N,Non-Junction,None,,,         ,Terry,Denton,Clear,Front to Rear,no,no,no,no,no,False
101636116,METROPOLITAN NASHVILLE POLICE DEPT,20170402630,Davidson,Nashville,5/6/2017 7:50:00 AM,2,1,0,36.152700,-86.683030,ELM HILL PKE,,,,120.00,Feet,East,MCGAVOCK PKE,,,,0.00,N,Not at Intersection,Y,Non-Junction,None,,,         ,Richard,Hyatt,Clear,Angle,no,no,no,no,no,False
101636125,METROPOLITAN NASHVILLE POLICE DEPT,20170402720,Davidson,Not in City Limit,5/6/2017 8:40:00 AM,2,0,0,36.077700,-87.021240,MCCRORY LN,,,,44.00,Feet,North,I40 W EXT RAMP,,,,0.00,N,Not at Intersection,N,Non-Junction,None,,,         ,Wesley,Tilley,Clear,Angle,no,no,no,no,no,False
101636126,METROPOLITAN NASHVILLE POLICE DEPT,20170402803,Davidson,Nashville,5/6/2017 9:21:00 AM,1,0,0,36.160980,-86.620570,I 40,,,,0.00,,,,,,,219.60,N,Not at Intersection,N,Non-Junction,None,,,         ,Michael,Brooks,Cloudy,Not Collision with Motor Vehicle in Transport,no,no,no,no,no,False
101636149,METROPOLITAN NASHVILLE POLICE DEPT,20170402719,Davidson,Nashville,5/6/2017 8:37:00 AM,2,1,0,36.229380,-86.759280,BROADMOOR DR,,,,0.00,Feet,,DICKERSON PKE,,,,0.00,Y,Four-Way,N,Intersection-Related,None,,,         ,Randall,Smith,Clear,HeadOn,no,no,no,no,no,False
101636150,GOODLETTSVILLE POLICE DEPT,17-15956,Davidson,Goodlettsville,5/6/2017 6:30:00 AM,1,1,0,36.304910,-86.706010,VIETNAM VETERANS BLVDS,,,,241.00,Feet,West,VIETNAM VETERANS BLVDN,,,,0.00,N,Not at Intersection,N,Non-Junction,None,,,         ,George,Forbes,Clear,Not Collision with Motor Vehicle in Transport,no,no,no,no,no,False
101636154,METROPOLITAN NASHVILLE POLICE DEPT,20170402868,Davidson,Nashville,5/6/2017 10:05:00 AM,2,0,0,36.164980,-86.819310,I40 W EXT RAMP,,,,0.00,,,I 40,,,,0.00,Y,OTHER,Y,Entrance/Exit Ramp Related,None,,,         ,James,Jarvis,Cloudy,"Sideswipe, Same Direction",no,no,no,no,yes,False
101636160,METROPOLITAN NASHVILLE POLICE DEPT,20170402912,Davidson,Nashville,5/6/2017 10:17:00 AM,1,0,0,36.065030,-86.771330,I 65,,,,0.00,,,,,,,76.60,N,Not at Intersection,N,Non-Junction,None,,,         ,Earl,Davis,Cloudy,Not Collision with Motor Vehicle in Transport,no,no,no,no,no,False
101636165,METROPOLITAN NASHVILLE POLICE DEPT,20170402871,Davidson,Not in City Limit,5/6/2017 10:00:00 AM,3,1,0,36.034710,-86.972420,HIGHWAY 100,,,,174.00,Feet,East,NATCHEZ TRACE PKWY EXT RAMP,,,,0.00,N,Not at Intersection,N,Non-Junction,None,,,         ,Wesley,Tilley,Cloudy,Front to Rear,no,no,no,no,no,False
101636166,METROPOLITAN NASHVILLE POLICE DEPT,20170402823,Davidson,Nashville,5/6/2017 9:45:00 AM,2,1,0,36.155010,-86.627110,STEWARTS FERRY PKE,,,,0.00,Feet,,I40 E EXT RAMP,,,,0.00,Y,OTHER,N,Entrance/Exit Ramp Related,None,,,         ,Scott,Toney,Cloudy,Front to Rear,no,no,no,no,no,False
101636261,METROPOLITAN NASHVILLE POLICE DEPT,2017-0403020,Davidson,Not in City Limit,5/6/2017 11:45:00 AM,1,0,0,36.073900,-86.926800,HIGHWAY 70S,,,,130.00,Feet,East,WATERFORD CIR,,,,0.00,N,Not at Intersection,N,Non-Junction,None,,,         ,Paul,Junkmann,Cloudy,Not Collision with Motor Vehicle in Transport,no,no,no,no,no,False
101636295,METROPOLITAN NASHVILLE POLICE DEPT,20170402807,Davidson,Nashville,5/6/2017 9:20:00 AM,2,2,0,36.134320,-86.726910,I24E,,,,71.00,Feet,East,I24 E ENT RAMP,,,,0.00,N,Not at Intersection,N,Non-Junction,None,,,         ,Thomas,Miller,Clear,Front to Rear,no,no,no,no,no,False
101636298,METROPOLITAN NASHVILLE POLICE DEPT,20170403066,Davidson,Nashville,5/6/2017 12:39:00 PM,3,0,0,36.183020,-86.609790,OLD HICKORY BLVD,,,,335.00,Feet,East,CHANDLER PL,,,,0.00,N,Not at Intersection,N,Non-Junction,None,,,         ,Michael,Brooks,Cloudy,Front to Rear,no,no,no,no,no,False
101636322,METROPOLITAN NASHVILLE POLICE DEPT,2017-0402860,Davidson,Not in City Limit,5/6/2017 9:39:00 AM,1,0,0,36.098450,-86.962580,CHARLOTTE PKE,,,,720.00,Feet,East,QUAIL CREEK RD,,,,0.00,N,Not at Intersection, ,OtherLocation,None,,,         ,Anthony,McClain,Clear,Not Collision with Motor Vehicle in Transport,no,no,no,no,yes,False
101636332,METROPOLITAN NASHVILLE POLICE DEPT,20170403037,Davidson,Nashville,5/6/2017 12:02:00 PM,2,0,0,36.085610,-86.728870,NOLENSVILLE PKE,,,,246.00,Feet,South,ELYSIAN FIELDS RD,,,,0.00,N,Not at Intersection, ,Non-Junction,None,,,         ,Darrell,Osment,Cloudy,"Sideswipe, Same Direction",no,no,no,no,no,False
101636341,METROPOLITAN NASHVILLE POLICE DEPT,20170403119,Davidson,Nashville,5/6/2017 1:16:00 PM,2,1,0,36.119080,-86.755320,MELROSE AV,,,,172.00,Feet,West,WINFORD AV,,,,0.00,N,Not at Intersection,N,Non-Junction,None,,,         ,Kevin,Crawford,Cloudy,Front to Rear,no,no,no,no,no,False
101636343,METROPOLITAN NASHVILLE POLICE DEPT,20170403098,Davidson,Nashville,5/6/2017 12:15:00 PM,2,1,0,36.158930,-86.834690,40TH AVN,,,,126.00,Feet,South,MICHIGAN AV,,,,0.00,N,Not at Intersection,N,Non-Junction,None,,,         ,Paul,Junkmann,Cloudy,Front to Rear,no,no,no,no,yes,False
101636350,METROPOLITAN NASHVILLE POLICE DEPT,20170403063,Davidson,Nashville,5/6/2017 12:21:00 PM,2,0,0,36.176510,-86.769720,SPRING ST,,,,0.00,,,I24 W EXT RAMP,,,,0.00,Y,T-Intersection, ,Intersection,None,,,         ,Doyle,Price,Cloudy,Front to Rear,no,no,no,no,no,False
101636355,METROPOLITAN NASHVILLE POLICE DEPT,20170403052,Davidson,Nashville,5/6/2017 12:00:00 PM,3,0,0,36.093380,-86.705760,I 24,,,,0.00,,,,,,,55.10,N,Not at Intersection, ,Non-Junction,None,,,         ,Blake,Lutz,Clear,Angle,no,no,no,no,yes,False
101636356,METROPOLITAN NASHVILLE POLICE DEPT,20170403147,Davidson,Nashville,5/6/2017 1:35:00 PM,2,0,0,36.112010,-86.763800,THOMPSON LN,,,,260.00,Feet,West,E IRIS DR,,,,0.00,N,Not at Intersection,N,Non-Junction,None,,,         ,Brent,Bauer,Cloudy,Angle,no,no,no,no,no,False
101636359,METROPOLITAN NASHVILLE POLICE DEPT,20170403065,Davidson,Not in City Limit,5/6/2017 12:35:00 PM,2,1,0,36.023910,-86.688680,BARNES RD,,,,639.00,Feet,East,SUGAR MAGNOLIA LN,,,,0.00,N,Not at Intersection,N,Non-Junction,None,,,         ,Rickie,Corman,Clear,Angle,no,no,no,no,no,False
101636365,METROPOLITAN NASHVILLE POLICE DEPT,20170403107,Davidson,Nashville,5/6/2017 12:50:00 PM,2,0,0,36.136180,-86.793670,WEDGEWOOD AV,,,,0.00,,,,,,,0.00,,, ,Non-Junction,None,,,         ,Nathan,Smith,Cloudy,"Sideswipe, Same Direction",no,no,no,no,no,False
101636383,METROPOLITAN NASHVILLE POLICE DEPT,20170403064,Davidson,Not in City Limit,5/6/2017 12:33:00 PM,2,1,0,36.000160,-86.689310,AMBONNAY DR,,,,190.00,Feet,South,DOLCETTO GROVE,,,,0.00,N,Not at Intersection,N,Non-Junction,None,,,         ,Peter,Vaught,Clear,Angle,no,no,no,yes,no,False
101636390,METROPOLITAN NASHVILLE POLICE DEPT,20170403155,Davidson,Nashville,5/6/2017 1:51:00 PM,1,0,0,36.157900,-86.829490,CLIFTON AV,,,,0.00,,,INDIANA AV,,,,0.00,Y,T-Intersection, ,Intersection,None,,,         ,Michael,Phelps,Clear,Not Collision with Motor Vehicle in Transport,no,no,no,no,no,False
101636402,METROPOLITAN NASHVILLE POLICE DEPT,20170403102,Davidson,Nashville,5/6/2017 1:00:00 PM,3,0,0,36.145330,-86.871670,CHARLOTTE PKE,,,,396.00,Feet,West,WESTBORO DR,,,,0.00,N,Not at Intersection,N,Non-Junction,None,,,         ,Brian,Myatt,Clear,Angle,no,no,no,no,no,False
101636446,METROPOLITAN NASHVILLE POLICE DEPT,20170403178,Davidson,Nashville,5/6/2017 2:12:00 PM,2,1,0,36.192710,-86.744370,DOUGLAS AV,,,,0.00,,,GALLATIN AV,,,,0.00,Y,Four-Way,Y,Intersection,None,,,         ,Michael,Thompson,Clear,Angle,no,no,no,no,no,False
101636454,METROPOLITAN NASHVILLE POLICE DEPT,20170403249,Davidson,Nashville,5/6/2017 3:30:00 PM,2,0,0,36.121500,-86.788310,PARIS AV,,,,0.00,,,11TH AVS,,,,0.00,Y,OTHER, ,Intersection,None,,,         ,Ralph,Smith IV,Clear,Front to Rear,no,no,no,no,no,False
101636495,METROPOLITAN NASHVILLE POLICE DEPT,20170403167,Davidson,Nashville,5/6/2017 1:41:00 PM,2,0,0,36.205910,-86.768950,W TRINITY LN,,,,100.00,Feet,West,E TRINITY LN,,,,0.00,N,Not at Intersection, ,Non-Junction,None,,,         ,Christopher,Valdez,Clear,Angle,no,no,no,no,no,False
101636496,METROPOLITAN NASHVILLE POLICE DEPT,20170403267,Davidson,Nashville,5/6/2017 3:01:00 PM,2,0,0,36.228660,-86.759400,DICKERSON PKE,,,,263.00,Feet,South,BROADMOOR DR,,,,0.00,N,Not at Intersection,N,Non-Junction,None,,,         ,Christopher,Valdez,Clear,Angle,no,no,no,no,no,False
101636497,METROPOLITAN NASHVILLE POLICE DEPT,20170403339,Davidson,Antioch,5/6/2017 2:43:00 PM,2,0,0,36.071580,-86.598380,QUAISE MOORW,,,,0.00,,,DOVE CREEK RD,,,,0.00,Y,T-Intersection,Y,Intersection-Related,None,,,         ,Benny,Pittman,Clear,Front to Rear,no,no,no,no,yes,False
101636499,Nashville Airport Police,2017-01430,Davidson,Nashville,5/3/2017 4:07:00 PM,2,0,0,36.133700,-86.668410,TERMINAL DR,,,,0.00,,,,,,,0.00,,, ,Non-Junction,None,,,         ,Joseph,Harrell,Cloudy,"Sideswipe, Same Direction",no,no,no,no,no,False
101636502,METROPOLITAN NASHVILLE POLICE DEPT,20170403294,Davidson,Nashville,5/6/2017 12:00:00 AM,2,0,0,36.189860,-86.687820,BRILEY PKWYN,,,,37.00,Feet,South,TWO RIVERS PKWY,,,,0.00,N,Not at Intersection,N,Non-Junction,None,,,         ,Craig,Gentry,Clear,Front to Rear,no,no,no,no,yes,False
101636504,METROPOLITAN NASHVILLE POLICE DEPT,20170403286,Davidson,Nashville,5/6/2017 3:15:00 PM,3,0,0,36.143570,-86.702050,I 40,,,,0.00,,,,,,,214.60,N,Not at Intersection,N,Non-Junction,None,,,         ,Kimberly,Annson,Cloudy,Front to Rear,no,no,no,no,yes,False
101636514,METROPOLITAN NASHVILLE POLICE DEPT,20170403378,Davidson,Nashville,5/6/2017 12:00:00 AM,2,0,0,36.151290,-86.850780,53RD AVN,,,,215.00,Feet,North,PARK AV,,,,0.00,N,Not at Intersection,N,Non-Junction,None,,,         ,Ethan,Usherwood,Clear,Angle,no,no,no,yes,yes,False
101636532,METROPOLITAN NASHVILLE POLICE DEPT,20170403403,Davidson,Nashville,5/6/2017 4:35:00 PM,2,0,0,36.182750,-86.748820,GALLATIN AV,,,,20.00,Feet,North,STRATTON AV,,,,0.00,N,Not at Intersection, ,Non-Junction,None,,,         ,Alexander,Georgeson,Cloudy,Front to Rear,no,no,no,no,no,False
101636534,METROPOLITAN NASHVILLE POLICE DEPT,20170403412,Davidson,Not in City Limit,5/6/2017 1:44:00 PM,2,0,0,36.263430,-86.713040,OLD TIME VILLAGE PVTDR,,,,0.00,,,OLD HICKORY BLVDW,,,,0.00,Y,T-Intersection,N,Non-Junction,None,,,         ,Brittani,Campbell,Clear,Front to Rear,no,no,no,yes,yes,False
101636559,METROPOLITAN NASHVILLE POLICE DEPT,20170403387,Davidson,Nashville,5/6/2017 4:20:00 PM,3,1,0,36.046900,-86.661440,I 24,,,,0.00,,,,,,,59.25,N,Not at Intersection,N,Non-Junction,None,,,         ,Candice,Soper,Clear,Angle,no,no,no,no,no,False