master_record_number,agency,agency_tracking_number,county,city,collision_date,vehicles_involved,number_injured,number_dead,latitude,longitude,roadway_name,roadway_suffix,roadway_number,roadway_local_id,distance_from_reference,miles-feet_indicator,direction_from_reference,intersection_road_name,intersection_road_name_suffix,intersection_road_number,intersection_local_id,mile_marker,intersection_indicator,intersect_type,interchange_related_indicator,relation_to_junction,work_zone_type,construction_maintenance_zone,construction_maintenance_zone_location,fatal_case_number,officer_first_name,officer_last_name,weather_condition(s),manner_of_crash,pedestrian,bicycle,scooter,parking,hitrun,mou
101637813,METROPOLITAN NASHVILLE POLICE DEPT,20170407040,Davidson,Not in City Limit,5/8/2017 3:50:00 AM,2,0,0,36.273480,-86.735890,I 65,,,,0.00,,,,,,,92.90,N,Not at Intersection, ,Non-Junction,None,,,         ,Abbey,Sawl,Clear,"Sideswipe, Same Direction",no,no,no,no,no,False
101637818,METROPOLITAN NASHVILLE POLICE DEPT,20170406889,Davidson,Nashville,5/8/2017 1:42:00 AM,2,0,0,36.191700,-86.811510,18TH AVN,,,,96.00,Feet,North,18TH AV N CT,,,,0.00,N,Not at Intersection,N,Non-Junction,None,,,         ,Jamel,Griffin,Clear,"Sideswipe, Opposite Direction",no,no,no,no,yes,False
101637856,METROPOLITAN NASHVILLE POLICE DEPT,20170400103,Davidson,Nashville,5/5/2017 11:23:00 AM,2,0,0,36.154630,-86.779160,8TH AVS,,,,0.00,Feet,East,LAFAYETTE ST,,,,0.00,N,Not at Intersection,Y,OtherLocation,None,,,         ,Ronald,Bright,Rain,Angle,no,no,no,no,no,False
101637871,GOODLETTSVILLE POLICE DEPT,17-15685,Davidson,Goodlettsville,5/3/2017 5:15:00 PM,2,1,0,36.309470,-86.695650,VIETNAM VETERANS BLVD SB EXT R,,,,0.00,,,CONFERENCE DR,,,,0.00,Y,T-Intersection,N,Intersection,None,,,         ,Charles,Hauskin,Clear,Front to Rear,no,no,no,no,no,False
101637874,METROPOLITAN NASHVILLE POLICE DEPT,20170407295,Davidson,Not in City Limit,5/8/2017 5:56:00 AM,2,0,0,36.269380,-86.710600,GALLATIN PKEN,,,,22.00,Feet,North,WILEY ST,,,,0.00,N,Not at Intersection,N,Non-Junction,None,,,         ,Rudy,Basaldua,Clear,Angle,no,no,no,no,no,False
101637890,METROPOLITAN NASHVILLE POLICE DEPT,20170407406,Davidson,Nashville,5/8/2017 7:00:00 AM,3,0,0,36.133680,-86.827820,WEST END AV,,,,34.00,Feet,West,CRAIGHEAD AV,,,,0.00,N,Not at Intersection,N,Non-Junction,None,,,         ,Curtis,Rich,Clear,Front to Rear,no,no,no,no,no,False
101637892,METROPOLITAN NASHVILLE POLICE DEPT,20170407393,Davidson,Not in City Limit,5/8/2017 7:00:00 AM,1,0,0,36.280160,-86.873410,OLD HICKORY BLVD,,,,265.00,Feet,North,CLARKSVILLE PKE,,,,0.00,N,Not at Intersection,N,Non-Junction,None,,,         ,Brandon,Evans,Clear,Not Collision with Motor Vehicle in Transport,no,no,no,no,no,False
101637896,METROPOLITAN NASHVILLE POLICE DEPT,20170407381,Davidson,Nashville,5/8/2017 7:09:00 AM,2,1,0,36.206050,-86.602510,HIGHLAND VIEW DR,,,,0.00,,,BATON ROUGE DR,,,,0.00,Y,Four-Way,N,Intersection,None,,,         ,Michael,Dance,Clear,Angle,no,no,no,no,no,False
101637900,METROPOLITAN NASHVILLE POLICE DEPT,20170407460,Davidson,Antioch,5/8/2017 7:40:00 AM,1,0,0,36.047840,-86.612050,MURFREESBORO PKE,,,,1284.00,Feet,North,MOUNTAIN SPRINGS RD,,,,0.00,N,Not at Intersection,N,Non-Junction,None,,,         ,Blake,Lutz,Clear,Not Collision with Motor Vehicle in Transport,no,no,no,no,no,False
101637920,METROPOLITAN NASHVILLE POLICE DEPT,20170407368,Davidson,Nashville,5/8/2017 7:03:00 AM,2,1,0,36.109330,-86.671580,DONELSON PKE,,,,136.00,Feet,South,KNAPP BLVD,,,,0.00,N,Not at Intersection,N,Non-Junction,None,,,         ,Steven,Rowlett,Clear,Front to Rear,no,no,no,no,no,False
101637939,METROPOLITAN NASHVILLE POLICE DEPT,20170407359,Davidson,Not in City Limit,5/8/2017 6:40:00 AM,2,0,0,36.264810,-86.697150,OCTOBER HOMES PVTDR,,,,0.00,,,STATE RT 45,,,,0.00,,Not at Intersection,N,Non-Junction,None,,,         ,Michelle,Steidl,Clear,Angle,no,no,no,yes,yes,False
101637949,METROPOLITAN NASHVILLE POLICE DEPT,20170407628,Davidson,Nashville,5/8/2017 8:55:00 AM,2,0,0,36.084830,-86.728190,NOLENSVILLE PKE,,,,0.00,,,PARAGON MILLS RD,,,,0.00,Y,Four-Way, ,Intersection-Related,None,,,         ,Earl,Davis,Clear,Front to Rear,no,no,no,no,no,False
101637950,METROPOLITAN NASHVILLE POLICE DEPT,20170407642,Davidson,Nashville,5/8/2017 9:11:00 AM,2,0,0,36.154000,-86.835910,I 40,,,,0.00,,,,,,,205.15,N,Not at Intersection, ,,Maintenance Zone,,,         ,Curtis,Rich,,,no,no,no,no,no,False
101637955,METROPOLITAN NASHVILLE POLICE DEPT,20170399850,Davidson,Nashville,5/5/2017 9:45:00 AM,2,1,0,36.169880,-86.674000,LEBANON PKE,,,,107.00,Feet,West,SHADY GROVE RD,,,,0.00,N,Not at Intersection,N,Non-Junction,None,,,         ,Kevin,Coleman,Rain,Angle,no,no,no,no,no,False
101637958,METROPOLITAN NASHVILLE POLICE DEPT,20170407346,Davidson,Nashville,5/8/2017 6:28:00 AM,2,0,0,36.171840,-86.764770,S 5TH ST,,,,0.00,,,WOODLAND ST,,,,0.00,Y,Four-Way,N,Intersection,None,,,         ,Richard,Conger,Clear,Angle,no,no,no,no,no,False
101637959,METROPOLITAN NASHVILLE POLICE DEPT,20170407449,Davidson,Nashville,5/8/2017 7:37:00 AM,2,1,0,36.206270,-86.773480,W TRINITY LN,,,,0.00,,,I65 N ENT RAMP,,,,0.00,Y,Four-Way,N,Intersection,None,,,         ,Richard,Conger,Clear,Front to Rear,no,no,no,no,no,False
101637960,METROPOLITAN NASHVILLE POLICE DEPT,20170407559,Davidson,Nashville,5/8/2017 7:57:00 AM,2,0,0,36.179580,-86.749870,GARTLAND AV,,,,0.00,,,N 11TH ST,,,,0.00,Y,T-Intersection,N,Intersection-Related,None,,,         ,Richard,Conger,Clear,"Sideswipe, Same Direction",no,no,no,no,yes,False
101637962,METROPOLITAN NASHVILLE POLICE DEPT,20170407563,Davidson,Nashville,5/8/2017 8:32:00 AM,2,0,0,36.053830,-86.673060,I 24,,,,0.00,,,,,,,58.40,N,Not at Intersection,N,Non-Junction,None,,,         ,Randall,Combs,Clear,Front to Rear,no,no,no,no,yes,False
101637969,METROPOLITAN NASHVILLE POLICE DEPT,20170407604,Davidson,Nashville,5/8/2017 8:40:00 AM,2,2,0,36.082200,-86.761980,HARDING PL,,,,89.00,Feet,West,SIDCO DR,,,,0.00,N,Not at Intersection,N,Entrance/Exit Ramp Related,None,,,         ,Justin,Pinkelton,Clear,Angle,no,no,no,no,no,False
101637970,METROPOLITAN NASHVILLE POLICE DEPT,20170407566,Davidson,Nashville,5/8/2017 8:25:00 AM,2,0,0,36.137540,-86.800430,WEDGEWOOD AV,,,,100.00,Feet,East,21ST AVS,,,,0.00,N,Not at Intersection,N,Non-Junction,None,,,         ,Arend,Groeneweg,Clear,Front to Rear,no,no,no,no,yes,Campus
101637976,METROPOLITAN NASHVILLE POLICE DEPT,20170407606,Davidson,Nashville,5/8/2017 7:45:00 AM,2,0,0,36.137700,-86.723940,SPENCE LN,,,,560.00,Feet,South,CORNELIA ST,,,,0.00,N,Not at Intersection,N,Non-Junction,None,,,         ,Scott,Toney,Clear,Front to Rear,no,no,no,no,yes,False
101637984,METROPOLITAN NASHVILLE POLICE DEPT,20170407481,Davidson,Not in City Limit,5/8/2017 7:50:00 AM,2,0,0,36.081700,-86.957110,HIGHWAY 70S,,,,0.00,,,I40 W EXT RAMP,,,,0.00,Y,Four-Way,N,Entrance/Exit Ramp Related,None,,,         ,Michael,Pyle,Clear,Angle,no,no,no,no,no,False
101637985,METROPOLITAN NASHVILLE POLICE DEPT,20170407691,Davidson,Nashville,5/8/2017 9:17:00 AM,2,0,0,36.151700,-86.768590,2ND AVS,,,,24.00,Feet,South,I40 W EXT RAMP,,,,0.00,N,Not at Intersection, ,,None,,,         ,Christian,Martin,,,no,no,no,no,no,False
101637995,METROPOLITAN NASHVILLE POLICE DEPT,20170407327,Davidson,Not in City Limit,5/8/2017 6:24:00 AM,2,3,0,36.361060,-86.886120,WHITES CREEK PKE,,,,1308.00,Feet,South,WHITES CREEK PKE PVTDR,,,,0.00,N,Not at Intersection,N,Non-Junction,None,,,         ,Nicholas,MacDougall,Clear,HeadOn,no,no,no,no,no,False
101638000,METROPOLITAN NASHVILLE POLICE DEPT,20170407731,Davidson,Nashville,5/8/2017 9:40:00 AM,2,1,0,36.039920,-86.764910,OLD HICKORY BLVD,,,,150.00,Feet,East,HEARTHSTONE MANOR LN,,,,0.00,N,Not at Intersection,N,Non-Junction,None,,,         ,Earl,Davis,Clear,Front to Rear,no,no,no,no,no,False
101638004,METROPOLITAN NASHVILLE POLICE DEPT,20170407771,Davidson,Nashville,5/8/2017 9:52:00 AM,2,0,0,36.152010,-86.802590,21ST AVN,,,,175.00,Feet,South,CHURCH ST,,,,0.00,N,Not at Intersection, ,Non-Junction,None,,,         ,Bradley,Pope,Clear,Angle,no,no,no,yes,no,Campus
101638005,METROPOLITAN NASHVILLE POLICE DEPT,20170407549,Davidson,Nashville,5/8/2017 7:45:00 AM,2,0,0,36.132120,-86.726530,I24 W EXT RAMP,,,,0.00,Feet,East,I 24,,,,0.00,N,Not at Intersection, ,Non-Junction,None,,,         ,Steven,Rowlett,Clear,"Sideswipe, Same Direction",no,no,no,no,no,False
101638006,METROPOLITAN NASHVILLE POLICE DEPT,20170407636,Davidson,Nashville,5/8/2017 9:00:00 AM,2,0,0,36.134340,-86.780980,WEDGEWOOD AV,,,,0.00,,,ACKLEN AV,,,,0.00,Y,T-Intersection, ,,None,,,         ,Ian,Hammond,,,no,no,no,no,no,False
101638014,METROPOLITAN NASHVILLE POLICE DEPT,20170407784,Davidson,Nashville,5/8/2017 9:50:00 AM,2,1,0,36.109940,-86.779240,WOODMONT BLVD,,,,22.00,Feet,East,GENERAL HOOD TRL,,,,0.00,N,Not at Intersection,N,Non-Junction,None,,,         ,Justin,Pinkelton,Clear,Angle,no,no,no,no,no,False
101638022,METROPOLITAN NASHVILLE POLICE DEPT,20170407763,Davidson,Nashville,5/8/2017 9:56:00 AM,2,0,0,36.093050,-86.652370,MURFREESBORO PKE,,,,336.00,Feet,South,OLD MURFREESBORO PKE,,,,0.00,N,Not at Intersection, ,Non-Junction,None,,,         ,Wesley,Young,Clear,Front to Rear,no,no,no,no,no,False
101638024,METROPOLITAN NASHVILLE POLICE DEPT,20170407540,Davidson,Nashville,5/8/2017 7:45:00 AM,2,0,0,36.178240,-86.774430,N 1ST ST,,,,225.00,Feet,South,I24 E EXT RAMP,,,,0.00,N,Not at Intersection, ,Non-Junction,None,,,         ,Kyle,Berkheiser,Clear,Front to Rear,no,no,no,no,yes,False
101638025,METROPOLITAN NASHVILLE POLICE DEPT,20170407595,Davidson,Nashville,5/8/2017 7:10:00 AM,3,0,0,36.200210,-86.620820,OLD HICKORY BLVD,,,,126.00,Feet,South,PLANTATION DR,,,,0.00,N,Not at Intersection,N,Non-Junction,None,,,         ,Gregory,Lindstrom,Clear,Front to Rear,no,no,no,no,no,False
101638031,BELLE MEADE POLICE DEPT,17-0130,Davidson,Belle Meade,5/8/2017 8:37:00 AM,2,0,0,36.111650,-86.864220,HARDING PKE,,,,703.00,Feet,South,JACKSON BLVD,,,,0.00,N,Not at Intersection, ,Non-Junction,None,,,         ,Wes,Bowker,Clear,Angle,no,no,no,no,no,False
101638032,METROPOLITAN NASHVILLE POLICE DEPT,20170407690,Davidson,Not in City Limit,5/8/2017 9:30:00 AM,2,0,0,36.266530,-86.690110,N DUPONT AV,,,,0.00,,,MYATT DR,,,,0.00,Y,Four-Way, ,Non-Junction,None,,,         ,Michelle,Steidl,Clear,"Sideswipe, Same Direction",no,no,no,no,no,False
101638033,METROPOLITAN NASHVILLE POLICE DEPT,20170407431,Davidson,Nashville,5/8/2017 7:30:00 AM,2,0,0,0.000000,0.000000,8TH AVENUE SOUTH,,,,0.00,,,KOREAN VETERANS BLVD,,,,0.00,Y,Roundabout, ,Intersection,None,,,         ,William,Vincion,Clear,"Sideswipe, Same Direction",no,no,no,no,no,False
101638037,THP District 3 - Nashville,317025867,Davidson,Nashville,5/2/2017 4:00:00 PM,2,1,0,36.155110,-86.631970,I40 W ENT RAMP,,,,0.00,,,,,,,0.00,,,Y,Entrance/Exit Ramp Related,None,,,         ,Wayne,Dunkleman,Clear,Angle,no,no,no,no,no,False
101638049,METROPOLITAN NASHVILLE POLICE DEPT,20170407900,Davidson,Nashville,5/8/2017 11:15:00 AM,2,0,0,36.077660,-86.758810,TROUSDALE DR,,,,66.00,Feet,South,BRIARWOOD DR,,,,0.00,N,Not at Intersection, ,Non-Junction,None,,,         ,Joseph,Patricio,Clear,"Sideswipe, Opposite Direction",no,no,no,no,no,False
101638066,METROPOLITAN NASHVILLE POLICE DEPT,20170407726,Davidson,Nashville,5/8/2017 9:45:00 AM,2,0,0,36.163250,-86.776070,2ND AVN,,,,0.00,,,COMMERCE ST,,,,0.00,Y,T-Intersection, ,Intersection,None,,,         ,William,Vincion,Clear,Angle,no,no,no,no,no,False
101638074,METROPOLITAN NASHVILLE POLICE DEPT,20170407911,Davidson,Nashville,5/8/2017 9:59:00 AM,2,0,0,36.078290,-86.758720,TROUSDALE DR,,,,165.00,Feet,North,BRIARWOOD DR,,,,0.00,N,Not at Intersection,N,Non-Junction,None,,,         ,Joseph,Patricio,Clear,"Sideswipe, Same Direction",no,no,no,no,yes,False
101638090,METROPOLITAN NASHVILLE POLICE DEPT,20170407507,Davidson,Nashville,5/8/2017 8:00:00 AM,1,0,0,36.089650,-86.806020,HARDING PL,,,,0.00,,,BELMONT PARK TER,,,,0.00,Y,Four-Way,N,Non-Junction,None,,,         ,Phillip,Murphy,Clear,Not Collision with Motor Vehicle in Transport,no,no,no,no,no,False
101638096,METROPOLITAN NASHVILLE POLICE DEPT,20170407722,Davidson,Nashville,5/8/2017 9:43:00 AM,2,0,0,36.228070,-86.772430,I 65,,,,0.00,,,,,,,88.85,N,Not at Intersection,N,Non-Junction,None,,,         ,Spencer,Pittman,Clear,Front to Rear,no,no,no,no,yes,False
101638097,METROPOLITAN NASHVILLE POLICE DEPT,20170407932,Davidson,Nashville,5/8/2017 11:21:00 AM,2,0,0,36.227290,-86.725330,GALLATIN PKE,,,,25.00,Feet,North,MAPLEWOOD PL,,,,0.00,N,Not at Intersection, ,Non-Junction,None,,,         ,Richard,Conger,Clear,Angle,no,no,no,no,no,False
101638106,METROPOLITAN NASHVILLE POLICE DEPT,20170407961,Davidson,Nashville,5/8/2017 11:15:00 AM,2,0,0,36.157620,-86.781280,8TH AVS,,,,106.00,Feet,South,MCGAVOCK ST,,,,0.00,N,Not at Intersection, ,Non-Junction,None,,,         ,Kyle,Berkheiser,Clear,"Sideswipe, Same Direction",no,no,no,no,no,False
101638109,METROPOLITAN NASHVILLE POLICE DEPT,20170408026,Davidson,Nashville,5/8/2017 12:00:00 PM,1,2,0,36.105760,-86.728860,SOUTHLAKE DR,,,,348.00,Feet,North,LAKE PARK DR,,,,0.00,N,Not at Intersection,N,Non-Junction,None,,,         ,Todd,Watson,Clear,Not Collision with Motor Vehicle in Transport,no,no,no,yes,no,False
101638132,METROPOLITAN NASHVILLE POLICE DEPT,20170408151,Davidson,Nashville,5/8/2017 12:50:00 PM,2,0,0,36.206270,-86.773490,I65 N EXT RAMP,,,,0.00,,,W TRINITY LN,,,,0.00,Y,T-Intersection, ,Intersection-Related,None,,,         ,Richard,Conger,Clear,Angle,no,no,no,no,no,False
101638142,VANDERBILT UNIVERSITY POLICE,17-0407924,Davidson,Nashville,5/8/2017 10:49:00 AM,2,0,0,36.141420,-86.806330,25TH AVS,,,,0.00,,,,,,,0.00,,,N,Non-Junction,None,,,         ,Linda,Jennings,Clear,"Sideswipe, Opposite Direction",no,no,no,yes,yes,Campus
101638143,METROPOLITAN NASHVILLE POLICE DEPT,20170408135,Davidson,Nashville,5/8/2017 12:50:00 PM,2,0,0,36.130490,-86.778550,8TH AVS,,,,0.00,,,PRENTICE AV,,,,0.00,Y,T-Intersection,N,Intersection-Related,None,,,         ,Justin,Pinkelton,Clear,Angle,no,no,no,no,no,False
101638187,METROPOLITAN NASHVILLE POLICE DEPT,20170408109,Davidson,Nashville,5/8/2017 12:40:00 PM,2,0,0,36.256110,-86.714420,GALLATIN PKES,,,,31.00,Feet,South,NEELYS BEND RD,,,,0.00,N,Not at Intersection, ,,None,,,         ,Michael,Agee,,,no,no,no,no,no,False
101638188,METROPOLITAN NASHVILLE POLICE DEPT,20170397006,Davidson,Nashville,5/4/2017 1:22:00 PM,2,0,0,0.000000,0.000000,LINDSLEY AVENUE,,,,100.00,Feet,East,2ND AVENUE SOUTH,,,,0.00,N,Not at Intersection,N,Non-Junction,None,,,         ,William,Vincion,Rain,Angle,no,no,no,no,no,False
101638207,METROPOLITAN NASHVILLE POLICE DEPT,20160407379,Davidson,Nashville,5/8/2017 7:05:00 AM,2,0,0,36.058680,-86.621780,MURFREESBORO PKE,,,,1817.00,Feet,South,MT VIEW RD,,,,0.00,N,Not at Intersection, ,Non-Junction,None,,,         ,Brandon,O'Guin,Clear,Not Collision with Motor Vehicle in Transport,no,no,no,no,no,False
101638212,METROPOLITAN NASHVILLE POLICE DEPT,20170406126,Davidson,Antioch,5/7/2017 4:35:00 PM,2,1,0,36.050640,-86.647250,BELL RD,,,,106.00,Feet,West,HICKORY HOLLOW TER,,,,0.00,N,Not at Intersection,N,Non-Junction,None,,,         ,Victoria,Cunningham,Clear,Front to Rear,no,no,no,no,no,False
101638232,METROPOLITAN NASHVILLE POLICE DEPT,20170408126,Davidson,Nashville,5/8/2017 12:50:00 PM,2,0,0,36.168440,-86.687970,BRILEY PKWY N ENT RAMP,,,,0.00,,,LEBANON PKE,,,,0.00,Y,Four-Way, ,Intersection,None,,,         ,Wesley,Young,Clear,Front to Rear,no,no,no,no,no,False
101638240,METROPOLITAN NASHVILLE POLICE DEPT,20170408246,Davidson,Nashville,5/8/2017 1:05:00 PM,1,0,0,36.136550,-86.781360,WEST ARGYLE AV,,,,0.00,,,,,,,0.00,,, ,Non-Junction,None,,,         ,Nathan,Smith,Clear,Not Collision with Motor Vehicle in Transport,no,no,no,no,yes,False
101638251,METROPOLITAN NASHVILLE POLICE DEPT,20170408196,Davidson,Nashville,5/8/2017 12:40:00 PM,2,0,0,36.174730,-86.800320,I65 N ENT RAMP,,,,0.00,,,11TH AVN,,,,0.00,Y,Y-Intersection, ,Non-Junction,None,,,         ,Garren,Hoskins,Cloudy,"Sideswipe, Same Direction",no,no,no,no,no,False
101638259,METROPOLITAN NASHVILLE POLICE DEPT,2017-0408066,Davidson,Nashville,5/8/2017 12:19:00 PM,2,0,0,36.186540,-86.818760,26TH AVN,,,,64.00,Feet,North,CLARKSVILLE PKE,,,,0.00,N,Not at Intersection,N,Non-Junction,None,,,         ,Carlos,angulo,Clear,HeadOn,no,no,no,no,no,False
101638280,BERRY HILL POLICE DEPT,17-1518,Davidson,Berry Hill,5/8/2017 9:50:00 AM,2,0,0,36.125080,-86.765880,BRANSFORD AV,,,,0.00,,,ROSEDALE AV,,,,0.00,Y,T-Intersection, ,,None,,,         ,Larry,Carter,,,no,no,no,no,no,False
101638282,METROPOLITAN NASHVILLE POLICE DEPT,20170408249,Davidson,Nashville,5/8/2017 1:42:00 PM,2,0,0,36.206440,-86.775830,I65 N ENT RAMP,,,,0.00,,,I 65,,,,0.00,Y,T-Intersection, ,Intersection-Related,None,,,         ,Richard,Conger,Clear,Front to Rear,no,no,no,no,no,False
101638283,METROPOLITAN NASHVILLE POLICE DEPT,20170408313,Davidson,Nashville,5/8/2017 2:17:00 PM,3,2,0,36.184820,-86.749270,CHICAMAUGA AV,,,,226.00,Feet,East,BAILEY ST,,,,0.00,N,Not at Intersection,N,Non-Junction,None,,,         ,Richard,Conger,Clear,HeadOn,no,no,no,no,no,False
101638306,METROPOLITAN NASHVILLE POLICE DEPT,20170408396,Davidson,Nashville,5/8/2017 1:15:00 PM,2,0,0,36.168680,-86.821050,ED TEMPLE BLVD,,,,0.00,,,SCOVEL ST,,,,0.00,Y,T-Intersection, ,Intersection-Related,None,,,         ,Kevin,Reynolds,Clear,Angle,no,no,no,no,no,False
101638307,METROPOLITAN NASHVILLE POLICE DEPT,20170408346,Davidson,Nashville,5/8/2017 2:37:00 PM,2,2,0,36.079210,-86.727450,HARDING PL,,,,365.00,Feet,West,NOLENSVILLE PKE,,,,0.00,N,Not at Intersection,N,Non-Junction,None,,,         ,Nicholas,Carroll,Clear,Other,no,no,no,no,no,False
101638322,METROPOLITAN NASHVILLE POLICE DEPT,20170408419,Davidson,Not in City Limit,5/8/2017 12:00:00 AM,1,0,0,36.311250,-86.879230,RAWLINGS RD,,,,604.00,Feet,West,EATONS CREEK RD,,,,0.00,N,Not at Intersection,N,Non-Junction,None,,,         ,Melvin,Taylor,Clear,Not Collision with Motor Vehicle in Transport,no,no,no,no,no,False
101638324,METROPOLITAN NASHVILLE POLICE DEPT,20170407857,Davidson,Nashville,5/8/2017 10:45:00 AM,3,1,0,36.088480,-86.701680,I24 W ENT RAMP,,,,0.00,Feet,East,I 24,,,,0.00,N,Not at Intersection,N,Non-Junction,None,,,         ,Jessie,Meadows,Clear,"Sideswipe, Same Direction",no,no,no,no,yes,False
101638325,METROPOLITAN NASHVILLE POLICE DEPT,2017-0406511,Davidson,Nashville,5/7/2017 9:42:00 PM,1,1,0,36.246000,-86.680000,NEELYS BEND RD,,,,100.00,Feet,North,CANDLEWOOD DR,,,,0.00,N,Not at Intersection,N,Non-Junction,None,,,         ,Harold,Willmore IV,Clear,Not Collision with Motor Vehicle in Transport,no,no,no,no,no,False
101638326,METROPOLITAN NASHVILLE POLICE DEPT,20170408007,Davidson,Nashville,5/8/2017 12:00:00 PM,3,2,0,36.055010,-86.672450,BLUE HOLE RD,,,,21.00,Feet,North,BLUE HOLE RD PVTDR,,,,0.00,N,Not at Intersection,N,Non-Junction,None,,,         ,Jessie,Meadows,Clear,Front to Rear,no,no,no,no,no,False
101638327,METROPOLITAN NASHVILLE POLICE DEPT,20170408167,Davidson,Nashville,5/8/2017 1:58:00 PM,2,0,0,36.045070,-86.659380,BELL RD,,,,118.00,Feet,East,I24 E ENT RAMP,,,,0.00,N,Not at Intersection, ,Non-Junction,None,,,         ,Jessie,Meadows,Clear,Front to Rear,no,no,no,no,no,False
101638328,METROPOLITAN NASHVILLE POLICE DEPT,20170408429,Davidson,Nashville,5/8/2017 2:50:00 PM,2,0,0,36.137070,-86.778800,8TH AVS,,,,147.00,Feet,South,ALLOWAY ST,,,,0.00,N,Not at Intersection,N,Non-Junction,None,,,         ,Hillary,Sherman,Clear,Angle,no,no,no,no,no,False
101638338,METROPOLITAN NASHVILLE POLICE DEPT,20170408420,Davidson,Nashville,5/8/2017 3:10:00 PM,4,2,0,36.082050,-86.761730,I65 N EXT RAMP,,,,0.00,,,SIDCO DR,,,,0.00,Y,Four-Way,N,Intersection,None,,,         ,Miguel,Garcia,Clear,Angle,no,no,no,no,no,False
101638339,METROPOLITAN NASHVILLE POLICE DEPT,20170408382,Davidson,Nashville,5/8/2017 2:52:00 PM,2,0,0,36.172840,-86.765340,MAIN ST,,,,0.00,,,S 5TH ST,,,,0.00,Y,Four-Way,N,Non-Junction,None,,,         ,Gunes,Akyildiz,Clear,Angle,no,no,no,no,no,False
101638355,METROPOLITAN NASHVILLE POLICE DEPT,20170408558,Davidson,Nashville,5/8/2017 4:20:00 PM,2,0,0,36.107270,-86.813000,HILLSBORO PKE,,,,218.00,Feet,South,GREEN HILLS VILLAGE DR,,,,0.00,N,Not at Intersection, ,Non-Junction,None,,,         ,Ralph,Smith IV,Clear,Front to Rear,no,no,no,no,no,False
101638363,METROPOLITAN NASHVILLE POLICE DEPT,20170408512,Davidson,Nashville,5/8/2017 3:57:00 PM,2,0,0,36.182110,-86.607740,OLD HICKORY BLVD,,,,89.00,Feet,East,ANDREW JACKSON WAY,,,,0.00,N,Not at Intersection, ,Non-Junction,None,,,         ,Dontaveous,Eubanks,Clear,Front to Rear,no,no,no,no,no,False
101638364,METROPOLITAN NASHVILLE POLICE DEPT,20170408481,Davidson,Nashville,5/8/2017 3:44:00 PM,2,0,0,36.115970,-86.696330,MURFREESBORO PKE,,,,344.00,Feet,East,MCGAVOCK PKE,,,,0.00,N,Not at Intersection, ,Non-Junction,None,,,         ,Alyson,Cook,Clear,Front to Rear,no,no,no,no,no,False
101638368,METROPOLITAN NASHVILLE POLICE DEPT,20170408341,Davidson,Nashville,5/8/2017 2:37:00 PM,1,1,0,36.140810,-86.834330,MURPHY RD,,,,380.00,Feet,West,40TH AVN,,,,0.00,N,Not at Intersection,N,Non-Junction,None,,,         ,Walter,Gray II,Clear,Not Collision with Motor Vehicle in Transport,no,no,no,no,no,False
101638370,METROPOLITAN NASHVILLE POLICE DEPT,2017-0408473,Davidson,Nashville,5/8/2017 3:39:00 PM,3,0,0,36.130670,-86.817520,I 440,,,,0.00,,,,,,,1.95,N,Not at Intersection,N,Non-Junction,None,,,         ,Ryan,Allen,Clear,Front to Rear,no,no,no,no,no,False
101638390,METROPOLITAN NASHVILLE POLICE DEPT,20170408599,Davidson,Nashville,5/8/2017 12:00:00 AM,2,0,0,36.188720,-86.822830,CLARKSVILLE PKE,,,,96.00,Feet,East,ROSA L PARKS BLVD,,,,0.00,N,Not at Intersection,N,Non-Junction,None,,,         ,Melvin,Taylor,Clear,Front to Rear,no,no,no,no,no,False
101638392,METROPOLITAN NASHVILLE POLICE DEPT,20170408530,Davidson,Nashville,5/8/2017 3:23:00 PM,2,0,0,36.166040,-86.764630,I24 E EXT RAMP,,,,0.00,Feet,East,I 24,,,,0.00,N,Not at Intersection, ,Non-Junction,None,,,         ,Pedro,Rivera Chaparro,Clear,Front to Rear,no,no,no,no,no,False
101638394,METROPOLITAN NASHVILLE POLICE DEPT,20170408628,Davidson,Nashville,5/8/2017 4:08:00 PM,2,0,0,36.101340,-86.870640,HARDING PKE,,,,327.00,Feet,South,HARDING PL,,,,0.00,N,Not at Intersection, ,Non-Junction,None,,,         ,Jessica,Scott,Clear,Front to Rear,no,no,no,no,no,False
101638408,METROPOLITAN NASHVILLE POLICE DEPT,20170408594,Davidson,Nashville,5/8/2017 4:39:00 PM,2,2,0,36.137700,-86.801700,BLAKEMORE AV,,,,171.00,Feet,West,MEDICAL CENTER DR,,,,0.00,N,Not at Intersection,N,Non-Junction,None,,,         ,Tien,Nguyen,Clear,Angle,no,no,no,no,no,Campus
101638409,METROPOLITAN NASHVILLE POLICE DEPT,20170408569,Davidson,Antioch,5/8/2017 4:26:00 PM,2,0,0,36.013430,-86.620680,I24 E ENT RAMP,,,,0.00,Feet,East,I 24,,,,0.00,N,Not at Intersection, ,Non-Junction,None,,,         ,Alyson,Cook,Clear,Front to Rear,no,no,no,no,no,False
101638411,METROPOLITAN NASHVILLE POLICE DEPT,2017-0408604,Davidson,Nashville,5/8/2017 3:32:00 PM,2,0,0,36.173710,-86.581920,CENTRAL PKE,,,,0.00,,,N NEW HOPE RD,,,,0.00,Y,T-Intersection, ,Intersection-Related,None,,,         ,Sandra,Talavera,Clear,Front to Rear,no,no,no,no,no,False