master_record_number,agency,agency_tracking_number,county,city,collision_date,vehicles_involved,number_injured,number_dead,latitude,longitude,roadway_name,roadway_suffix,roadway_number,roadway_local_id,distance_from_reference,miles-feet_indicator,direction_from_reference,intersection_road_name,intersection_road_name_suffix,intersection_road_number,intersection_local_id,mile_marker,intersection_indicator,intersect_type,interchange_related_indicator,relation_to_junction,work_zone_type,construction_maintenance_zone,construction_maintenance_zone_location,fatal_case_number,officer_first_name,officer_last_name,weather_condition(s),manner_of_crash,pedestrian,bicycle,scooter,parking,hitrun,mou
101639059,METROPOLITAN NASHVILLE POLICE DEPT,2017-0411408,Davidson,Not in City Limit,5/9/2017 12:51:00 PM,1,0,0,36.273310,-86.775780,BRICK CHURCH PKE,,,,1060.00,Feet,North,BELL GRIMES LN,,,,0.00,N,Not at Intersection,N,Non-Junction,None,,,         ,Zachariah,Bush,Clear,Not Collision with Motor Vehicle in Transport,no,no,no,no,no,False
101639060,METROPOLITAN NASHVILLE POLICE DEPT,20170411417,Davidson,Nashville,5/9/2017 12:56:00 PM,2,0,0,36.231500,-86.793770,EWING DR,,,,389.00,Feet,West,GWYNNWOOD DR,,,,0.00,N,Not at Intersection, ,Non-Junction,None,,,         ,Brandon,Evans,Clear,Angle,no,no,no,no,no,False
101639061,METROPOLITAN NASHVILLE POLICE DEPT,20170411405,Davidson,Nashville,5/9/2017 12:32:00 PM,2,0,0,36.146280,-86.666550,DONELSON PKE,,,,121.00,Feet,North,ROYAL PKWY,,,,0.00,N,Not at Intersection, ,Non-Junction,None,,,         ,Wesley,Young,Clear,Front to Rear,no,no,no,no,no,False
101639064,METROPOLITAN NASHVILLE POLICE DEPT,20170411426,Davidson,Nashville,5/9/2017 12:53:00 PM,2,0,0,36.243090,-86.751090,I65 S EXT RAMP,,,,0.00,Feet,East,I 65,,,,0.00,N,Not at Intersection, ,Non-Junction,None,,,         ,Michael,Agee,Clear,Front to Rear,no,no,no,no,yes,False
101639065,METROPOLITAN NASHVILLE POLICE DEPT,20170411265,Davidson,Nashville,5/9/2017 12:28:00 PM,3,1,0,36.154330,-86.743300,LEBANON PKE,,,,0.00,,,FESSLERS LN,,,,0.00,Y,T-Intersection,N,Intersection-Related,None,,,         ,James,Curtis,Clear,Front to Rear,no,no,no,no,no,False
101639070,METROPOLITAN NASHVILLE POLICE DEPT,20170411556,Davidson,Nashville,5/9/2017 10:00:00 AM,2,0,0,36.210930,-86.752720,SLAYDON DR,,,,292.00,Feet,East,OAKWOOD AV,,,,0.00,N,Not at Intersection, ,Non-Junction,None,,,         ,Richard,Conger,Clear,"Sideswipe, Same Direction",no,no,no,no,yes,False
101639083,Metro Park Police,20170408277,Davidson,Nashville,5/8/2017 1:30:00 PM,2,0,0,36.151170,-86.816330,PARK PLZ,,,,657.00,Feet,East,CENTENNIAL PARK PVTDR,,,,0.00,N,Not at Intersection, ,Non-Junction,None,,,         ,Howard,"Wright, Jr.",,Rear to Side,no,no,no,yes,no,False
101639095,BERRY HILL POLICE DEPT,17-1482,Davidson,Berry Hill,5/4/2017 12:00:00 AM,2,0,0,36.124980,-86.776670,FRANKLIN PKE,,,,0.00,,,INVERNESS AV,,,,0.00,Y,T-Intersection,Y,Intersection,None,,,         ,John,Gleixner,Rain,HeadOn,no,no,no,no,no,False
101639107,METROPOLITAN NASHVILLE POLICE DEPT,20170411468,Davidson,Nashville,5/9/2017 1:29:00 PM,3,1,0,36.206620,-86.840050,CLARKSVILLE PKE,,,,292.00,Feet,South,W HAMILTON AV,,,,0.00,N,Not at Intersection,N,Non-Junction,None,,,         ,Carlos,angulo,Clear,Front to Rear,no,no,no,no,yes,False
101639125,METROPOLITAN NASHVILLE POLICE DEPT,20170411557,Davidson,Nashville,5/9/2017 1:45:00 PM,2,0,0,36.125820,-86.776950,FRANKLIN PKE,,,,137.00,Feet,South,CRAIGHEAD ST,,,,0.00,N,Not at Intersection,N,Non-Junction,None,,,         ,Justin,Pinkelton,Clear,Angle,no,no,no,no,no,False
101639128,VANDERBILT UNIVERSITY POLICE,2017- 0411514,Davidson,Nashville,5/9/2017 1:25:00 PM,2,0,0,36.145070,-86.805700,VANDERBILT PL,,,,0.00,,,,,,,0.00,,Not at Intersection, ,Non-Junction,None,,,         ,Charles,Payton,Clear,Rear to Side,no,no,no,yes,no,Campus
101639138,METROPOLITAN NASHVILLE POLICE DEPT,20170411392,Davidson,Not in City Limit,5/9/2017 12:30:00 PM,2,0,0,36.273440,-86.710040,GALLATIN PKEN,,,,0.00,Feet,,ANDERSON LN,,,,0.00,Y,T-Intersection,N,Intersection-Related,None,,,         ,Peter,Lynch,Clear,Front to Rear,no,no,no,no,yes,False
101639139,METROPOLITAN NASHVILLE POLICE DEPT,20170411148,Davidson,Not in City Limit,5/9/2017 9:10:00 AM,1,0,0,36.307980,-86.821610,I 24,,,,0.00,,,,,,,38.00,N,Not at Intersection,N,Non-Junction,None,,,         ,Peter,Lynch,Clear,Not Collision with Motor Vehicle in Transport,no,no,no,no,yes,False
101639141,METROPOLITAN NASHVILLE POLICE DEPT,20170411587,Davidson,Nashville,5/9/2017 1:59:00 PM,2,0,0,36.197210,-86.619970,LEBANON PKE EB EXT RAMP,,,,0.00,,,OLD HICKORY BLVD,,,,0.00,Y,Y-Intersection,N,Intersection-Related,None,,,         ,Wesley,Young,Clear,Front to Rear,no,no,no,no,no,False
101639162,METROPOLITAN NASHVILLE POLICE DEPT,20170411545,Davidson,Not in City Limit,5/9/2017 1:00:00 PM,2,0,0,36.256480,-86.738490,I 65,,,,0.00,,,,,,,91.70,N,Not at Intersection, ,Non-Junction,None,,,         ,Kyle,Berkheiser,Clear,Not Collision with Motor Vehicle in Transport,no,no,no,no,yes,False
101639183,METROPOLITAN NASHVILLE POLICE DEPT,20170411179,Davidson,Nashville,5/9/2017 12:11:00 PM,2,0,0,36.084830,-86.703740,HARDING PL,,,,96.00,Feet,West,TRAVELERS INN DR,,,,0.00,N,Not at Intersection, ,Non-Junction,None,,,         ,Jessie,Meadows,Clear,"Sideswipe, Same Direction",no,no,no,no,no,False
101639184,METROPOLITAN NASHVILLE POLICE DEPT,20170411494,Davidson,Antioch,5/9/2017 2:15:00 PM,1,0,0,36.027250,-86.589250,MURFREESBORO PKE,,,,396.00,Feet,North,HICKORY WOODS DR,,,,0.00,N,Not at Intersection,N,Non-Junction,None,,,         ,Jessie,Meadows,Clear,Not Collision with Motor Vehicle in Transport,no,no,no,no,yes,False
101639185,METROPOLITAN NASHVILLE POLICE DEPT,20170411618,Davidson,Nashville,5/9/2017 2:25:00 PM,2,0,0,36.191870,-86.780970,I 65,,,,0.00,,,,,,,86.25,N,Not at Intersection,N,Non-Junction,None,,,         ,Michael,Baron,Clear,Front to Rear,no,no,no,no,no,False
101639190,BERRY HILL POLICE DEPT,17-1496,Davidson,Berry Hill,5/5/2017 7:04:00 PM,3,1,0,36.112190,-86.765600,THOMPSON LN,,,,340.00,Feet,South,BRANSFORD AV,,,,0.00,N,Not at Intersection,Y,Entrance/Exit Ramp Related,None,,,         ,John,Gleixner,Cloudy,Front to Rear,no,no,no,no,no,False
101639193,METROPOLITAN NASHVILLE POLICE DEPT,20170411660,Davidson,Nashville,5/9/2017 2:23:00 PM,2,0,0,36.054990,-86.759550,BRENTVIEW HILLS DR,,,,0.00,,,TROUSDALE DR,,,,0.00,Y,Four-Way,N,Intersection-Related,None,,,         ,Tien,Nguyen,Clear,Angle,no,no,no,no,no,False
101639207,METROPOLITAN NASHVILLE POLICE DEPT,20170411702,Davidson,Nashville,5/9/2017 2:20:00 PM,2,0,0,36.169400,-86.862140,CENTENNIAL BLVD,,,,50.00,Feet,North,LINDER INDUSTRIAL DR,,,,0.00,N,Not at Intersection,N,Non-Junction,None,,,         ,Walter,Gray II,Clear,Front to Rear,no,no,no,no,no,False
101639227,METROPOLITAN NASHVILLE POLICE DEPT,20170411733,Davidson,Nashville,5/9/2017 2:41:00 PM,2,0,0,36.052630,-86.714710,NOLENSVILLE PKE,,,,383.00,Feet,South,BREWER DR,,,,0.00,N,Not at Intersection, ,Non-Junction,None,,,         ,Alyson,Cook,Clear,Front to Rear,no,no,no,no,no,False
101639228,METROPOLITAN NASHVILLE POLICE DEPT,20170411862,Davidson,Nashville,5/9/2017 2:43:00 PM,2,0,0,36.235610,-86.758260,DICKERSON PKE,,,,189.00,Feet,North,HOMESTEAD RD,,,,0.00,N,Not at Intersection, ,Non-Junction,None,,,         ,Christopher,Valdez,Clear,Front to Rear,no,no,no,no,no,False
101639234,METROPOLITAN NASHVILLE POLICE DEPT,20170411859,Davidson,Nashville,5/9/2017 3:46:00 PM,2,1,0,36.148840,-86.762470,LAFAYETTE ST,,,,0.00,,,CHARLES E DAVIS BLVD,,,,0.00,Y,Four-Way,N,Intersection-Related,None,,,         ,Dontaveous,Eubanks,Clear,Front to Rear,no,no,no,no,no,False
101639243,METROPOLITAN NASHVILLE POLICE DEPT,20170411713,Davidson,Nashville,5/9/2017 3:04:00 PM,3,3,0,36.234520,-86.625900,MONTCHANIN RD,,,,0.00,,,OLD HICKORY BLVD,,,,0.00,Y,T-Intersection,N,Intersection,None,,,         ,Johnny,Crumby Jr.,Clear,Front to Rear,no,no,no,no,no,False
101639251,METROPOLITAN NASHVILLE POLICE DEPT,20170411851,Davidson,Nashville,5/9/2017 3:35:00 PM,2,0,0,36.105570,-86.718070,I 24,,,,0.00,,,,,,,54.05,N,Not at Intersection,N,Non-Junction,None,,,         ,Alyson,Cook,Clear,Front to Rear,no,no,no,no,no,False
101639254,METROPOLITAN NASHVILLE POLICE DEPT,20170411808,Davidson,Nashville,5/9/2017 3:33:00 PM,2,0,0,36.168130,-86.765910,I 24,,,,0.00,,,,,,,48.80,N,Not at Intersection,N,Non-Junction,None,,,         ,Jason,Hogan,Clear,Front to Rear,no,no,no,no,no,False
101639255,METROPOLITAN NASHVILLE POLICE DEPT,20170411877,Davidson,Not in City Limit,5/9/2017 2:58:00 PM,3,1,0,35.996420,-86.690350,CONCORD RD,,,,213.00,Feet,South,NOLENSVILLE PKE,,,,0.00,N,Not at Intersection,N,Non-Junction,None,,,         ,Tien,Nguyen,Clear,Front to Rear,no,no,no,no,no,False
101639257,METROPOLITAN NASHVILLE POLICE DEPT,20170411897,Davidson,Nashville,5/9/2017 4:00:00 PM,1,0,0,36.180070,-86.811040,BUCHANAN ST,,,,0.00,Feet,,DR D B TODD JR BLVD,,,,0.00,Y,Four-Way, ,Intersection-Related,None,,,         ,Thomas,Burns,Clear,Not Collision with Motor Vehicle in Transport,no,no,no,no,no,False
101639298,BERRY HILL POLICE DEPT,17-1532,Davidson,Berry Hill,5/9/2017 4:30:00 PM,2,0,0,36.118860,-86.774590,FRANKLIN PKE,,,,0.00,,,BERRY RD,,,,0.00,Y,Y-Intersection, ,,None,,,         ,Stephen,Reece,,,no,no,no,no,no,False
101639300,METROPOLITAN NASHVILLE POLICE DEPT,20170411924,Davidson,Nashville,5/9/2017 4:11:00 PM,2,0,0,36.168130,-86.765910,I 24,,,,0.00,,,,,,,48.80,N,Not at Intersection, ,,None,,,         ,Jason,Hogan,,,no,no,no,no,no,False
101639304,METROPOLITAN NASHVILLE POLICE DEPT,20170412060,Davidson,Nashville,5/9/2017 4:20:00 PM,2,0,0,36.166300,-86.805360,DR D B TODD JR BLVD,,,,0.00,,,ALBION ST,,,,0.00,Y,T-Intersection, ,Intersection-Related,None,,,         ,Kevin,Reynolds,Clear,"Sideswipe, Same Direction",no,no,no,no,no,False
101639307,METROPOLITAN NASHVILLE POLICE DEPT,20170411995,Davidson,Nashville,5/9/2017 4:36:00 PM,2,0,0,36.183980,-86.748300,GALLATIN AV,,,,61.00,Feet,North,EASTLAND AV,,,,0.00,N,Not at Intersection, ,Non-Junction,None,,,         ,Andrew,Anoskey,Clear,Angle,no,no,no,no,no,False
101639312,METROPOLITAN NASHVILLE POLICE DEPT,20170412006,Davidson,Nashville,5/9/2017 4:41:00 PM,2,2,0,36.092620,-86.631830,SMITH SPRINGS RD,,,,395.00,Feet,West,OLD SMITH SPRINGS RD,,,,0.00,N,Not at Intersection,N,Non-Junction,None,,,         ,Patrick,Taylor,Clear,Rear to Side,no,no,no,no,no,False
101639313,METROPOLITAN NASHVILLE POLICE DEPT,20170412032,Davidson,Nashville,5/9/2017 4:53:00 PM,1,0,0,36.052160,-86.775160,I 65,,,,0.00,,,,,,,74.70,N,Not at Intersection, ,Non-Junction,None,,,         ,Miguel,Garcia,Clear,Not Collision with Motor Vehicle in Transport,no,no,no,no,no,False
101639317,METROPOLITAN NASHVILLE POLICE DEPT,20170411653,Davidson,Antioch,5/9/2017 4:01:00 PM,2,1,0,36.052640,-86.599330,HOBSON PKE,,,,51.00,Feet,South,LAKEWALK DR,,,,0.00,N,Not at Intersection,N,Non-Junction,None,,,         ,Jessie,Meadows,Clear,Angle,no,no,no,no,no,False
101639318,METROPOLITAN NASHVILLE POLICE DEPT,20170411983,Davidson,Nashville,5/9/2017 5:11:00 PM,1,0,0,36.078210,-86.670390,FRANKLIN LIMESTONE RD,,,,59.00,Feet,South,BILLINGSGATE RD,,,,0.00,N,Not at Intersection,N,Non-Junction,None,,,         ,Jessie,Meadows,Clear,Not Collision with Motor Vehicle in Transport,no,no,no,no,no,False
101639337,METROPOLITAN NASHVILLE POLICE DEPT,20170412065,Davidson,Nashville,5/9/2017 4:38:00 PM,2,0,0,36.124530,-86.794280,SWEETBRIAR AV,,,,0.00,,,BELMONT BLVD,,,,0.00,Y,T-Intersection, ,Intersection,None,,,         ,Ralph,Smith IV,Clear,Angle,no,no,no,no,no,False
101639338,METROPOLITAN NASHVILLE POLICE DEPT,20170411816,Davidson,Nashville,5/9/2017 4:00:00 PM,2,1,0,36.230900,-86.813120,WHITES CREEK PKE,,,,947.00,Feet,South,BRILEY PKWY E ENT RAMP,,,,0.00,N,Not at Intersection,N,Non-Junction,None,,,         ,Frederick,Ware,Clear,Front to Rear,no,no,no,no,yes,False
101639340,METROPOLITAN NASHVILLE POLICE DEPT,2017-0412155,Davidson,Nashville,5/9/2017 5:22:00 PM,2,0,0,36.158600,-86.775640,4TH AVS,,,,158.00,Feet,South,DEMONBREUN ST,,,,0.00,N,Not at Intersection,N,Non-Junction,None,,,         ,Chad,Wilkinson,Clear,"Sideswipe, Same Direction",no,no,no,no,yes,False
101639343,METROPOLITAN NASHVILLE POLICE DEPT,20170412225,Davidson,Nashville,5/9/2017 6:01:00 PM,2,1,0,36.119730,-86.787280,LEALAND LN,,,,0.00,,,KIRKWOOD AV,,,,0.00,Y,Four-Way,N,Intersection-Related,None,,,         ,Tien,Nguyen,Clear,Front to Rear,no,no,no,no,no,False
101639348,METROPOLITAN NASHVILLE POLICE DEPT,20170412234,Davidson,Nashville,5/9/2017 5:28:00 PM,3,0,0,36.090520,-86.734180,NOLENSVILLE PKE,,,,236.00,Feet,North,ZOO RD,,,,0.00,N,Not at Intersection, ,Non-Junction,None,,,         ,Miguel,Garcia,Clear,Front to Rear,no,no,no,no,yes,False
101639349,METROPOLITAN NASHVILLE POLICE DEPT,20170412134,Davidson,Nashville,5/9/2017 3:30:00 PM,1,0,0,36.254700,-86.715530,GALLATIN PKES,,,,191.00,Feet,South,MADISON BLVD,,,,0.00,N,Not at Intersection,N,Non-Junction,None,,,         ,Harold,Willmore IV,Clear,Not Collision with Motor Vehicle in Transport,no,no,no,yes,yes,False
101639355,METROPOLITAN NASHVILLE POLICE DEPT,20170412184,Davidson,Nashville,5/9/2017 5:47:00 PM,2,1,0,36.107450,-86.768550,I 65,,,,0.00,,,,,,,79.55,N,Not at Intersection,N,Non-Junction,None,,,         ,Ralph,Smith IV,Clear,Front to Rear,no,no,no,no,no,False
101639370,METROPOLITAN NASHVILLE POLICE DEPT,20170412299,Davidson,Nashville,5/9/2017 6:20:00 PM,2,0,0,36.096410,-86.624920,BELL RD,,,,922.00,Feet,North,HARBOR LIGHTS DR,,,,0.00,N,Not at Intersection, ,,None,,,         ,Johnathan,Carlisle,,,no,no,no,no,no,False
101639377,METROPOLITAN NASHVILLE POLICE DEPT,20170411947,Davidson,Nashville,5/9/2017 4:18:00 PM,2,0,0,36.076990,-86.945550,HIGHWAY 70S,,,,100.00,Feet,West,SAWYER BROWN RD,,,,0.00,N,Not at Intersection,N,Non-Junction,None,,,         ,Walter,Gray II,Clear,"Sideswipe, Same Direction",no,no,no,no,no,False
101639380,METROPOLITAN NASHVILLE POLICE DEPT,20170411927,Davidson,Nashville,5/9/2017 4:11:00 PM,2,0,0,36.139450,-86.818990,WEST END AV,,,,50.00,Feet,North,ORLEANS DR,,,,0.00,N,Not at Intersection, ,Non-Junction,None,,,         ,Maria,Cortez,Clear,Front to Rear,no,no,no,no,no,False
101639394,METROPOLITAN NASHVILLE POLICE DEPT,20170412338,Davidson,Nashville,5/9/2017 5:50:00 PM,2,0,0,36.165350,-86.697300,LEBANON PKE,,,,115.00,Feet,West,DONELSON HILLS DR,,,,0.00,N,Not at Intersection, ,Non-Junction,None,,,         ,John,Kelley,Clear,Front to Rear,no,no,no,no,no,False
101639395,METROPOLITAN NASHVILLE POLICE DEPT,20170412075,Davidson,Nashville,5/9/2017 5:14:00 PM,1,1,0,36.155750,-86.809740,CHARLOTTE AV,,,,0.00,,,23RD AVN,,,,0.00,Y,Four-Way,N,Intersection,None,,,         ,Thomas,Burns,Clear,Not Collision with Motor Vehicle in Transport,yes,no,no,no,no,False
101639399,METROPOLITAN NASHVILLE POLICE DEPT,20170412177,Davidson,Nashville,5/9/2017 5:41:00 PM,2,0,0,36.123730,-86.810350,I 440,,,,0.00,,,,,,,2.50,N,Not at Intersection,N,Non-Junction,None,,,         ,Walter,Gray II,Clear,Front to Rear,no,no,no,no,no,False
101639401,METROPOLITAN NASHVILLE POLICE DEPT,20170412007,Davidson,Nashville,5/9/2017 4:40:00 PM,2,3,0,36.141910,-86.640610,ELM HILL PKE,,,,0.00,,,TIMBER VALLEY DR,,,,0.00,Y,T-Intersection,N,Intersection,None,,,         ,Marcus,Mitchell,Clear,Angle,no,no,no,no,no,False
101639402,VANDERBILT UNIVERSITY POLICE,17-0412215,Davidson,Nashville,5/9/2017 5:23:00 PM,2,0,0,36.139080,-86.805070,CHILDRENS WAY,,,,0.00,,,24TH AVS,,,,0.00,Y,Four-Way, ,Intersection,None,,,         ,Robert,Skucy,Clear,"Sideswipe, Opposite Direction",no,no,no,no,no,Campus
101639414,METROPOLITAN NASHVILLE POLICE DEPT,2017-0411825,Davidson,Nashville,5/9/2017 2:25:00 PM,2,1,0,36.215400,-86.588510,LEBANON PKE,,,,0.00,,,BIG HORN DR,,,,0.00,Y,Four-Way,N,Intersection,None,,,         ,Sandra,Talavera,Clear,Angle,no,no,no,no,no,False
101639419,METROPOLITAN NASHVILLE POLICE DEPT,20170412042,Davidson,Antioch,5/9/2017 4:58:00 PM,2,1,0,36.069930,-86.599000,FORRESTAL WAY,,,,301.00,Feet,South,SEASONS DR,,,,0.00,N,Not at Intersection,N,Non-Junction,None,,,         ,Alyson,Cook,Clear,Not Collision with Motor Vehicle in Transport,no,no,no,yes,no,False
101639420,METROPOLITAN NASHVILLE POLICE DEPT,20170412212,Davidson,Nashville,5/9/2017 5:25:00 PM,2,0,0,36.141790,-86.777490,CHESTNUT ST,,,,0.00,,,CHERRY AV,,,,0.00,Y,T-Intersection,N,Intersection,None,,,         ,Eric,Burford,Clear,"Sideswipe, Same Direction",no,no,no,no,no,False
101639437,METROPOLITAN NASHVILLE POLICE DEPT,20170412454,Davidson,Nashville,5/9/2017 6:22:00 PM,2,0,0,36.138860,-86.880290,HILLWOOD BLVD,,,,110.00,Feet,East,CHARLOTTE PKE,,,,0.00,N,Not at Intersection, ,Non-Junction,None,,,         ,Jeremy,Huffine,Clear,Angle,no,no,no,no,no,False
101639439,METROPOLITAN NASHVILLE POLICE DEPT,20170412061,Davidson,Nashville,5/9/2017 4:27:00 PM,2,1,0,36.142540,-86.666620,DONELSON PKE,,,,93.00,Feet,North,I40 W ENT RAMP,,,,0.00,N,Not at Intersection,N,Non-Junction,None,,,         ,Reuben,Hewit,Clear,Angle,no,no,no,no,no,False
101639441,METROPOLITAN NASHVILLE POLICE DEPT,20170412405,Davidson,Not in City Limit,5/9/2017 7:03:00 PM,2,0,0,36.269260,-86.755740,OLD HICKORY BLVDW,,,,0.00,,,DICKERSON PKE,,,,0.00,Y,Four-Way, ,Intersection,None,,,         ,Rodney,Phipps,Clear,Angle,no,no,no,no,yes,False
101639444,METROPOLITAN NASHVILLE POLICE DEPT,20170412521,Davidson,Nashville,5/9/2017 6:48:00 PM,2,0,0,36.080650,-86.696870,I 24,,,,0.00,,,,,,,56.15,N,Not at Intersection, ,Non-Junction,None,,,         ,Mary,Williams,Clear,Front to Rear,no,no,no,no,no,False
101639447,METROPOLITAN NASHVILLE POLICE DEPT,20170412133,Davidson,Nashville,5/9/2017 4:58:00 PM,2,0,0,36.158780,-86.773150,2ND AVS,,,,136.00,Feet,South,MOLLOY ST,,,,0.00,N,Not at Intersection, ,Non-Junction,None,,,         ,Brian,Woodard,Clear,Front to Rear,no,no,no,no,no,False
101639456,METROPOLITAN NASHVILLE POLICE DEPT,20170412362,Davidson,Nashville,5/9/2017 5:03:00 PM,2,0,0,36.170820,-86.601550,OLD HICKORY BLVD,,,,0.00,,,I40 W EXT RAMP,,,,0.00,Y,Four-Way, ,Intersection,None,,,         ,Codey,Mullins,Clear,"Sideswipe, Opposite Direction",no,no,no,no,no,False
101639475,METROPOLITAN NASHVILLE POLICE DEPT,2017-0412665,Davidson,Nashville,5/9/2017 8:15:00 PM,2,0,0,36.155840,-86.785430,11TH AVS,,,,101.00,Feet,South,MCGAVOCK ST,,,,0.00,N,Not at Intersection,N,Non-Junction,None,,,         ,Chad,Wilkinson,Clear,"Sideswipe, Same Direction",no,no,no,no,yes,False
101639481,METROPOLITAN NASHVILLE POLICE DEPT,20170411996,Davidson,Nashville,5/9/2017 4:30:00 PM,3,3,0,36.077400,-86.633800,BELL RD,,,,0.00,,,,,,,0.00,,Not at Intersection,N,Non-Junction,None,,,         ,Adam,Nicholson,Clear,Angle,no,no,no,no,no,False
101639489,METROPOLITAN NASHVILLE POLICE DEPT,20170411868,Davidson,Nashville,5/9/2017 3:51:00 PM,1,0,0,36.255680,-86.708890,OAKDELL AV,,,,55.00,Feet,East,NEELYS BEND RD,,,,0.00,N,Not at Intersection,N,Non-Junction,None,,,         ,Samuel,Miller,Clear,Not Collision with Motor Vehicle in Transport,no,no,no,no,yes,False
101639499,METROPOLITAN NASHVILLE POLICE DEPT,20170412796,Davidson,Nashville,5/9/2017 7:00:00 PM,2,0,0,36.152780,-86.782630,PINE ST,,,,327.00,Feet,East,11TH AVS,,,,0.00,N,Not at Intersection,N,Non-Junction,None,,,         ,Chad,Wilkinson,Clear,Front to Rear,no,no,no,no,yes,False
101639522,METROPOLITAN NASHVILLE POLICE DEPT,20170412739,Davidson,Nashville,5/9/2017 9:08:00 PM,2,0,0,36.192320,-86.616300,OLD HICKORY BLVD,,,,0.00,,,JUAREZ DR,,,,0.00,Y,Four-Way, ,Intersection,None,,,         ,Codey,Mullins,Clear,Front to Rear,no,no,no,no,no,False
101639523,METROPOLITAN NASHVILLE POLICE DEPT,20170411920,Davidson,Nashville,5/9/2017 4:06:00 PM,1,1,0,36.160840,-86.774490,2ND AVS,,,,0.00,,,SHELBY ST PEDESTRIAN BRIDGE GR,,,,0.00,Y,OTHER,N,Non-Junction,None,,,         ,Michael,Douglas,Clear,Not Collision with Motor Vehicle in Transport,yes,no,no,no,no,False
101639543,METROPOLITAN NASHVILLE POLICE DEPT,20170412798,Davidson,Nashville,5/9/2017 9:05:00 PM,2,0,0,36.044950,-86.659750,I24 E ENT RAMP,,,,0.00,,,I 24,,,,0.00,Y,T-Intersection, ,Entrance/Exit Ramp Related,None,,,         ,Mary,Williams,Clear,"Sideswipe, Same Direction",no,no,no,no,no,False
101639546,METROPOLITAN NASHVILLE POLICE DEPT,20170412814,Davidson,Nashville,5/9/2017 9:26:00 PM,1,0,0,36.040970,-86.650350,I24 W ENT RAMP,,,,0.00,Feet,East,I 24,,,,0.00,N,Not at Intersection,N,Non-Junction,None,,,         ,Alyson,Cook,Clear,Not Collision with Motor Vehicle in Transport,no,no,no,no,yes,False
101639580,METROPOLITAN NASHVILLE POLICE DEPT,20170412817,Davidson,Nashville,5/9/2017 9:35:00 PM,1,0,0,36.133690,-86.785360,ACKLEN AV,,,,0.00,,,,,,,0.00,,, ,OtherLocation,None,,,         ,Taylor,Jeansonne,Clear,Not Collision with Motor Vehicle in Transport,no,no,no,no,no,False
101639605,METROPOLITAN NASHVILLE POLICE DEPT,20170411965,Davidson,Nashville,5/9/2017 4:29:00 PM,2,0,0,36.142800,-86.744360,MURFREESBORO PKE,,,,0.00,,,FESSLERS LN,,,,0.00,Y,Four-Way, ,Intersection,None,,,         ,John,Daugherty,Clear,Angle,no,no,no,no,no,False
101639610,METROPOLITAN NASHVILLE POLICE DEPT,20170412921,Davidson,Antioch,5/9/2017 10:14:00 PM,3,2,0,36.013260,-86.619450,I 24,,,,0.00,,,,,,,62.60,N,Not at Intersection,N,Non-Junction,None,,,         ,Victoria,Cunningham,Clear,Front to Rear,no,no,no,no,no,False
101639614,METROPOLITAN NASHVILLE POLICE DEPT,20170412989,Davidson,Nashville,5/9/2017 10:45:00 PM,1,0,0,36.077530,-86.658010,PICCADILLY ROW,,,,53.00,Feet,North,OKEE TRL,,,,0.00,N,Not at Intersection,N,Non-Junction,None,,,         ,Justin,McCormick,Clear,Not Collision with Motor Vehicle in Transport,no,no,no,no,no,False
101639636,METROPOLITAN NASHVILLE POLICE DEPT,20170413167,Davidson,Nashville,5/9/2017 10:12:00 PM,2,0,0,36.045500,-86.711880,OLD HICKORY BLVD,,,,412.00,Feet,East,NOLENSVILLE PKE,,,,0.00,N,Not at Intersection,N,Non-Junction,None,,,         ,David,Moser,Clear,"Sideswipe, Same Direction",no,no,no,no,yes,False
101639672,METROPOLITAN NASHVILLE POLICE DEPT,20170413450,Davidson,Nashville,5/9/2017 8:45:00 PM,2,0,0,36.135800,-86.725040,MURFREESBORO PKE,,,,0.00,Feet,,SPENCE LN,,,,0.00,Y,OTHER,N,Intersection,None,,,         ,Chad,Mahoney,Clear,"Sideswipe, Same Direction",no,no,no,no,yes,False
101639691,METROPOLITAN NASHVILLE POLICE DEPT,20170413413,Davidson,Nashville,5/10/2017 1:36:00 AM,2,1,0,36.240830,-86.751370,I 65,,,,0.00,,,,,,,90.40,N,Not at Intersection,Y,Entrance/Exit Ramp Related,None,,,         ,Abbey,Sawl,Clear,Front to Rear,no,no,no,no,no,False
101639701,METROPOLITAN NASHVILLE POLICE DEPT,20170413561,Davidson,Not in City Limit,5/10/2017 3:07:00 AM,2,1,0,36.020540,-86.627620,I 24,,,,0.00,,,,,,,62.00,N,Not at Intersection,N,Non-Junction,None,,,         ,David,Moser,Clear,"Sideswipe, Same Direction",no,no,no,no,yes,False
101639703,METROPOLITAN NASHVILLE POLICE DEPT,20170413862,Davidson,Goodlettsville,5/10/2017 4:45:00 AM,1,0,0,36.331960,-86.733770,BRICK CHURCH PKE,,,,0.00,,,HITT LN,,,,0.00,,Not at Intersection,N,Non-Junction,None,,,         ,Patrick,McGinnis,Clear,Not Collision with Motor Vehicle in Transport,no,no,no,no,no,False
101639716,METROPOLITAN NASHVILLE POLICE DEPT,20170413864,Davidson,Nashville,5/10/2017 5:01:00 AM,1,1,0,36.046210,-86.618650,SUMMERCREST,BLVD,,,0.00,,East,SUMMERBREEZE,LN,,,0.00,N,Not at Intersection,N,Non-Junction,None,,,         ,Kevin,Breeding,Clear,Not Collision with Motor Vehicle in Transport,no,no,no,no,no,False