master_record_number,agency,agency_tracking_number,county,city,collision_date,vehicles_involved,number_injured,number_dead,latitude,longitude,roadway_name,roadway_suffix,roadway_number,roadway_local_id,distance_from_reference,miles-feet_indicator,direction_from_reference,intersection_road_name,intersection_road_name_suffix,intersection_road_number,intersection_local_id,mile_marker,intersection_indicator,intersect_type,interchange_related_indicator,relation_to_junction,work_zone_type,construction_maintenance_zone,construction_maintenance_zone_location,fatal_case_number,officer_first_name,officer_last_name,weather_condition(s),manner_of_crash,pedestrian,bicycle,scooter,parking,hitrun,mou
101642368,METROPOLITAN NASHVILLE POLICE DEPT,20170422044,Davidson,Nashville,5/12/2017 3:35:00 PM,2,0,0,36.066300,-86.774230,HOGAN RD,,,,0.00,,,FRANKLIN PKE,,,,0.00,Y,Four-Way,N,Non-Junction,None,,,         ,Melissa,Flores,Rain,Front to Rear,no,no,no,no,no,False
101642371,METROPOLITAN NASHVILLE POLICE DEPT,20170422217,Davidson,Nashville,5/12/2017 4:55:00 PM,2,0,0,36.144670,-86.744120,ELM HILL PKE,,,,30.00,Feet,West,FESSLERS LN,,,,0.00,N,Not at Intersection, ,Non-Junction,None,,,         ,Jonathan,Cavezza,Rain,"Sideswipe, Same Direction",no,no,no,no,no,False
101642401,METROPOLITAN NASHVILLE POLICE DEPT,20170422141,Davidson,Nashville,5/12/2017 4:13:00 PM,2,0,0,36.157600,-86.791210,I40 E ENT RAMP,,,,0.00,Feet,East,I 40,,,,0.00,N,Not at Intersection, ,Entrance/Exit Ramp Related,None,,,         ,Tien,Nguyen,Rain,"Sideswipe, Same Direction",no,no,no,no,no,False
101642412,METROPOLITAN NASHVILLE POLICE DEPT,20170421521,Davidson,Not in City Limit,5/12/2017 11:40:00 AM,1,1,0,36.260320,-86.886880,EATONS CREEK RD,,,,1484.00,Feet,East,OLD HICKORY BLVD,,,,0.00,N,Not at Intersection,N,Non-Junction,None,,,         ,Royce,McLester,Cloudy,Not Collision with Motor Vehicle in Transport,no,no,no,no,yes,False
101642426,METROPOLITAN NASHVILLE POLICE DEPT,20170422269,Davidson,Nashville,5/12/2017 5:00:00 PM,2,0,0,36.197170,-86.608560,ANDREW JACKSON PKWY,,,,69.00,Feet,South,TYLER DR,,,,0.00,N,Not at Intersection,N,OtherLocation,None,,,         ,Christopher,Mackey,Rain,Front to Rear,no,no,no,no,no,False
101642429,METROPOLITAN NASHVILLE POLICE DEPT,20170422104,Davidson,Nashville,5/12/2017 3:59:00 PM,4,0,0,36.087840,-86.701130,I24 W ENT RAMP,,,,0.00,Feet,East,I 24,,,,0.00,N,Not at Intersection,N,Non-Junction,None,,,         ,Alyson,Cook,Rain,Angle,no,no,no,no,no,False
101642432,METROPOLITAN NASHVILLE POLICE DEPT,20170422339,Davidson,Nashville,5/12/2017 12:00:00 AM,2,0,0,36.146390,-86.742640,I 40,,,,0.00,,,,,,,212.10,N,Not at Intersection,N,Non-Junction,None,,,         ,Craig,Gentry,Rain,Front to Rear,no,no,no,no,yes,False
101642433,METROPOLITAN NASHVILLE POLICE DEPT,20170422272,Davidson,Not in City Limit,5/12/2017 5:15:00 PM,2,0,0,36.262210,-86.757420,DICKERSON PKE,,,,366.00,Feet,South,WESTCHESTER DR,,,,0.00,N,Not at Intersection,N,Non-Junction,None,,,         ,Jordan,Vrbas,Rain,Angle,no,no,no,no,no,False
101642436,METROPOLITAN NASHVILLE POLICE DEPT,20170422288,Davidson,Nashville,5/12/2017 4:20:00 PM,2,0,0,36.045370,-86.713260,NOLENSVILLE PKE,,,,0.00,,,OLD HICKORY BLVD,,,,0.00,Y,Four-Way, ,Intersection,None,,,         ,Nicholas,Berens,Rain,Front to Rear,no,no,no,no,no,False
101642437,METROPOLITAN NASHVILLE POLICE DEPT,20170422185,Davidson,Nashville,5/12/2017 4:37:00 PM,2,0,0,36.156400,-86.823200,I40 W EXT RAMP,,,,0.00,,,I 40,,,,0.00,Y,OTHER, ,,None,,,         ,Barrett,Teague,,,no,no,no,no,no,False
101642438,METROPOLITAN NASHVILLE POLICE DEPT,20170421975,Davidson,Nashville,5/12/2017 5:34:00 PM,2,0,0,36.091620,-86.651520,MURFREESBORO PKE,,,,154.00,Feet,North,BRITISH WOODS DR,,,,0.00,N,Not at Intersection,N,Non-Junction,None,,,         ,Jessie,Meadows,Rain,Front to Rear,no,no,no,no,no,False
101642439,METROPOLITAN NASHVILLE POLICE DEPT,20170422168,Davidson,Nashville,5/12/2017 5:39:00 PM,1,1,0,36.081520,-86.701650,LINBAR DR,,,,145.00,Feet,South,WALLACE RD,,,,0.00,N,Not at Intersection,N,Non-Junction,None,,,         ,Jessie,Meadows,Rain,Not Collision with Motor Vehicle in Transport,yes,no,no,no,no,False
101642440,METROPOLITAN NASHVILLE POLICE DEPT,20170422131,Davidson,Nashville,5/12/2017 5:44:00 PM,2,0,0,36.080470,-86.726610,NOLENSVILLE PKE,,,,325.00,Feet,North,HARDING PL,,,,0.00,N,Not at Intersection,N,Non-Junction,None,,,         ,Jessie,Meadows,Rain,Angle,no,no,no,no,no,False
101642443,METROPOLITAN NASHVILLE POLICE DEPT,20170422282,Davidson,Nashville,5/12/2017 5:16:00 PM,2,0,0,36.065270,-86.759960,HOGAN RD,,,,215.00,Feet,West,TROUSDALE DR,,,,0.00,N,Not at Intersection,N,Non-Junction,None,,,         ,Edin,Plancic,Rain,Front to Rear,no,no,no,no,no,False
101642444,METROPOLITAN NASHVILLE POLICE DEPT,2017-0422218,Davidson,Nashville,5/12/2017 4:57:00 PM,2,0,0,36.154910,-86.831170,I 40,,,,0.00,,,,,,,205.45,N,Not at Intersection,Y,Entrance/Exit Ramp Related,None,,,         ,Ryan,Allen,Rain,"Sideswipe, Same Direction",no,no,no,no,yes,False
101642446,GOODLETTSVILLE POLICE DEPT,17-16849,Davidson,Goodlettsville,5/12/2017 5:00:00 PM,2,0,0,36.305660,-86.703030,RIVERGATE PKWY,,,,0.00,,,RIVERGATE DR,,,,0.00,Y,Four-Way,N,Intersection,None,,,         ,Rico,Jones,Rain,Angle,no,no,no,no,no,False
101642447,GOODLETTSVILLE POLICE DEPT,17-16822,Davidson,Goodlettsville,5/12/2017 2:22:00 PM,2,0,0,36.295820,-86.704450,GLEAVES ST,,,,0.00,,,WREN RD,,,,0.00,Y,T-Intersection, ,Intersection,None,,,         ,James,Wells,Cloudy,Angle,no,no,no,no,no,False
101642449,METROPOLITAN NASHVILLE POLICE DEPT,20170422275,Davidson,Not in City Limit,5/12/2017 5:26:00 PM,2,0,0,36.345590,-86.837150,RIDGEWOOD RD,,,,1316.00,Feet,South,STRAWBERRY HILL RD,,,,0.00,N,Not at Intersection, ,Non-Junction,None,,,         ,Andrew,Delke,Rain,Front to Rear,no,no,no,no,no,False
101642451,METROPOLITAN NASHVILLE POLICE DEPT,20170422254,Davidson,Nashville,5/12/2017 5:15:00 PM,2,0,0,36.107130,-86.719790,I 24,,,,0.00,,,,,,,53.90,N,Not at Intersection, ,Non-Junction,None,,,         ,Alyson,Cook,Rain,"Sideswipe, Same Direction",no,no,no,no,no,False
101642458,METROPOLITAN NASHVILLE POLICE DEPT,20170422367,Davidson,Nashville,5/12/2017 4:27:00 PM,2,0,0,36.096150,-86.737670,NOLENSVILLE PKE,,,,0.00,,,ALLIED DR,,,,0.00,Y,T-Intersection, ,Intersection-Related,None,,,         ,Tien,Nguyen,Rain,"Sideswipe, Same Direction",no,no,no,no,no,False
101642473,METROPOLITAN NASHVILLE POLICE DEPT,20170422330,Davidson,Nashville,5/12/2017 4:14:00 PM,2,0,0,36.132470,-86.719310,MURFREESBORO PKE,,,,0.00,,,WILHAGAN RD,,,,0.00,Y,T-Intersection,N,Intersection,None,,,         ,Patrick,Taylor,Rain,"Sideswipe, Same Direction",no,no,no,no,yes,False
101642474,METROPOLITAN NASHVILLE POLICE DEPT,20170422393,Davidson,Nashville,5/12/2017 6:27:00 PM,1,0,0,36.132650,-86.727160,I 24,,,,0.00,,,,,,,52.00,N,Not at Intersection, ,Entrance/Exit Ramp Related,None,,,         ,Jonathan,Cavezza,Cloudy,Not Collision with Motor Vehicle in Transport,no,no,no,no,no,False
101642480,METROPOLITAN NASHVILLE POLICE DEPT,20170422336,Davidson,Nashville,5/12/2017 5:37:00 PM,2,0,0,36.157650,-86.784980,BROADWAY,,,,65.00,Feet,West,10TH AVN,,,,0.00,N,Not at Intersection, ,,None,,,         ,Derek,Betty,,,no,no,no,no,no,False
101642481,METROPOLITAN NASHVILLE POLICE DEPT,20170422271,Davidson,Nashville,5/12/2017 5:16:00 PM,2,0,0,36.221180,-86.761860,DICKERSON PKE,,,,24.00,Feet,South,PINE RIDGE DR,,,,0.00,N,Not at Intersection,N,Non-Junction,None,,,         ,Joshua,Lackey,Cloudy,"Sideswipe, Same Direction",no,no,no,no,yes,False
101642498,METROPOLITAN NASHVILLE POLICE DEPT,2017-0422396,Davidson,Nashville,5/12/2017 6:28:00 PM,2,1,0,36.138380,-86.879860,HILLWOOD BLVD,,,,263.00,Feet,North,WILHUGH PL,,,,0.00,N,Not at Intersection,N,Non-Junction,None,,,         ,Michael,Rogers,Cloudy,Front to Rear,no,no,no,no,no,False
101642499,METROPOLITAN NASHVILLE POLICE DEPT,20170422415,Davidson,Nashville,5/12/2017 12:00:00 AM,2,0,0,36.245890,-86.777200,CHESAPEAKE DR,,,,181.00,Feet,West,CHESAPEAKE CIR,,,,0.00,N,Not at Intersection,N,Non-Junction,None,,,         ,Samuel,Miller,Cloudy,Unknown,no,no,no,no,yes,False
101642503,METROPOLITAN NASHVILLE POLICE DEPT,20170422355,Davidson,Nashville,5/12/2017 6:05:00 PM,1,1,0,36.180590,-86.796350,GARFIELD ST,,,,0.00,Feet,,ROSA L PARKS BLVD,,,,0.00,Y,Four-Way,N,Intersection,None,,,         ,Landon,Bagwell,Cloudy,Not Collision with Motor Vehicle in Transport,yes,no,no,no,no,False
101642521,METROPOLITAN NASHVILLE POLICE DEPT,20170422455,Davidson,Nashville,5/12/2017 6:00:00 PM,2,0,0,36.166610,-86.820440,28TH AVN,,,,0.00,,,MEHARRY BLVD,,,,0.00,Y,T-Intersection,N,Intersection-Related,None,,,         ,Andy,Esqueda,Cloudy,Angle,no,no,no,no,yes,False
101642531,METROPOLITAN NASHVILLE POLICE DEPT,20170422407,Davidson,Nashville,5/12/2017 6:05:00 PM,2,1,0,36.149740,-86.848420,51ST AVN,,,,0.00,,,ELKINS AV,,,,0.00,Y,Four-Way,N,Intersection,None,,,         ,Johnathan,Pannell,Rain,Angle,no,no,no,no,no,False
101642536,METROPOLITAN NASHVILLE POLICE DEPT,20170422329,Davidson,Nashville,5/12/2017 5:52:00 PM,2,0,0,36.109150,-86.726650,BRILEY PKWYN,,,,376.00,Feet,West,BRILEY PKWYS,,,,0.00,N,Not at Intersection,N,Non-Junction,None,,,         ,Alyson,Cook,Rain,Front to Rear,no,no,no,no,no,False
101642537,METROPOLITAN NASHVILLE POLICE DEPT,20170422432,Davidson,Nashville,5/12/2017 12:00:00 AM,2,0,0,36.134820,-86.887780,CHARLOTTE PKE,,,,94.00,Feet,East,W HILLWOOD DR,,,,0.00,N,Not at Intersection,N,Non-Junction,None,,,         ,Brandon,Pedigo,Cloudy,Angle,no,no,no,yes,yes,False
101642538,METROPOLITAN NASHVILLE POLICE DEPT,20170422428,Davidson,Nashville,5/12/2017 6:02:00 PM,2,0,0,36.108040,-86.672070,DONELSON PKE,,,,729.00,Feet,North,MURFREESBORO PKE,,,,0.00,N,Not at Intersection, ,Non-Junction,None,,,         ,Mary,Williams,Rain,"Sideswipe, Same Direction",no,no,no,no,no,False
101642543,METROPOLITAN NASHVILLE POLICE DEPT,20170422208,Davidson,Nashville,5/12/2017 12:00:00 AM,1,0,0,36.220230,-86.754310,JONES AV,,,,141.00,Feet,South,HART LN,,,,0.00,N,Not at Intersection, ,Non-Junction,None,,,         ,Gordon,Stovall,Rain,Not Collision with Motor Vehicle in Transport,no,no,no,no,no,False
101642550,METROPOLITAN NASHVILLE POLICE DEPT,20170422621,Davidson,Nashville,5/12/2017 7:43:00 PM,2,0,0,36.052340,-86.673180,BLUE HOLE RD,,,,100.00,Feet,South,TUSCULUM RD,,,,0.00,N,Not at Intersection,N,Non-Junction,None,,,         ,Alyson,Cook,Rain,"Sideswipe, Same Direction",no,no,no,no,yes,False
101642565,METROPOLITAN NASHVILLE POLICE DEPT,20170422556,Davidson,Nashville,5/12/2017 6:06:00 PM,2,0,0,36.206520,-86.776700,W TRINITY LN,,,,0.00,,,I65 S ENT RAMP,,,,0.00,Y,OTHER, ,,None,,,         ,Brandon,Rardin,,,no,no,no,no,no,False
101642577,METROPOLITAN NASHVILLE POLICE DEPT,20170422298,Davidson,Nashville,5/12/2017 5:40:00 PM,2,0,0,36.137590,-86.664620,DONELSON PKE,,,,621.00,Feet,South,I40 E ENT RAMP,,,,0.00,N,Not at Intersection, ,Non-Junction,None,,,         ,Jaby,Djabbarov,Rain,"Sideswipe, Same Direction",no,no,no,no,no,False
101642589,METROPOLITAN NASHVILLE POLICE DEPT,20170422209,Davidson,Nashville,5/12/2017 4:50:00 PM,4,8,0,36.250770,-86.740970,I 65,,,,0.00,,,,,,,91.25,N,Not at Intersection,N,Non-Junction,None,,,         ,Samuel,Miller,Rain,Front to Rear,no,no,no,no,no,False
101642609,METROPOLITAN NASHVILLE POLICE DEPT,20170422126,Davidson,Goodlettsville,5/12/2017 4:10:00 PM,2,0,0,36.300670,-86.695030,GALLATIN PKEN,,,,150.00,Feet,West,SHEPHERD HILLS DR,,,,0.00,N,Not at Intersection, ,Non-Junction,None,,,         ,Samuel,Miller,Cloudy,Angle,no,no,no,no,no,False
101642610,METROPOLITAN NASHVILLE POLICE DEPT,20170422754,Davidson,Nashville,5/12/2017 8:07:00 PM,2,0,0,36.206580,-86.605720,ANDREW JACKSON PKWY,,,,101.00,Feet,South,HIGHLAND VIEW DR,,,,0.00,N,Not at Intersection, ,Non-Junction,None,,,         ,Kyle,Burks,Cloudy,"Sideswipe, Same Direction",no,no,no,no,no,False
101642617,METROPOLITAN NASHVILLE POLICE DEPT,20170422361,Davidson,Not in City Limit,5/12/2017 4:30:00 PM,2,0,0,36.264500,-86.731790,OLD HICKORY BLVDW,,,,140.00,Feet,East,N GRAYCROFT AV,,,,0.00,N,Not at Intersection,N,Non-Junction,None,,,         ,Samuel,Miller,Cloudy,Front to Rear,no,no,no,no,yes,False
101642625,METROPOLITAN NASHVILLE POLICE DEPT,20170422798,Davidson,Not in City Limit,5/12/2017 8:55:00 PM,2,0,0,36.078020,-86.949070,HIGHWAY 70S,,,,0.00,,,BELLEVUE CTR PVTDR,,,,0.00,Y,Four-Way,Y,Intersection-Related,None,,,         ,Benjamin,Spees,Clear,Front to Rear,no,no,no,no,no,False
101642626,METROPOLITAN NASHVILLE POLICE DEPT,20170422222,Davidson,Nashville,5/12/2017 4:50:00 PM,2,0,0,36.148700,-86.766640,2ND AVS,,,,79.00,Feet,North,CAMERON ST,,,,0.00,N,Not at Intersection, ,Non-Junction,None,,,         ,William,McDaniel,Cloudy,"Sideswipe, Same Direction",no,no,no,no,no,False
101642627,METROPOLITAN NASHVILLE POLICE DEPT,20170422391,Davidson,Nashville,5/12/2017 4:50:00 PM,2,0,0,36.119410,-86.730050,WHITSETT RD,,,,0.00,,,GLENROSE AV,,,,0.00,Y,T-Intersection, ,Intersection,None,,,         ,Jedidayah,Merriweather,Rain,Angle,no,no,no,no,yes,False
101642641,METROPOLITAN NASHVILLE POLICE DEPT,20170422926,Davidson,Not in City Limit,5/12/2017 9:47:00 PM,2,0,0,36.263910,-86.690300,STATE RT 45,,,,0.00,,,MYATT DR,,,,0.00,Y,Four-Way, ,Intersection,None,,,         ,Samuel,Miller,Cloudy,Angle,no,no,no,no,no,False
101642653,METROPOLITAN NASHVILLE POLICE DEPT,20170422864,Davidson,Nashville,5/12/2017 9:21:00 PM,1,0,0,36.170280,-86.699400,GRAEME DR,,,,137.00,Feet,South,THEODORE RD,,,,0.00,N,Not at Intersection,N,"Driveway, Alley Access, etc",None,,,         ,Jonathan,Cavezza,Cloudy,Not Collision with Motor Vehicle in Transport,no,no,no,no,no,False
101642675,METROPOLITAN NASHVILLE POLICE DEPT,20170422935,Davidson,Nashville,5/12/2017 9:45:00 PM,2,1,0,36.248510,-86.683820,NEELYS BEND RD,,,,0.00,,,SANITARIUM RD,,,,0.00,Y,T-Intersection,N,Non-Junction,None,,,         ,William,Crowe,Cloudy,Front to Rear,no,no,no,no,no,False
101642726,METROPOLITAN NASHVILLE POLICE DEPT,20170422942,Davidson,Nashville,5/12/2017 12:00:00 AM,1,0,0,36.181000,-86.800250,I 65,,,,0.00,,,,,,,85.10,N,Not at Intersection,N,Non-Junction,None,,,         ,Landon,Bagwell,Cloudy,Not Collision with Motor Vehicle in Transport,no,no,no,no,no,False
101642741,METROPOLITAN NASHVILLE POLICE DEPT,20170423038,Davidson,Nashville,5/12/2017 9:45:00 PM,2,0,0,36.083910,-86.706670,HARDING PL,,,,249.00,Feet,West,LINBAR DR,,,,0.00,N,Not at Intersection,N,Non-Junction,None,,,         ,Brenda,Navarro,Cloudy,Front to Rear,no,no,no,no,no,False
101642751,METROPOLITAN NASHVILLE POLICE DEPT,20170423017,Davidson,Nashville,5/12/2017 10:39:00 PM,2,2,0,36.135640,-86.724840,MURFREESBORO PKE,,,,82.00,Feet,East,I24 W EXT RAMP,,,,0.00,N,Not at Intersection,N,Non-Junction,None,,,         ,Charles,Shaw,Cloudy,Front to Rear,no,no,no,no,no,False
101642762,METROPOLITAN NASHVILLE POLICE DEPT,20170422534,Davidson,Not in City Limit,5/12/2017 7:25:00 PM,2,0,0,35.997040,-86.690130,NOLENSVILLE PKE,,,,94.00,Feet,West,CONCORD RD,,,,0.00,N,Not at Intersection, ,Non-Junction,None,,,         ,Darryl,Williams,Clear,Angle,no,no,no,no,no,False
101642765,GOODLETTSVILLE POLICE DEPT,17-16839,Davidson,Goodlettsville,5/12/2017 3:41:00 PM,2,1,0,36.294220,-86.729720,DICKERSON PKES,,,,895.00,Feet,North,THE RETREAT AT DRY CREEK FARMS,,,,0.00,N,Not at Intersection,N,Non-Junction,None,,,         ,James,Wells,Rain,Front to Rear,no,no,no,no,no,False
101642769,METROPOLITAN NASHVILLE POLICE DEPT,20170423237,Davidson,Nashville,5/12/2017 11:54:00 PM,2,0,0,36.153550,-86.794890,WEST END AV,,,,164.00,Feet,West,17TH AVN,,,,0.00,N,Not at Intersection,N,Non-Junction,None,,,         ,Craig,Oakley,Clear,Front to Rear,no,no,no,yes,yes,False
101642770,METROPOLITAN NASHVILLE POLICE DEPT,20170423257,Davidson,Nashville,5/13/2017 12:20:00 AM,2,0,0,36.016850,-86.619880,FIRESTONE PKWY,,,,0.00,,,OLD HICKORY BLVD,,,,0.00,Y,Four-Way,N,Intersection-Related,None,,,         ,David,Moser,Clear,HeadOn,no,no,no,no,no,False
101642790,METROPOLITAN NASHVILLE POLICE DEPT,20170423414,Davidson,Nashville,5/13/2017 1:20:00 AM,2,0,0,36.235240,-86.724730,GALLATIN PKES,,,,0.00,,,BRILEY PKWYW,,,,0.00,Y,OTHER,N,Non-Junction,None,,,         ,Caesar,Harris,Clear,Angle,no,no,no,no,yes,False
101642812,METROPOLITAN NASHVILLE POLICE DEPT,20170423429,Davidson,Nashville,5/13/2017 12:00:00 AM,1,0,0,36.125540,-86.846870,HARDING PKE,,,,150.00,Feet,West,KENNER AV,,,,0.00,N,Not at Intersection,N,Non-Junction,None,,,         ,Terrance,Stuckey,Clear,Not Collision with Motor Vehicle in Transport,no,no,no,no,yes,False
101642820,METROPOLITAN NASHVILLE POLICE DEPT,20170423433,Davidson,Nashville,5/13/2017 1:53:00 AM,2,0,0,36.167180,-86.795530,I 40,,,,0.00,,,,,,,208.25,N,Not at Intersection,N,Non-Junction,None,,,         ,James,Murphy,Clear,"Sideswipe, Same Direction",no,no,no,no,no,False
101642834,METROPOLITAN NASHVILLE POLICE DEPT,20170423578,Davidson,Nashville,5/13/2017 3:28:00 AM,1,0,0,36.136250,-86.727230,I24 E EXT RAMP,,,,0.00,,,I 24,,,,0.00,Y,Y-Intersection,Y,Entrance/Exit Ramp Related,None,,,         ,William,Coy,Clear,Not Collision with Motor Vehicle in Transport,no,no,no,no,yes,False
101642836,METROPOLITAN NASHVILLE POLICE DEPT,20170423532,Davidson,Nashville,5/13/2017 2:48:00 AM,2,0,0,36.153550,-86.794890,WEST END AV,,,,164.00,Feet,West,17TH AVN,,,,0.00,N,Not at Intersection,N,Non-Junction,None,,,         ,Craig,Oakley,Clear,Front to Rear,no,no,no,no,yes,False
101642837,METROPOLITAN NASHVILLE POLICE DEPT,20170423318,Davidson,Nashville,5/13/2017 12:53:00 AM,2,0,0,36.183110,-86.797880,I65 N ENT RAMP,,,,0.00,Feet,East,I 65,,,,0.00,N,Not at Intersection,N,Non-Junction,None,,,         ,Jamel,Griffin,Clear,Front to Rear,no,no,no,no,no,False
101642843,METROPOLITAN NASHVILLE POLICE DEPT,20170423633,Davidson,Nashville,5/13/2017 4:10:00 AM,2,1,0,36.148850,-86.804560,WEST END AV,,,,0.00,,,23RD AVN,,,,0.00,Y,Four-Way,Y,Intersection,None,,,         ,Trenton,Searcy,Clear,Angle,no,no,no,no,no,Campus
101642844,METROPOLITAN NASHVILLE POLICE DEPT,20170423179,Davidson,Nashville,5/12/2017 10:40:00 PM,2,0,0,36.154400,-86.773730,LEA AV,,,,198.00,Feet,East,5TH AVS,,,,0.00,N,Not at Intersection, ,Non-Junction,None,,,         ,Darrien,Spann,Clear,Angle,no,no,no,no,yes,False
101642845,METROPOLITAN NASHVILLE POLICE DEPT,20170423586,Davidson,Nashville,5/13/2017 3:36:00 AM,1,1,0,36.155650,-86.789720,I40 E ENT RAMP,,,,0.00,,,BROADWAY,,,,0.00,Y,Four-Way,Y,Intersection-Related,None,,,         ,Brian,Birch,Clear,Not Collision with Motor Vehicle in Transport,yes,no,no,no,yes,False
101642930,METROPOLITAN NASHVILLE POLICE DEPT,20170424051,Davidson,Nashville,5/13/2017 8:32:00 AM,1,1,0,36.183550,-86.693460,BRILEY PKWYN,,,,456.00,Feet,North,BRILEY PKWYS,,,,0.00,N,Not at Intersection,N,Non-Junction,None,,,         ,Ralph,Harvey,Clear,Not Collision with Motor Vehicle in Transport,no,no,no,no,no,False
101642956,METROPOLITAN NASHVILLE POLICE DEPT,20170424137,Davidson,Nashville,5/13/2017 8:55:00 AM,2,0,0,36.144800,-86.828900,37TH AVN,,,,0.00,,,SENTINEL DR,,,,0.00,Y,T-Intersection, ,Intersection,None,,,         ,Brian,Myatt,Clear,Angle,no,no,no,no,no,False
101642997,VANDERBILT UNIVERSITY POLICE,17-0421808,Davidson,Nashville,5/12/2017 1:30:00 PM,2,0,0,36.142570,-86.805450,HIGHLAND AV,,,,186.00,Feet,West,24TH AVS,,,,0.00,N,Not at Intersection, ,,None,,,         ,Brent,Clark,,,no,no,no,yes,no,Campus
101642998,METROPOLITAN NASHVILLE POLICE DEPT,20170424156,Davidson,Not in City Limit,5/13/2017 9:16:00 AM,2,0,0,36.021790,-86.629010,I 24,,,,0.00,,,,,,,61.90,N,Not at Intersection, ,,None,,,         ,Je-Marc,Sears,,,no,no,no,no,no,False
101642999,METROPOLITAN NASHVILLE POLICE DEPT,20170424163,Davidson,Madison,5/13/2017 9:21:00 AM,1,1,0,36.265100,-86.711220,GALLATIN PKEN,,,,276.00,Feet,South,DULING AV,,,,0.00,N,Not at Intersection,N,Non-Junction,None,,,         ,Michael,Agee,Clear,Not Collision with Motor Vehicle in Transport,yes,no,no,no,no,False
101643006,Nashville Airport Police,2017-01504,Davidson,Nashville,5/9/2017 12:59:00 PM,2,0,0,36.133410,-86.665080,TERMINAL DR,,,,0.00,,,TERMINAL DR,,,,0.00,Y,OTHER, ,Non-Junction,Construction Zone,,,         ,Lynn,Oliver,Clear,Front to Rear,no,no,no,no,no,False
101643016,VANDERBILT UNIVERSITY POLICE,2017-0424122,Davidson,Nashville,5/13/2017 8:45:00 AM,2,0,0,36.139600,-86.798210,SOUTH DR,,,,0.00,,,,,,,0.00,,, ,Non-Junction,None,,,         ,Linda,Jennings,Clear,Angle,no,no,no,yes,no,Campus
101643021,METROPOLITAN NASHVILLE POLICE DEPT,20170424233,Davidson,Nashville,5/13/2017 9:55:00 AM,2,1,0,36.203550,-86.738530,GALLATIN PKE,,,,0.00,,,E TRINITY LN,,,,0.00,Y,Four-Way,N,Non-Junction,None,,,         ,Tony,Folad,Clear,Front to Rear,no,no,no,no,no,False
101643024,METROPOLITAN NASHVILLE POLICE DEPT,20170424294,Davidson,Nashville,5/13/2017 10:30:00 AM,2,0,0,36.173030,-86.792400,9TH AVN,,,,0.00,,,JEFFERSON ST,,,,0.00,Y,Four-Way,N,Intersection-Related,None,,,         ,Chase,Burnett,Clear,Rear to Rear,no,no,no,no,yes,False
101643025,METROPOLITAN NASHVILLE POLICE DEPT,20170424240,Davidson,Nashville,5/13/2017 9:58:00 AM,2,3,0,36.157980,-86.772640,KOREAN VETERANS BLVD,,,,0.00,,,2ND AVS,,,,0.00,Y,Four-Way,N,Intersection,None,,,         ,Daniel,Russett,Clear,Angle,no,no,no,no,no,False
101643030,METROPOLITAN NASHVILLE POLICE DEPT,20170424301,Davidson,Nashville,5/13/2017 10:25:00 AM,2,0,0,36.040260,-86.816400,OLD HICKORY BLVD,,,,0.00,,,GRANNY WHITE PKE,,,,0.00,Y,Four-Way, ,Intersection-Related,None,,,         ,Earl,Davis,Clear,Front to Rear,no,no,no,no,no,False
101643071,METROPOLITAN NASHVILLE POLICE DEPT,2017424288,Davidson,Nashville,5/13/2017 9:39:00 AM,1,0,0,36.064790,-86.771150,I 65,,,,0.00,,,,,,,76.55,N,Not at Intersection, ,Non-Junction,None,,,         ,Erik,Wagner,Clear,Not Collision with Motor Vehicle in Transport,no,no,no,no,no,False
101643072,METROPOLITAN NASHVILLE POLICE DEPT,2017424311,Davidson,Nashville,5/13/2017 10:44:00 AM,2,0,0,36.144780,-86.813310,29TH AVN,,,,89.00,Feet,North,WEST END AV,,,,0.00,N,Not at Intersection, ,Non-Junction,None,,,         ,Erik,Wagner,Clear,Angle,no,no,no,no,no,Campus
101643129,METROPOLITAN NASHVILLE POLICE DEPT,20170424472,Davidson,Nashville,5/13/2017 12:00:00 PM,2,0,0,36.064930,-86.759240,TROUSDALE DR,,,,115.00,Feet,South,HOGAN RD,,,,0.00,N,Not at Intersection, ,Non-Junction,None,,,         ,Earl,Davis,Clear,Angle,no,no,no,no,no,False
101643130,METROPOLITAN NASHVILLE POLICE DEPT,20170424348,Davidson,Nashville,5/13/2017 11:08:00 AM,2,1,0,36.168070,-86.782640,GAY ST,,,,163.00,Feet,West,JAMES ROBERTSON PKWY,,,,0.00,N,Not at Intersection,N,Non-Junction,None,,,         ,Seth,Quiles,Clear,"Sideswipe, Same Direction",no,no,no,no,no,False
101643139,METROPOLITAN NASHVILLE POLICE DEPT,20170424423,Davidson,Nashville,5/13/2017 11:52:00 AM,1,1,0,36.158010,-86.826070,TORBETT ST,,,,183.00,Feet,East,34TH AVN,,,,0.00,N,Not at Intersection,N,Non-Junction,None,,,         ,Chase,Burnett,Clear,Not Collision with Motor Vehicle in Transport,no,no,no,no,no,False
101643141,METROPOLITAN NASHVILLE POLICE DEPT,20170424487,Davidson,Nashville,5/13/2017 12:20:00 PM,2,0,0,36.131880,-86.895530,CHARLOTTE PKE,,,,0.00,,,I40 E ENT RAMP,,,,0.00,Y,Four-Way, ,Intersection-Related,None,,,         ,Michael,Phelps,Clear,Angle,no,no,no,no,yes,False