master_record_number,agency,agency_tracking_number,county,city,collision_date,vehicles_involved,number_injured,number_dead,latitude,longitude,roadway_name,roadway_suffix,roadway_number,roadway_local_id,distance_from_reference,miles-feet_indicator,direction_from_reference,intersection_road_name,intersection_road_name_suffix,intersection_road_number,intersection_local_id,mile_marker,intersection_indicator,intersect_type,interchange_related_indicator,relation_to_junction,work_zone_type,construction_maintenance_zone,construction_maintenance_zone_location,fatal_case_number,officer_first_name,officer_last_name,weather_condition(s),manner_of_crash,pedestrian,bicycle,scooter,parking,hitrun,mou
101645359,METROPOLITAN NASHVILLE POLICE DEPT,20170425655,Davidson,Nashville,5/13/2017 10:48:00 PM,2,3,0,36.049060,-86.654240,HICKORY HOLLOW MALL PVTDR PL,,,,747.00,Feet,West,BELL RD,,,,0.00,N,Not at Intersection,N,Non-Junction,None,,,         ,Dezmond,Hughes,Clear,"Sideswipe, Same Direction",no,no,no,no,yes,False
101645360,METROPOLITAN NASHVILLE POLICE DEPT,20170426034,Davidson,Nashville,5/14/2017 3:07:00 AM,1,2,0,36.077890,-86.643880,MARTWAY DR,,,,295.00,Feet,West,MURFREESBORO PKE,,,,0.00,N,Not at Intersection,N,Non-Junction,None,,,         ,Dezmond,Hughes,Clear,Not Collision with Motor Vehicle in Transport,no,no,no,no,no,False
101645374,METROPOLITAN NASHVILLE POLICE DEPT,20170430409,Davidson,Not in City Limit,5/15/2017 4:29:00 PM,2,0,0,36.345210,-86.872460,WHITES CREEK PKE,,,,931.00,Feet,South,GREENBRIER RD,,,,0.00,N,Not at Intersection,N,Non-Junction,None,,,         ,Timothy,Morgan,Clear,Front to Rear,no,no,no,no,yes,False
101645380,METROPOLITAN NASHVILLE POLICE DEPT,20170429939,Davidson,Not in City Limit,5/15/2017 3:36:00 PM,1,0,0,36.258370,-86.738280,I 65,,,,0.00,,,,,,,91.85,N,Not at Intersection, ,Non-Junction,None,,,         ,Samuel,Miller,Clear,Not Collision with Motor Vehicle in Transport,no,no,no,no,no,False
101645383,METROPOLITAN NASHVILLE POLICE DEPT,20170430055,Davidson,Nashville,5/15/2017 4:15:00 PM,2,0,0,36.169630,-86.766630,I 24,,,,0.00,,,,,,,48.70,N,Not at Intersection,N,Non-Junction,None,,,         ,Charles,Wakefield,Clear,"Sideswipe, Same Direction",no,no,no,no,no,False
101645384,METROPOLITAN NASHVILLE POLICE DEPT,20170430501,Davidson,Nashville,5/15/2017 7:09:00 PM,2,0,0,36.247680,-86.778020,BRICK CHURCH PKE,,,,0.00,,,VILLAGE TRL,,,,0.00,Y,T-Intersection,Y,Intersection,None,,,         ,Samuel,Miller,Clear,Angle,no,no,no,no,yes,False
101645386,METROPOLITAN NASHVILLE POLICE DEPT,20170430331,Davidson,Nashville,5/15/2017 6:03:00 PM,2,0,0,36.186480,-86.763910,CLEVELAND ST,,,,181.00,Feet,East,LISCHEY AV,,,,0.00,N,Not at Intersection, ,Non-Junction,None,,,         ,Christopher,Valdez,Clear,Angle,no,no,no,no,no,False
101645400,METROPOLITAN NASHVILLE POLICE DEPT,2948182,Davidson,Nashville,5/15/2017 7:30:00 PM,2,0,0,36.109210,-86.800520,BELMONT BLVD,,,,108.00,Feet,North,GRANDVIEW DR,,,,0.00,N,Not at Intersection,N,Non-Junction,None,,,         ,William,Taylor,Clear,Front to Rear,no,no,no,no,no,False
101645408,METROPOLITAN NASHVILLE POLICE DEPT,20170430307,Davidson,Nashville,5/15/2017 6:00:00 PM,2,1,0,36.169060,-86.665190,OLD LEBANON PKE,,,,136.00,Feet,South,BENSON RD,,,,0.00,N,Not at Intersection,N,Non-Junction,None,,,         ,John,Kelley,Clear,Angle,no,no,no,no,no,False
101645417,METROPOLITAN NASHVILLE POLICE DEPT,20170430343,Davidson,Nashville,5/15/2017 6:08:00 PM,3,0,0,36.082100,-86.761700,HARDING PL,,,,0.00,,,SIDCO DR,,,,0.00,Y,Four-Way,N,Intersection-Related,None,,,         ,Melissa,Flores,Clear,Front to Rear,no,no,no,no,no,False
101645427,METROPOLITAN NASHVILLE POLICE DEPT,20170430672,Davidson,Nashville,5/15/2017 8:36:00 PM,2,1,0,36.211630,-86.732670,HART LN,,,,0.00,,,GALLATIN PKE,,,,0.00,Y,T-Intersection,N,Intersection-Related,None,,,         ,Christopher,Valdez,Clear,Front to Rear,no,no,no,no,no,False
101645447,METROPOLITAN NASHVILLE POLICE DEPT,20170430265,Davidson,Nashville,5/15/2017 5:46:00 PM,1,1,0,36.218090,-86.803070,WHITES CREEK PKE,,,,0.00,,,,,,,0.00,,,N,Non-Junction,None,,,         ,Ryan,Potts,Clear,Not Collision with Motor Vehicle in Transport,yes,no,no,yes,no,False
101645476,METROPOLITAN NASHVILLE POLICE DEPT,20170430304,Davidson,Nashville,5/15/2017 6:00:00 PM,2,0,0,36.132770,-86.720090,MURFREESBORO PKE,,,,256.00,Feet,West,WILHAGAN RD,,,,0.00,N,Not at Intersection,N,Non-Junction,None,,,         ,Aimee,Ortiz,Clear,Front to Rear,no,no,no,no,no,False
101645479,METROPOLITAN NASHVILLE POLICE DEPT,20170430687,Davidson,Goodlettsville,5/15/2017 8:24:00 PM,1,1,0,36.300480,-86.697410,CUDE LN,,,,0.00,,,RIVERGATE MALL PVTDR,,,,0.00,Y,Y-Intersection,N,Intersection-Related,None,,,         ,Christopher,Littles,Clear,Not Collision with Motor Vehicle in Transport,no,no,no,no,yes,False
101645483,METROPOLITAN NASHVILLE POLICE DEPT,20170430860,Davidson,Nashville,5/15/2017 8:28:00 PM,2,0,0,36.082530,-86.642800,KENDALL PARK DR,,,,588.00,Feet,East,BROADVIEW DR,,,,0.00,N,Not at Intersection, ,,None,,,         ,Johnny,Crumby Jr.,,,no,no,no,no,no,False
101645485,METROPOLITAN NASHVILLE POLICE DEPT,20170430370,Davidson,Nashville,5/15/2017 6:32:00 PM,2,1,0,36.050850,-86.714170,NOLENSVILLE PKE,,,,247.00,Feet,South,OCALA DR,,,,0.00,N,Not at Intersection,N,Non-Junction,None,,,         ,Eric,Thomas,Clear,Front to Rear,no,no,no,no,no,False
101645498,METROPOLITAN NASHVILLE POLICE DEPT,20170430790,Davidson,Nashville,5/15/2017 9:30:00 PM,2,0,0,36.106850,-86.672700,DONELSON PKE,,,,257.00,Feet,North,MURFREESBORO PKE,,,,0.00,N,Not at Intersection, ,Non-Junction,None,,,         ,Aimee,Ortiz,Clear,"Sideswipe, Same Direction",no,no,no,no,no,False
101645522,METROPOLITAN NASHVILLE POLICE DEPT,20170431051,Davidson,Not in City Limit,5/15/2017 10:34:00 PM,1,0,0,36.305580,-86.808230,CROCKER SPRINGS RD,,,,940.00,Feet,North,LICKTON PKE,,,,0.00,N,Not at Intersection, ,Non-Junction,None,,,         ,Christina,Buckner,Clear,Not Collision with Motor Vehicle in Transport,no,no,no,no,no,False
101645528,METROPOLITAN NASHVILLE POLICE DEPT,2017-0431085,Davidson,Nashville,5/15/2017 11:16:00 PM,2,0,0,36.155530,-86.789640,14TH AVN,,,,0.00,,,BROADWAY,,,,0.00,Y,Four-Way,N,Intersection-Related,None,,,         ,Matthew,Moses,Cloudy,"Sideswipe, Same Direction",no,no,no,no,yes,False
101645534,METROPOLITAN NASHVILLE POLICE DEPT,20170431130,Davidson,Nashville,5/15/2017 11:33:00 PM,2,1,0,36.158530,-86.827100,CLIFTON AV,,,,19.00,Feet,West,34TH AVN,,,,0.00,N,Not at Intersection,N,Non-Junction,None,,,         ,Nicholas,Carter,Clear,Front to Rear,no,no,no,no,no,False
101645536,METROPOLITAN NASHVILLE POLICE DEPT,20170431246,Davidson,Nashville,5/15/2017 10:35:00 PM,1,0,0,36.151970,-86.680230,ELM HILL PKE,,,,221.00,Feet,East,AIRWAYS CIR,,,,0.00,N,Not at Intersection,N,Non-Junction,None,,,         ,Ian,Swander,Clear,Not Collision with Motor Vehicle in Transport,no,no,no,no,no,False
101645546,METROPOLITAN NASHVILLE POLICE DEPT,20170431025,Davidson,Nashville,5/15/2017 10:44:00 PM,1,1,0,36.116850,-86.915230,I 40,,,,0.00,,,,,,,199.80,N,Not at Intersection,N,Non-Junction,None,,,         ,Kristen,Morgan,Clear,Not Collision with Motor Vehicle in Transport,no,no,no,no,no,False
101645547,METROPOLITAN NASHVILLE POLICE DEPT,20170431241,Davidson,Nashville,5/15/2017 10:45:00 PM,2,1,0,36.152380,-86.830970,38TH AVN,,,,77.00,Feet,South,CHARLOTTE AV,,,,0.00,N,Not at Intersection,N,Non-Junction,None,,,         ,Edward,Holden,Clear,"Sideswipe, Opposite Direction",no,no,no,no,yes,False
101645549,METROPOLITAN NASHVILLE POLICE DEPT,2017-0425866,Davidson,Nashville,5/15/2017 12:40:00 AM,2,0,0,36.153250,-86.794010,17TH AVS,,,,0.00,,,BROADWAY,,,,0.00,Y,Four-Way, ,Intersection,None,,,         ,Matthew,Moses,Clear,Angle,no,no,no,no,no,False
101645550,METROPOLITAN NASHVILLE POLICE DEPT,20170431340,Davidson,Nashville,5/16/2017 12:54:00 AM,2,0,0,36.168420,-86.687960,LEBANON PKE,,,,0.00,,,BRILEY PKWY N ENT RAMP,,,,0.00,Y,Four-Way, ,Intersection,None,,,         ,Curtis,Fisher,Clear,Front to Rear,no,no,no,no,no,False
101645553,METROPOLITAN NASHVILLE POLICE DEPT,20170431284,Davidson,Nashville,5/16/2017 12:48:00 AM,2,0,0,36.167090,-86.798810,14TH AVN,,,,69.00,Feet,South,IRELAND ST,,,,0.00,N,Not at Intersection,N,Non-Junction,None,,,         ,Nicholas,Carter,Clear,Angle,no,no,no,no,yes,False
101645556,METROPOLITAN NASHVILLE POLICE DEPT,20170431303,Davidson,Nashville,5/16/2017 1:00:00 AM,2,1,0,36.064790,-86.628480,HAMILTON CHURCH RD,,,,0.00,,,MURFREESBORO PKE,,,,0.00,Y,Four-Way,N,Intersection,None,,,         ,David,Moser,Clear,Other,no,no,no,no,no,False
101645591,METROPOLITAN NASHVILLE POLICE DEPT,20170431739,Davidson,Nashville,5/16/2017 5:50:00 AM,2,0,0,36.095310,-86.707340,I 24,,,,0.00,,,,,,,55.00,N,Not at Intersection,N,Non-Junction,None,,,         ,John,Anderson,Clear,"Sideswipe, Same Direction",no,no,no,no,yes,False
101645599,METROPOLITAN NASHVILLE POLICE DEPT,20170431735,Davidson,Nashville,5/16/2017 5:40:00 AM,2,0,0,36.196670,-86.776130,I 65,,,,0.00,,,,,,,86.65,N,Not at Intersection,N,Non-Junction,None,,,         ,Geoffrey,Daugherty,Clear,"Sideswipe, Same Direction",no,no,no,no,yes,False
101645644,METROPOLITAN NASHVILLE POLICE DEPT,20170431853,Davidson,Nashville,5/16/2017 12:00:00 AM,1,0,0,36.164960,-86.651690,STEWARTS FERRY PKE,,,,180.00,Feet,West,MCCAMPBELL AV,,,,0.00,N,Not at Intersection,N,Rail Grade Crossing,None,,,         ,Michael,Dance,Clear,Not Collision with Motor Vehicle in Transport,no,no,no,no,yes,False
101645661,METROPOLITAN NASHVILLE POLICE DEPT,20170431861,Davidson,Nashville,5/16/2017 7:29:00 AM,2,0,0,36.180350,-86.749810,GALLATIN AV,,,,115.00,Feet,South,ORDWAY PL,,,,0.00,N,Not at Intersection, ,Non-Junction,None,,,         ,David,Boone,Clear,Front to Rear,no,no,no,no,no,False
101645704,THP District 3 - Nashville,317028082,Davidson,Nashville,5/12/2017 5:03:00 PM,2,0,0,36.210560,-86.733380,GALLATIN PKE,,,,156.00,Feet,South,GREENFIELD AV,,,,0.00,N,Not at Intersection,N,"Driveway, Alley Access, etc",None,,,         ,Matthew,Priest,Cloudy,Angle,no,no,no,no,no,False
101645707,METROPOLITAN NASHVILLE POLICE DEPT,20170431867,Davidson,Nashville,5/16/2017 7:25:00 AM,2,1,0,36.092770,-86.705260,I 24,,,,0.00,,,,,,,55.15,N,Not at Intersection,N,Non-Junction,None,,,         ,David,Smith,Clear,Front to Rear,no,no,no,no,no,False
101645710,METROPOLITAN NASHVILLE POLICE DEPT,2017-0431870,Davidson,Nashville,5/16/2017 7:34:00 AM,2,0,0,36.155040,-86.773330,4TH AVS,,,,136.00,Feet,North,LEA AV,,,,0.00,N,Not at Intersection, ,Non-Junction,None,,,         ,Kevin,Johnson,Clear,Angle,no,no,no,no,no,False
101645712,METROPOLITAN NASHVILLE POLICE DEPT,20170431827,Davidson,Nashville,5/16/2017 6:30:00 AM,2,0,0,36.144100,-86.699570,I 40,,,,0.00,,,,,,,214.75,N,Not at Intersection,N,Non-Junction,None,,,         ,Scott,Toney,Clear,Front to Rear,no,no,no,no,yes,False
101645713,GOODLETTSVILLE POLICE DEPT,17-17408,Davidson,Goodlettsville,5/16/2017 7:32:00 AM,2,0,0,36.312310,-86.672870,,,SR386,,0.20,Miles,East,,,,,2.00,N,Not at Intersection, ,Non-Junction,None,,,         ,Timothy,Preston,Clear,Front to Rear,no,no,no,no,no,False
101645716,METROPOLITAN NASHVILLE POLICE DEPT,20170431945,Davidson,Nashville,5/16/2017 8:03:00 AM,2,0,0,36.177200,-86.774550,N 1ST ST,,,,104.00,Feet,North,SPRING ST,,,,0.00,N,Not at Intersection,N,Non-Junction,None,,,         ,Seth,Quiles,Clear,Front to Rear,no,no,no,no,yes,False
101645718,METROPOLITAN NASHVILLE POLICE DEPT,20170431816,Davidson,Nashville,5/16/2017 7:02:00 AM,2,2,0,36.043550,-86.655700,I 24,,,,0.00,,,,,,,59.60,N,Not at Intersection,N,Non-Junction,None,,,         ,Randall,Combs,Clear,Front to Rear,no,no,no,no,no,False
101645721,METROPOLITAN NASHVILLE POLICE DEPT,20170431869,Davidson,Nashville,5/16/2017 7:00:00 AM,2,0,0,36.169450,-86.814760,SCOVEL ST,,,,417.00,Feet,North,BEASLEY ST,,,,0.00,N,Not at Intersection, ,Non-Junction,None,,,         ,Isaac,Wood,Clear,Front to Rear,no,no,no,no,yes,False
101645723,GOODLETTSVILLE POLICE DEPT,17-17413,Davidson,Goodlettsville,5/16/2017 8:05:00 AM,2,0,0,36.306600,-86.699960,VIETNAM VETERANS BLVD SB ENT R,,,,1620.00,Feet,West,CONFERENCE DR,,,,0.00,N,Not at Intersection, ,Entrance/Exit Ramp Related,None,,,         ,Timothy,Preston,Clear,Front to Rear,no,no,no,no,yes,False
101645728,METROPOLITAN NASHVILLE POLICE DEPT,20170431882,Davidson,Nashville,5/16/2017 7:13:00 AM,2,0,0,36.167500,-86.610450,I 40,,,,0.00,,,,,,,220.30,N,Not at Intersection, ,,None,,,         ,James,Curtis,,,no,no,no,no,no,False
101645729,METROPOLITAN NASHVILLE POLICE DEPT,20170431941,Davidson,Nashville,5/16/2017 6:58:00 AM,2,0,0,36.150430,-86.696760,ELM HILL PKE,,,,0.00,,,WANDA DR,,,,0.00,Y,T-Intersection, ,Intersection,Construction Zone,,,         ,James,Curtis,Clear,Angle,no,no,no,no,no,False
101645730,METROPOLITAN NASHVILLE POLICE DEPT,20170431995,Davidson,Nashville,5/16/2017 7:30:00 AM,2,0,0,36.144540,-86.879860,PREMIER DR,,,,365.00,Feet,West,WILCLAY DR,,,,0.00,N,Not at Intersection,N,Non-Junction,None,,,         ,Benjamin,Cantrell,Clear,Angle,no,no,no,yes,yes,False
101645740,METROPOLITAN NASHVILLE POLICE DEPT,20170432023,Davidson,Nashville,5/16/2017 8:23:00 AM,2,0,0,36.163390,-86.617150,I 40,,,,0.00,,,,,,,219.85,N,Not at Intersection, ,Non-Junction,None,,,         ,Wesley,Young,Clear,Front to Rear,no,no,no,no,no,False
101645757,METROPOLITAN NASHVILLE POLICE DEPT,20170431918,Davidson,Nashville,5/16/2017 7:50:00 AM,2,2,0,36.179960,-86.815870,24TH AVN,,,,100.00,Feet,South,BUCHANAN ST,,,,0.00,N,Not at Intersection,N,Non-Junction,None,,,         ,Garren,Hoskins,Clear,HeadOn,no,no,no,no,no,False
101645758,METROPOLITAN NASHVILLE POLICE DEPT,20170431846,Davidson,Nashville,5/16/2017 7:18:00 AM,2,0,0,36.109870,-86.770190,I 65,,,,0.00,,,,,,,79.75,N,Not at Intersection, ,Non-Junction,None,,,         ,Nathan,Kemp,Clear,Front to Rear,no,no,no,no,no,False
101645759,METROPOLITAN NASHVILLE POLICE DEPT,20170432047,Davidson,Nashville,5/16/2017 7:45:00 AM,2,0,0,36.081100,-86.758360,HARDING PL,,,,0.00,,,TROUSDALE DR,,,,0.00,Y,Four-Way,N,Intersection,None,,,         ,Nathan,Kemp,Clear,Angle,no,no,no,no,yes,False
101645760,METROPOLITAN NASHVILLE POLICE DEPT,20170431904,Davidson,Nashville,5/16/2017 7:45:00 AM,2,1,0,36.077060,-86.736640,HARDING PL,,,,0.00,,,SHADESCREST DR,,,,0.00,Y,T-Intersection,N,Intersection,None,,,         ,Nathan,Kemp,Clear,Angle,no,no,no,no,yes,False
101645761,METROPOLITAN NASHVILLE POLICE DEPT,20170431965,Davidson,Nashville,5/16/2017 7:50:00 AM,2,0,0,36.077090,-86.736910,HARDING PL,,,,80.00,Feet,West,SHADESCREST DR,,,,0.00,N,Not at Intersection,N,Non-Junction,None,,,         ,Nathan,Kemp,Clear,Front to Rear,no,no,no,no,no,False
101645762,METROPOLITAN NASHVILLE POLICE DEPT,20170431917,Davidson,Nashville,5/16/2017 7:27:00 AM,2,0,0,36.147090,-86.662160,ELM HILL PKE,,,,0.00,,,AIRPORT CENTER DR,,,,0.00,Y,T-Intersection,N,Intersection,Construction Zone,,,         ,Wesley,Young,Clear,Angle,no,no,no,no,no,False
101645763,METROPOLITAN NASHVILLE POLICE DEPT,20170432098,Davidson,Not in City Limit,5/16/2017 9:11:00 AM,1,0,0,36.322170,-86.867990,I24 E EXT RAMP,,,,0.00,,,WHITES CREEK PKE,,,,0.00,Y,OTHER, ,Entrance/Exit Ramp Related,None,,,         ,Michael,Parman,Clear,Not Collision with Motor Vehicle in Transport,no,no,no,no,no,False
101645766,METROPOLITAN NASHVILLE POLICE DEPT,20170432001,Davidson,Nashville,5/16/2017 8:15:00 AM,2,0,0,36.113350,-86.707800,BRILEY PKWYS,,,,398.00,Feet,North,BRILEY PKWYN,,,,0.00,N,Not at Intersection,N,Non-Junction,None,,,         ,James,Thomas,Clear,Front to Rear,no,no,no,no,no,False
101645767,METROPOLITAN NASHVILLE POLICE DEPT,20170431804,Davidson,Nashville,5/16/2017 6:53:00 AM,2,0,0,36.015770,-86.621820,I 24,,,,0.00,,,I24 W ENT RAMP,,,,0.00,Y,OTHER,Y,Entrance/Exit Ramp Related,None,,,         ,Caleb,Jernigan,Clear,"Sideswipe, Same Direction",no,no,no,no,no,False
101645780,METROPOLITAN NASHVILLE POLICE DEPT,20170432083,Davidson,Nashville,5/16/2017 7:00:00 AM,2,0,0,36.186930,-86.860980,BRILEY PKWY N EXT RAMP,,,,0.00,Feet,East,COUNTY HOSPITAL RD,,,,0.00,N,Not at Intersection, ,Entrance/Exit Ramp Related,None,,,         ,Carlos,angulo,Clear,Front to Rear,no,no,no,no,no,False
101645781,METROPOLITAN NASHVILLE POLICE DEPT,2017-0431791,Davidson,Not in City Limit,5/16/2017 6:49:00 AM,2,0,0,36.019870,-86.652560,HASKELL DR,,,,80.00,Feet,West,HASKELL LN,,,,0.00,N,Not at Intersection,N,Non-Junction,None,,,         ,William,Whitworth,Clear,HeadOn,no,no,no,no,no,False
101645784,VANDERBILT UNIVERSITY POLICE,17-0429850,Davidson,Nashville,5/15/2017 2:15:00 PM,2,0,0,36.137570,-86.800760,WEDGEWOOD AV,,,,0.00,,,21ST AVS,,,,0.00,Y,T-Intersection, ,,None,,,         ,Linda,Jennings,,,no,no,no,no,no,Campus
101645788,METROPOLITAN NASHVILLE POLICE DEPT,20170431921,Davidson,Nashville,5/16/2017 7:55:00 AM,2,1,0,36.105460,-86.671380,MURFREESBORO PKE,,,,136.00,Feet,East,EZELL PKE,,,,0.00,N,Not at Intersection,N,Non-Junction,None,,,         ,Cody,O'Quinn,Clear,Front to Rear,no,no,no,no,no,False
101645800,METROPOLITAN NASHVILLE POLICE DEPT,20170432176,Davidson,Nashville,5/16/2017 9:46:00 AM,2,2,0,36.041670,-86.743880,EDMONDSON PKE,,,,224.00,Feet,South,BRENTWOOD SQ,,,,0.00,N,Not at Intersection,N,Non-Junction,None,,,         ,Joseph,Patricio,Clear,"Sideswipe, Opposite Direction",no,no,no,yes,no,False
101645808,METROPOLITAN NASHVILLE POLICE DEPT,20170432238,Davidson,Nashville,5/16/2017 10:00:00 AM,2,0,0,36.070110,-86.721800,NOLENSVILLE PKE,,,,100.00,Feet,East,COTTON LN,,,,0.00,N,Not at Intersection,N,Non-Junction,None,,,         ,Earl,Davis,Clear,Angle,no,no,no,no,yes,False
101645813,METROPOLITAN NASHVILLE POLICE DEPT,20170432128,Davidson,Nashville,5/16/2017 8:56:00 AM,2,0,0,36.155800,-86.789800,I40 E EXT RAMP,,,,0.00,,,I 40,,,,0.00,Y,OTHER, ,Non-Junction,None,,,         ,Kevin,Johnson,Clear,"Sideswipe, Same Direction",no,no,no,no,no,False
101645815,METROPOLITAN NASHVILLE POLICE DEPT,20170432151,Davidson,Nashville,5/16/2017 9:34:00 AM,2,1,0,36.226450,-86.725350,WINDING WAY,,,,19.00,Feet,East,GALLATIN PKE,,,,0.00,N,Not at Intersection,Y,Non-Junction,None,,,         ,Tony,Folad,Clear,Angle,no,no,no,no,no,False
101645825,METROPOLITAN NASHVILLE POLICE DEPT,20170432339,Davidson,Nashville,5/16/2017 10:45:00 AM,2,0,0,36.180140,-86.769560,TREUTLAND AV,,,,150.00,Feet,West,MERIDIAN ST,,,,0.00,N,Not at Intersection, ,Non-Junction,None,,,         ,Richard,Conger,Clear,Angle,no,no,no,no,yes,False
101645828,METROPOLITAN NASHVILLE POLICE DEPT,20170431809,Davidson,Madison,5/16/2017 7:00:00 AM,2,0,0,36.261430,-86.712470,GALLATIN PKES,,,,71.00,Feet,North,MAPLE ST,,,,0.00,N,Not at Intersection, ,Non-Junction,None,,,         ,Brian,Otto,Clear,Front to Rear,no,no,no,no,no,False
101645835,THP District 9 - Administrative,317028582,Davidson,Nashville,5/15/2017 6:40:00 AM,1,0,0,36.135580,-86.893200,I 40,,,,0.00,,,,,,,201.60,N,Not at Intersection,N,Non-Junction,None,,,         ,Justin,Boyd,Clear,Not Collision with Motor Vehicle in Transport,no,no,no,no,no,False
101645844,METROPOLITAN NASHVILLE POLICE DEPT,20170432066,Davidson,Nashville,5/16/2017 8:57:00 AM,2,0,0,36.145740,-86.764720,CHESTNUT ST,,,,0.00,,,2ND AVS,,,,0.00,Y,OTHER,N,Intersection,None,,,         ,David,Simmonds,Clear,Angle,no,no,no,no,no,False
101645845,METROPOLITAN NASHVILLE POLICE DEPT,20170431691,Davidson,Nashville,5/16/2017 5:00:00 AM,2,0,0,36.093620,-86.738740,ATLAS DR,,,,384.00,Feet,North,MCNALLY DR,,,,0.00,N,Not at Intersection,N,Non-Junction,None,,,         ,Darrell,Osment,Clear,"Sideswipe, Same Direction",no,no,no,yes,yes,False
101645852,METROPOLITAN NASHVILLE POLICE DEPT,20170432539,Davidson,Nashville,5/16/2017 11:33:00 AM,1,0,0,36.154000,-86.840040,I 40,,,,0.00,,,,,,,204.95,N,Not at Intersection, ,Non-Junction,None,,,         ,Curtis,Rich,Clear,Not Collision with Motor Vehicle in Transport,no,no,no,no,no,False
101645853,METROPOLITAN NASHVILLE POLICE DEPT,20170432400,Davidson,Madison,5/16/2017 10:45:00 AM,2,0,0,36.249070,-86.719630,GALLATIN PKES,,,,133.00,Feet,South,E PALESTINE AV,,,,0.00,N,Not at Intersection,N,Non-Junction,None,,,         ,Brian,Otto,Clear,Angle,no,no,no,yes,yes,False
101645855,METROPOLITAN NASHVILLE POLICE DEPT,2017-0432427,Davidson,Nashville,5/16/2017 10:00:00 AM,2,0,0,36.159990,-86.783270,COMMERCE ST,,,,102.00,Feet,East,9TH AVN,,,,0.00,N,Not at Intersection, ,Non-Junction,None,,,         ,Timothy,Edwards,Clear,Angle,no,no,no,no,yes,False
101645873,METROPOLITAN NASHVILLE POLICE DEPT,20170432363,Davidson,Nashville,5/16/2017 10:49:00 AM,2,0,0,36.217410,-86.701090,MCGAVOCK PKE,,,,0.00,,,OPRY MILLS DR,,,,0.00,Y,T-Intersection,N,Intersection,None,,,         ,James,Curtis,Clear,Angle,no,no,no,no,no,False
101645881,METROPOLITAN NASHVILLE POLICE DEPT,20170432210,Davidson,Nashville,5/16/2017 8:30:00 AM,2,0,0,36.045920,-86.674260,BLUE HOLE RD,,,,71.00,Feet,North,BELL RD,,,,0.00,N,Not at Intersection,N,Non-Junction,None,,,         ,Jessie,Meadows,Clear,Front to Rear,no,no,no,no,yes,False
101645882,METROPOLITAN NASHVILLE POLICE DEPT,20170432631,Davidson,Nashville,5/16/2017 12:15:00 PM,1,0,0,36.062150,-86.814090,GRANNY WHITE PKE,,,,500.00,Feet,South,ROBERT E LEE DR,,,,0.00,N,Not at Intersection, ,Non-Junction,None,,,         ,Earl,Davis,Clear,Not Collision with Motor Vehicle in Transport,no,no,no,no,no,False
101645885,METROPOLITAN NASHVILLE POLICE DEPT,2017-0432553,Davidson,Nashville,5/15/2017 8:30:00 PM,1,0,0,36.305550,-86.808200,CROCKER SPRINGS RD,,,,926.00,Feet,North,LICKTON PKE,,,,0.00,N,Not at Intersection,N,Non-Junction,None,,,         ,Arthur,Hipp,Unknown,Unknown,no,no,no,no,yes,False
101645903,METROPOLITAN NASHVILLE POLICE DEPT,20170432554,Davidson,Nashville,5/16/2017 11:57:00 AM,2,0,0,36.174140,-86.750530,FATHERLAND ST,,,,48.00,Feet,West,S 11TH ST,,,,0.00,N,Not at Intersection, ,Non-Junction,None,,,         ,Richard,Conger,Clear,Angle,no,no,no,no,no,False
101645904,METROPOLITAN NASHVILLE POLICE DEPT,20170435563,Davidson,Nashville,5/16/2017 11:45:00 AM,2,0,0,36.201650,-86.776840,I 65,,,,0.00,,,,,,,87.00,N,Not at Intersection, ,Non-Junction,None,,,         ,Ronald,Bright,Clear,"Sideswipe, Same Direction",no,no,no,no,no,False
101645905,METROPOLITAN NASHVILLE POLICE DEPT,20170432692,Davidson,Nashville,5/16/2017 12:15:00 PM,2,0,0,36.106450,-86.764740,POWELL PL,,,,62.00,Feet,West,POWELL AV,,,,0.00,N,Not at Intersection, ,Non-Junction,None,,,         ,Justin,Pinkelton,Clear,"Sideswipe, Opposite Direction",no,no,no,no,no,False
101645937,METROPOLITAN NASHVILLE POLICE DEPT,20170432633,Davidson,Nashville,5/16/2017 12:15:00 PM,2,0,0,36.112230,-86.767040,POWELL AV,,,,0.00,Feet,,BRANSFORD AV,,,,0.00,Y,Four-Way, ,Intersection-Related,None,,,         ,Bradley,Pope,Clear,"Sideswipe, Same Direction",no,no,no,no,no,False
101645941,METROPOLITAN NASHVILLE POLICE DEPT,20170432612,Davidson,Nashville,5/16/2017 12:57:00 PM,2,0,0,36.170950,-86.789240,ROSA L PARKS BLVD,,,,0.00,,,,,,,0.00,,, ,Non-Junction,None,,,         ,Seth,Quiles,Clear,Rear to Rear,no,no,no,no,no,False
101645974,METROPOLITAN NASHVILLE POLICE DEPT,20170431991,Davidson,Nashville,5/16/2017 7:55:00 AM,2,0,0,36.067480,-86.669070,BOWFIELD DR,,,,211.00,Feet,South,DOWDY DR,,,,0.00,N,Not at Intersection, ,Non-Junction,None,,,         ,Brandon,O'Guin,Clear,Front to Rear,no,no,no,yes,no,False
101645975,METROPOLITAN NASHVILLE POLICE DEPT,20170432691,Davidson,Nashville,5/16/2017 12:30:00 PM,2,0,0,36.187920,-86.798480,DOMINICAN DR,,,,0.00,,,ROSA L PARKS BLVD,,,,0.00,Y,OTHER, ,,None,,,         ,Joshua,Baker,,,no,no,no,no,no,False