master_record_number,agency,agency_tracking_number,county,city,collision_date,vehicles_involved,number_injured,number_dead,latitude,longitude,roadway_name,roadway_suffix,roadway_number,roadway_local_id,distance_from_reference,miles-feet_indicator,direction_from_reference,intersection_road_name,intersection_road_name_suffix,intersection_road_number,intersection_local_id,mile_marker,intersection_indicator,intersect_type,interchange_related_indicator,relation_to_junction,work_zone_type,construction_maintenance_zone,construction_maintenance_zone_location,fatal_case_number,officer_first_name,officer_last_name,weather_condition(s),manner_of_crash,pedestrian,bicycle,scooter,parking,hitrun,mou
101645984,METROPOLITAN NASHVILLE POLICE DEPT,20170432858,Davidson,Nashville,5/16/2017 11:40:00 AM,2,0,0,36.198440,-86.620270,LEBANON PKE,,,,0.00,,,OLD HICKORY BLVD,,,,0.00,Y,Four-Way, ,Intersection-Related,None,,,         ,Samuel,Sundra,Clear,Front to Rear,no,no,no,no,no,False
101645992,METROPOLITAN NASHVILLE POLICE DEPT,2017432315,Davidson,Nashville,5/16/2017 10:35:00 AM,2,0,0,36.159060,-86.797560,CHARLOTTE AV,,,,0.00,Feet,East,17TH AVN,,,,0.00,N,Not at Intersection,N,Non-Junction,None,,,         ,Erik,Wagner,Clear,Front to Rear,no,no,no,no,no,False
101645993,METROPOLITAN NASHVILLE POLICE DEPT,2017432577,Davidson,Nashville,5/16/2017 11:30:00 AM,2,0,0,36.037440,-86.786300,OLD HICKORY BLVD,,,,79.00,Feet,East,FRANKLIN PKE,,,,0.00,N,Not at Intersection, ,Non-Junction,None,,,         ,Erik,Wagner,Clear,Angle,no,no,no,no,no,False
101645997,METROPOLITAN NASHVILLE POLICE DEPT,20170432864,Davidson,Nashville,5/16/2017 1:43:00 PM,2,0,0,36.189800,-86.772990,DICKERSON PKE,,,,109.00,Feet,South,EVANSTON AV,,,,0.00,N,Not at Intersection, ,Non-Junction,None,,,         ,Richard,Conger,Clear,Rear to Side,no,no,no,no,no,False
101646014,METROPOLITAN NASHVILLE POLICE DEPT,20170432592,Davidson,Nashville,5/16/2017 12:00:00 PM,2,1,0,36.155890,-86.789100,I40 W EXT RAMP,,,,0.00,,,BROADWAY,,,,0.00,Y,Four-Way,N,Entrance/Exit Ramp Related,None,,,         ,Arend,Groeneweg,Clear,Front to Rear,no,no,no,no,no,False
101646048,METROPOLITAN NASHVILLE POLICE DEPT,20170432581,Davidson,Nashville,5/16/2017 11:43:00 AM,3,0,0,36.070820,-86.642180,RICE RD,,,,1040.00,Feet,North,RURAL HILL RD,,,,0.00,N,Not at Intersection,N,Non-Junction,None,,,         ,Jessie,Meadows,Clear,Angle,no,no,no,yes,yes,False
101646049,METROPOLITAN NASHVILLE POLICE DEPT,20170432807,Davidson,Nashville,5/16/2017 2:01:00 PM,2,1,0,36.120720,-86.726640,I440 W ENT RAMP,,,,0.00,Feet,East,I 24,,,,0.00,N,Not at Intersection,N,Non-Junction,None,,,         ,Jessie,Meadows,Clear,"Sideswipe, Same Direction",no,no,no,no,no,False
101646074,METROPOLITAN NASHVILLE POLICE DEPT,20170432980,Davidson,Nashville,5/16/2017 1:28:00 PM,2,0,0,36.152810,-86.842240,46TH AVN,,,,178.00,Feet,South,ALABAMA AV,,,,0.00,N,Not at Intersection, ,"Driveway, Alley Access, etc",None,,,         ,Walter,Gray II,Clear,Angle,no,no,no,no,no,False
101646090,METROPOLITAN NASHVILLE POLICE DEPT,20170433016,Davidson,Antioch,5/16/2017 3:06:00 PM,2,0,0,36.047840,-86.612050,MURFREESBORO PKE,,,,1284.00,Feet,North,MOUNTAIN SPRINGS RD,,,,0.00,N,Not at Intersection,N,Non-Junction,None,,,         ,Jessie,Meadows,Clear,Front to Rear,no,no,no,no,yes,False
101646091,METROPOLITAN NASHVILLE POLICE DEPT,20170432779,Davidson,Nashville,5/16/2017 1:09:00 PM,1,1,0,36.248050,-86.756840,DICKERSON PKE,,,,509.00,Feet,North,SKYLINE COMMONS PVTDR,,,,0.00,N,Not at Intersection,N,Non-Junction,None,,,         ,Jack,Crouch,Clear,Not Collision with Motor Vehicle in Transport,no,no,no,no,no,False
101646110,METROPOLITAN NASHVILLE POLICE DEPT,2017-0432740,Davidson,Nashville,5/16/2017 12:40:00 PM,2,0,0,36.067430,-86.622660,OWENDALE DR,,,,0.00,,,LONSWAY CIR,,,,0.00,Y,Four-Way,N,Intersection,None,,,         ,William,Whitworth,Clear,Front to Rear,no,no,no,no,yes,False
101646112,METROPOLITAN NASHVILLE POLICE DEPT,2017-0432900,Davidson,Nashville,5/16/2017 1:40:00 PM,2,0,0,36.034700,-86.656500,CANE RIDGE RD,,,,432.00,Feet,South,PRESTON RD,,,,0.00,N,Not at Intersection,N,Non-Junction,None,,,         ,William,Whitworth,Clear,"Sideswipe, Opposite Direction",no,no,no,no,no,False
101646113,METROPOLITAN NASHVILLE POLICE DEPT,20170432964,Davidson,Not in City Limit,5/16/2017 2:13:00 PM,2,1,0,36.335270,-86.778680,LICKTON PKE,,,,0.00,,,UNION HILL RD,,,,0.00,Y,Y-Intersection,N,Intersection-Related,None,,,         ,Arthur,Hipp,Clear,"Sideswipe, Opposite Direction",no,no,no,no,no,False
101646114,METROPOLITAN NASHVILLE POLICE DEPT,20170433061,Davidson,Nashville,5/16/2017 2:26:00 PM,3,1,0,36.155310,-86.789070,I40 E ENT RAMP,,,,0.00,,,I 40,,,,0.00,Y,T-Intersection,N,Entrance/Exit Ramp Related,None,,,         ,Tien,Nguyen,Clear,Front to Rear,no,no,no,no,no,False
101646121,METROPOLITAN NASHVILLE POLICE DEPT,20170433130,Davidson,Nashville,5/16/2017 3:17:00 PM,2,0,0,36.203550,-86.738530,GALLATIN PKE,,,,0.00,,,E TRINITY LN,,,,0.00,Y,T-Intersection, ,Intersection,None,,,         ,James,Smith,Clear,Other,no,no,no,no,no,False
101646127,METROPOLITAN NASHVILLE POLICE DEPT,20170433017,Davidson,Nashville,5/16/2017 2:38:00 PM,4,0,0,36.147590,-86.744190,I 40,,,,0.00,,,,,,,212.00,N,Not at Intersection,N,Non-Junction,None,,,         ,Wesley,Young,Clear,Front to Rear,no,no,no,no,yes,False
101646135,METROPOLITAN NASHVILLE POLICE DEPT,20170433223,Davidson,Nashville,5/16/2017 3:25:00 PM,2,0,0,36.085630,-86.769000,HARDING PL,,,,0.00,,,PEACH ORCHARD DR,,,,0.00,Y,T-Intersection, ,Intersection-Related,None,,,         ,Tien,Nguyen,Clear,Angle,no,no,no,no,no,False
101646136,METROPOLITAN NASHVILLE POLICE DEPT,20170433201,Davidson,Nashville,5/15/2017 12:00:00 AM,2,0,0,36.167610,-86.778610,2ND AVN,,,,0.00,,,JAMES ROBERTSON PKWY,,,,0.00,Y,OTHER,N,Non-Junction,None,,,         ,Alex,Moore,Clear,"Sideswipe, Same Direction",no,no,no,no,yes,False
101646137,METROPOLITAN NASHVILLE POLICE DEPT,20170432973,Davidson,Nashville,5/16/2017 2:10:00 PM,2,1,0,36.048110,-86.743660,EDMONDSON PKE,,,,200.00,Feet,South,BRENT GLEN PT,,,,0.00,N,Not at Intersection,N,Non-Junction,None,,,         ,Miguel,Garcia,Clear,Angle,no,no,no,no,no,False
101646147,METROPOLITAN NASHVILLE POLICE DEPT,20170433112,Davidson,Nashville,5/16/2017 11:50:00 AM,2,0,0,36.151690,-86.677000,EMERY DR,,,,0.00,,,ELM HILL PKE,,,,0.00,Y,Four-Way, ,,None,,,         ,Johnny,Crumby Jr.,,,no,no,no,no,no,False
101646170,METROPOLITAN NASHVILLE POLICE DEPT,20170433043,Davidson,Nashville,5/16/2017 2:53:00 PM,2,2,0,36.181800,-86.641570,JACKSON DOWNS BLVD,,,,0.00,,,LEBANON PKE,,,,0.00,Y,Four-Way,N,Intersection-Related,Work Zone,Other,Unknown,         ,Cody,O'Quinn,Clear,Angle,no,no,no,no,no,False
101646181,METROPOLITAN NASHVILLE POLICE DEPT,20170433218,Davidson,Nashville,5/16/2017 3:42:00 PM,2,0,0,36.173590,-86.602150,OLD HICKORY BLVD,,,,0.00,,,CENTRAL PKE,,,,0.00,Y,Four-Way,N,Intersection-Related,None,,,         ,Michael,Apsey,Clear,Front to Rear,no,no,no,no,yes,False
101646201,METROPOLITAN NASHVILLE POLICE DEPT,20170433308,Davidson,Nashville,5/16/2017 4:15:00 PM,3,0,0,36.096150,-86.737670,NOLENSVILLE PKE,,,,0.00,,,ALLIED DR,,,,0.00,Y,T-Intersection, ,Intersection-Related,None,,,         ,Jedidayah,Merriweather,Clear,Front to Rear,no,no,no,no,yes,False
101646204,METROPOLITAN NASHVILLE POLICE DEPT,20170433325,Davidson,Nashville,5/16/2017 4:26:00 PM,3,1,0,36.037470,-86.790980,OLD HICKORY BLVD,,,,0.00,,,S HILLVIEW DR,,,,0.00,Y,Four-Way,N,Intersection-Related,None,,,         ,Tien,Nguyen,Clear,Front to Rear,no,no,no,no,no,False
101646213,METROPOLITAN NASHVILLE POLICE DEPT,2017-0432195,Davidson,Nashville,5/16/2017 9:44:00 AM,2,0,0,36.067960,-86.718890,NOLENSVILLE PKE,,,,108.00,Feet,South,HAYWOOD LN,,,,0.00,N,Not at Intersection, ,Non-Junction,None,,,         ,Sean,Williams,Clear,Angle,no,no,no,no,no,False
101646216,METROPOLITAN NASHVILLE POLICE DEPT,20170433383,Davidson,Nashville,5/16/2017 3:18:00 PM,2,0,0,36.130930,-86.795550,COMPTON AV,,,,0.00,,,BELMONT BLVD,,,,0.00,Y,T-Intersection,N,Intersection,None,,,         ,Eric,Burford,Clear,Angle,no,no,no,no,no,False
101646217,METROPOLITAN NASHVILLE POLICE DEPT,20170433414,Davidson,Nashville,5/16/2017 4:47:00 PM,2,0,0,36.037760,-86.784770,I65 S EXT RAMP,,,,0.00,,,OLD HICKORY BLVD,,,,0.00,Y,T-Intersection, ,Non-Junction,None,,,         ,Tien,Nguyen,Clear,Front to Rear,no,no,no,no,no,False
101646219,METROPOLITAN NASHVILLE POLICE DEPT,20170433448,Davidson,Nashville,5/16/2017 4:54:00 PM,2,0,0,36.042630,-86.839190,OLD HICKORY BLVD,,,,0.00,Feet,East,KINGSBURY DR,,,,0.00,N,Not at Intersection, ,Non-Junction,None,,,         ,Edin,Plancic,Clear,Front to Rear,no,no,no,no,no,False
101646220,METROPOLITAN NASHVILLE POLICE DEPT,20170433333,Davidson,Not in City Limit,5/16/2017 4:30:00 PM,2,0,0,36.263520,-86.684270,LARKIN SPRINGS RD,,,,22.00,Feet,North,STATE RT 45,,,,0.00,N,Not at Intersection, ,Non-Junction,None,,,         ,Harold,Willmore IV,Clear,Front to Rear,no,no,no,no,no,False
101646222,METROPOLITAN NASHVILLE POLICE DEPT,20170433379,Davidson,Nashville,5/16/2017 4:40:00 PM,2,0,0,36.121680,-86.750910,I440 E EXT RAMP,,,,0.00,Feet,East,I 440,,,,0.00,N,Not at Intersection, ,,None,,,         ,William,Taylor,,,no,no,no,no,no,False
101646226,METROPOLITAN NASHVILLE POLICE DEPT,20170433399,Davidson,Nashville,5/16/2017 4:45:00 PM,2,0,0,36.185010,-86.797370,I 65,,,,0.00,,,,,,,85.40,N,Not at Intersection, ,Non-Junction,None,,,         ,Landon,Bagwell,Clear,"Sideswipe, Same Direction",no,no,no,no,no,False
101646233,METROPOLITAN NASHVILLE POLICE DEPT,20170433625,Davidson,Antioch,5/16/2017 5:20:00 PM,1,0,0,36.064380,-86.591060,HOBSON PKE,,,,826.00,Feet,North,BEACHMIST WAY,,,,0.00,N,Not at Intersection, ,,None,,,         ,Candice,Soper,,,no,no,no,no,no,False
101646236,METROPOLITAN NASHVILLE POLICE DEPT,20170433426,Davidson,Nashville,5/16/2017 5:02:00 PM,2,1,0,36.152630,-86.796760,WEST END AV,,,,250.00,Feet,West,18TH AVN,,,,0.00,N,Not at Intersection,N,Non-Junction,None,,,         ,Maria,Cortez,Clear,Front to Rear,no,no,no,no,no,False
101646241,METROPOLITAN NASHVILLE POLICE DEPT,20170433599,Davidson,Nashville,5/16/2017 5:30:00 PM,2,0,0,36.169970,-86.804650,17TH AVN,,,,0.00,Feet,West,JEFFERSON ST,,,,0.00,N,Not at Intersection,N,Non-Junction,None,,,         ,Thomas,Burns,Clear,Front to Rear,no,no,no,no,yes,False
101646246,METROPOLITAN NASHVILLE POLICE DEPT,20170433226,Davidson,Nashville,5/16/2017 5:10:00 PM,2,0,0,36.081670,-86.691260,JANSING DR,,,,92.00,Feet,South,JOSAM DR,,,,0.00,N,Not at Intersection,N,Non-Junction,None,,,         ,Jessie,Meadows,Clear,Front to Rear,no,no,no,no,no,False
101646247,METROPOLITAN NASHVILLE POLICE DEPT,20170433458,Davidson,Nashville,5/16/2017 5:11:00 PM,2,0,0,36.229140,-86.725450,BROADMOOR DR,,,,92.00,Feet,West,GALLATIN PKE,,,,0.00,N,Not at Intersection, ,,None,,,         ,Benjamin,Williams,,,no,no,no,no,no,False
101646248,METROPOLITAN NASHVILLE POLICE DEPT,20170433537,Davidson,Nashville,5/16/2017 5:40:00 PM,2,1,0,36.168540,-86.600330,OLD HICKORY BLVD,,,,0.00,,,MILLS RD,,,,0.00,Y,T-Intersection,N,Intersection,None,,,         ,Johnny,Crumby Jr.,Clear,Angle,no,no,no,no,yes,False
101646250,METROPOLITAN NASHVILLE POLICE DEPT,20170433316,Davidson,Nashville,5/16/2017 4:25:00 PM,2,2,0,36.244680,-86.797400,BRICK CHURCH LN,,,,1293.00,Feet,East,KNIGHT DR,,,,0.00,N,Not at Intersection,N,Non-Junction,None,,,         ,Samuel,Galluzzi,Clear,Front to Rear,no,no,no,no,no,False
101646255,METROPOLITAN NASHVILLE POLICE DEPT,20170433550,Davidson,Nashville,5/16/2017 5:45:00 PM,3,0,0,36.150900,-86.804600,ELLISTON PL,,,,18.00,Feet,South,LOUISE AV,,,,0.00,N,Not at Intersection,N,Non-Junction,None,,,         ,David,Humes,Clear,Front to Rear,no,no,no,no,no,Campus
101646259,METROPOLITAN NASHVILLE POLICE DEPT,20170433385,Davidson,Not in City Limit,5/16/2017 4:47:00 PM,2,2,0,36.316840,-86.834470,I 24,,,,0.00,,,,,,,36.90,N,Not at Intersection,N,Non-Junction,None,,,         ,Timothy,Morgan,Clear,Front to Rear,no,no,no,no,no,False
101646266,METROPOLITAN NASHVILLE POLICE DEPT,20170433621,Davidson,Nashville,5/16/2017 5:07:00 PM,2,0,0,36.133230,-86.801310,PORTLAND AV,,,,0.00,,,MAGNOLIA BLVD,,,,0.00,Y,T-Intersection, ,Intersection-Related,None,,,         ,Tien,Nguyen,Clear,Angle,no,no,no,no,no,False
101646268,METROPOLITAN NASHVILLE POLICE DEPT,20170433464,Davidson,Nashville,5/16/2017 4:55:00 PM,2,0,0,36.200610,-86.755920,CHICKASAW AV,,,,728.00,Feet,East,JONES AV,,,,0.00,N,Not at Intersection, ,Non-Junction,None,,,         ,Charles,Wakefield,Clear,"Sideswipe, Same Direction",no,no,no,no,no,False
101646274,METROPOLITAN NASHVILLE POLICE DEPT,2017-0433685,Davidson,Nashville,5/16/2017 6:13:00 PM,2,1,0,36.153800,-86.772520,4TH AVS,,,,206.00,Feet,North,ELM ST,,,,0.00,N,Not at Intersection,N,Non-Junction,None,,,         ,Chad,Wilkinson,Clear,"Sideswipe, Same Direction",no,no,no,no,no,False
101646275,METROPOLITAN NASHVILLE POLICE DEPT,20170433707,Davidson,Nashville,5/16/2017 6:44:00 PM,1,0,0,36.182870,-86.748770,GALLATIN AV,,,,67.00,Feet,North,STRATTON AV,,,,0.00,N,Not at Intersection,N,Non-Junction,None,,,         ,Jonathan,Hadley,Clear,Not Collision with Motor Vehicle in Transport,no,no,no,no,no,False
101646284,METROPOLITAN NASHVILLE POLICE DEPT,20170433435,Davidson,Nashville,5/16/2017 5:04:00 PM,2,2,0,36.047300,-86.862740,HILLSBORO PKE,,,,0.00,,,OLD HICKORY BLVD,,,,0.00,Y,Four-Way,N,Intersection,None,,,         ,Walter,Gray II,Clear,Angle,no,no,no,no,no,False
101646289,METROPOLITAN NASHVILLE POLICE DEPT,20170433708,Davidson,Nashville,5/16/2017 5:49:00 PM,2,0,0,36.146460,-86.742800,I 40,,,,0.00,,,,,,,212.10,N,Not at Intersection, ,,None,,,         ,Brian,Smith,,,no,no,no,no,no,False
101646301,METROPOLITAN NASHVILLE POLICE DEPT,20170433677,Davidson,Nashville,5/16/2017 6:26:00 PM,2,1,0,36.150260,-86.766670,LAFAYETTE ST,,,,255.00,Feet,West,1ST AVS,,,,0.00,N,Not at Intersection,N,Non-Junction,None,,,         ,Jonathan,Cavezza,Clear,Angle,no,no,no,no,no,False
101646311,VANDERBILT UNIVERSITY POLICE,2017-0433682,Davidson,Nashville,5/16/2017 6:15:00 PM,2,0,0,36.110000,-86.765250,POWELL AV,,,,0.00,,,,,,,0.00,,, ,Non-Junction,None,,,         ,Allan,Sullivan,Clear,Angle,no,no,no,yes,no,OHO
101646312,METROPOLITAN NASHVILLE POLICE DEPT,20170433727,Davidson,Nashville,5/16/2017 6:38:00 PM,2,0,0,36.125820,-86.846490,HARDING PKE,,,,0.00,,,KENNER AVN,,,,0.00,Y,Four-Way,N,Intersection,None,,,         ,Walter,Gray II,Clear,Angle,no,no,no,no,no,False
101646315,METROPOLITAN NASHVILLE POLICE DEPT,20170433467,Davidson,Not in City Limit,5/16/2017 4:50:00 PM,2,0,0,36.316840,-86.834470,I 24,,,,0.00,,,,,,,36.90,N,Not at Intersection, ,Non-Junction,None,,,         ,Timothy,Morgan,Clear,"Sideswipe, Same Direction",no,no,no,no,no,False
101646316,METROPOLITAN NASHVILLE POLICE DEPT,20170433779,Davidson,Nashville,5/16/2017 7:22:00 PM,2,1,0,36.187990,-86.821560,ED TEMPLE BLVD,,,,0.00,Feet,,ROSA L PARKS BLVD,,,,0.00,Y,Four-Way,N,Intersection-Related,None,,,         ,Thomas,Burns,Clear,Front to Rear,no,no,no,no,no,False
101646317,METROPOLITAN NASHVILLE POLICE DEPT,20170433788,Davidson,Nashville,5/16/2017 7:23:00 PM,1,1,0,36.143070,-86.580830,STEWARTS FERRY PKE,,,,300.00,Feet,West,SMOTHERMAN LN,,,,0.00,N,Not at Intersection,N,Non-Junction,None,,,         ,Johnny,Crumby Jr.,Clear,Not Collision with Motor Vehicle in Transport,no,no,no,no,no,False
101646330,METROPOLITAN NASHVILLE POLICE DEPT,20170433752,Davidson,Nashville,5/16/2017 7:06:00 PM,1,1,0,36.056130,-86.700920,GARDEN VIEW CT,,,,208.00,Feet,West,COLEMONT DR,,,,0.00,N,Not at Intersection,N,Non-Junction,None,,,         ,Brandon,Vance,Clear,Not Collision with Motor Vehicle in Transport,no,yes,no,no,no,False
101646333,METROPOLITAN NASHVILLE POLICE DEPT,20170433868,Davidson,Nashville,5/16/2017 7:57:00 PM,2,5,0,36.180070,-86.811040,BUCHANAN ST,,,,0.00,,,DR D B TODD JR BLVD,,,,0.00,Y,Four-Way,N,Intersection,None,,,         ,Kevin,Reynolds,Clear,Angle,no,no,no,no,no,False
101646356,METROPOLITAN NASHVILLE POLICE DEPT,20170433668,Davidson,Nashville,5/16/2017 6:25:00 PM,2,0,0,36.174400,-86.774190,OLDHAM ST,,,,0.00,,,N 1ST ST,,,,0.00,Y,Four-Way, ,Intersection,None,,,         ,Michael,Douglas,Clear,"Sideswipe, Same Direction",no,no,no,no,no,False
101646363,METROPOLITAN NASHVILLE POLICE DEPT,20170433747,Davidson,Nashville,5/16/2017 7:05:00 PM,2,1,0,36.244060,-86.722690,GALLATIN PKES,,,,185.00,Feet,South,LAKEWOOD DR,,,,0.00,N,Not at Intersection,N,Non-Junction,None,,,         ,Samuel,Miller,Clear,Front to Rear,no,no,no,no,no,False
101646365,METROPOLITAN NASHVILLE POLICE DEPT,20170433651,Davidson,Nashville,5/16/2017 4:40:00 PM,2,0,0,36.192280,-86.800130,ROSA L PARKS BLVD,,,,555.00,Feet,East,ATHENS WAY,,,,0.00,N,Not at Intersection,N,Non-Junction,None,,,         ,Andy,Esqueda,Clear,Angle,no,no,no,no,no,False
101646370,METROPOLITAN NASHVILLE POLICE DEPT,20170433999,Davidson,Not in City Limit,5/16/2017 7:49:00 PM,3,0,0,36.075510,-86.940560,HIGHWAY 70S,,,,50.00,Feet,West,BELLEVUE RD,,,,0.00,N,Not at Intersection,N,Non-Junction,None,,,         ,Walter,Gray II,Clear,Front to Rear,no,no,no,no,yes,False
101646371,METROPOLITAN NASHVILLE POLICE DEPT,20170434014,Davidson,Nashville,5/16/2017 8:40:00 PM,2,1,0,36.134740,-86.784080,WEDGEWOOD AV,,,,0.00,,,HILLSIDE AV,,,,0.00,Y,T-Intersection,N,Non-Junction,None,,,         ,William,Taylor,Clear,Front to Rear,no,no,no,no,yes,False
101646390,METROPOLITAN NASHVILLE POLICE DEPT,20170433470,Davidson,Nashville,5/16/2017 3:40:00 PM,2,0,0,36.153550,-86.761800,CHARLES E DAVIS BLVD,,,,202.00,Feet,South,OLD HERMITAGE AV,,,,0.00,N,Not at Intersection,N,Non-Junction,None,,,         ,John,Daugherty,Clear,Angle,no,no,no,no,no,False
101646391,THP District 3 - Nashville,317028177,Davidson,Nashville,5/13/2017 4:03:00 AM,1,1,0,36.026490,-86.899900,SNEED RDW,,,,457.00,Feet,North,WATERSTONE CT,,,,0.00,N,Not at Intersection,N,Non-Junction,None,,,         ,Samuel,Outlaw,Cloudy,Not Collision with Motor Vehicle in Transport,no,no,no,no,no,False
101646393,METROPOLITAN NASHVILLE POLICE DEPT,20170434065,Davidson,Nashville,5/16/2017 8:59:00 PM,2,0,0,36.086580,-86.771970,FRANKLIN PKE,,,,0.00,,,HARDING PL,,,,0.00,Y,Four-Way,N,Intersection-Related,None,,,         ,Tien,Nguyen,Clear,"Sideswipe, Same Direction",no,no,no,no,no,False
101646403,METROPOLITAN NASHVILLE POLICE DEPT,20170434117,Davidson,Nashville,5/16/2017 8:50:00 PM,1,0,0,36.160720,-86.797000,16TH AVN,,,,124.00,Feet,South,PEARL ST,,,,0.00,N,Not at Intersection,N,Non-Junction,None,,,         ,Andy,Esqueda,Cloudy,Not Collision with Motor Vehicle in Transport,no,no,no,no,yes,False
101646405,METROPOLITAN NASHVILLE POLICE DEPT,20170434056,Davidson,Nashville,5/16/2017 5:00:00 PM,2,0,0,36.132690,-86.726750,I 24,,,,0.00,,,,,,,52.00,N,Not at Intersection, ,Non-Junction,None,,,         ,Jedidayah,Merriweather,Clear,Front to Rear,no,no,no,no,yes,False
101646408,METROPOLITAN NASHVILLE POLICE DEPT,20170433893,Davidson,Not in City Limit,5/16/2017 8:04:00 PM,2,1,0,36.044460,-86.956230,HIGHWAY 100,,,,0.00,,,OLD HARDING PKE,,,,0.00,Y,Four-Way,N,Intersection,None,,,         ,Brandon,Pedigo,Clear,Angle,no,no,no,no,no,False
101646410,METROPOLITAN NASHVILLE POLICE DEPT,20170434159,Davidson,Nashville,5/16/2017 9:29:00 PM,2,1,0,36.203210,-86.776650,I 65,,,,0.00,,,,,,,87.10,N,Not at Intersection,N,Non-Junction,None,,,         ,Amanda,Fox,Clear,"Sideswipe, Same Direction",no,no,no,no,no,False
101646411,METROPOLITAN NASHVILLE POLICE DEPT,2017-0433957,Davidson,Nashville,5/16/2017 8:27:00 PM,2,4,0,36.166340,-86.779070,3RD AVN,,,,0.00,,,DEADERICK ST,,,,0.00,Y,T-Intersection,N,Intersection,None,,,         ,Cory,West,Clear,Front to Rear,no,no,no,no,no,False
101646459,METROPOLITAN NASHVILLE POLICE DEPT,20170433794,Davidson,Antioch,5/16/2017 7:20:00 PM,2,0,0,36.046330,-86.661010,I 24,,,,0.00,,,,,,,59.30,N,Not at Intersection, ,Non-Junction,None,,,         ,Victoria,Cunningham,Clear,"Sideswipe, Same Direction",no,no,no,no,no,False
101646460,METROPOLITAN NASHVILLE POLICE DEPT,20170433890,Davidson,Nashville,5/16/2017 6:45:00 PM,2,0,0,36.109390,-86.727820,BRILEY PKWYN,,,,69.00,Feet,East,BRILEY PKWYS,,,,0.00,N,Not at Intersection, ,Non-Junction,None,,,         ,Benjamin,Froehlich,Clear,Front to Rear,no,no,no,no,no,False
101646467,METROPOLITAN NASHVILLE POLICE DEPT,20170434507,Davidson,Nashville,5/16/2017 10:30:00 PM,2,0,0,36.134030,-86.726760,I 24,,,,0.00,,,,,,,52.10,N,Not at Intersection, ,Non-Junction,None,,,         ,Brenda,Navarro,Cloudy,Angle,no,no,no,no,no,False
101646507,METROPOLITAN NASHVILLE POLICE DEPT,20170434354,Davidson,Nashville,5/16/2017 10:33:00 PM,3,1,0,36.134250,-86.775600,WEDGEWOOD AV,,,,227.00,Feet,East,I65 N ENT RAMP,,,,0.00,N,Not at Intersection,N,Non-Junction,None,,,         ,Kayla,Castro,Clear,Front to Rear,no,no,no,no,no,False
101646519,Nashville Airport Police,2017-01580,Davidson,Nashville,5/15/2017 9:40:00 PM,2,0,0,36.137010,-86.666080,TERMINAL DR,,,,0.00,,,,,,,0.00,,Not at Intersection,N,Non-Junction,None,,,         ,Chevy,Estes,Clear,"Sideswipe, Opposite Direction",no,no,no,yes,yes,False
101646533,METROPOLITAN NASHVILLE POLICE DEPT,20170434937,Davidson,Nashville,5/17/2017 2:59:00 AM,1,0,0,36.036940,-86.610980,HOBSON,PIKE,,,100.00,Feet,East,OLD HICKORY,BLVD,,,0.00,N,Not at Intersection,N,Non-Junction,None,,,         ,Kevin,Breeding,Clear,Not Collision with Motor Vehicle in Transport,no,no,no,no,no,False
101646549,METROPOLITAN NASHVILLE POLICE DEPT,20170435036,Davidson,Antioch,5/17/2017 4:12:00 AM,1,0,0,36.023050,-86.684910,BARNES RD,,,,348.00,Feet,East,STANFORD VILLAGE DR,,,,0.00,N,Not at Intersection, ,Non-Junction,None,,,         ,Erik,Dabbs,Clear,Not Collision with Motor Vehicle in Transport,no,no,no,no,no,False
101646600,METROPOLITAN NASHVILLE POLICE DEPT,20170435293,Davidson,Nashville,5/17/2017 7:00:00 AM,2,0,0,36.167870,-86.610030,I40 W ENT RAMP,,,,382.00,Feet,East,I 40,,,,0.00,N,Not at Intersection, ,Entrance/Exit Ramp Related,None,,,         ,Michael,Dance,Clear,Front to Rear,no,no,no,no,no,False
101646613,METROPOLITAN NASHVILLE POLICE DEPT,20170435253,Davidson,Nashville,5/17/2017 6:37:00 AM,2,2,0,36.147300,-86.757920,LAFAYETTE ST,,,,0.00,,,FAIRFIELD AV,,,,0.00,Y,Four-Way,N,Intersection,None,,,         ,Joseph,Zambardi,Clear,Angle,no,no,no,no,no,False
101646624,METROPOLITAN NASHVILLE POLICE DEPT,2017-0435328,Davidson,Antioch,5/17/2017 7:14:00 AM,2,0,0,36.052984,-86.617263,MURFREESBORO,PIKE,US70,,458.00,Feet,South,MT VIEW,CIR,,,0.00,N,Not at Intersection, ,Non-Junction,None,,,         ,William,Whitworth,Clear,"Sideswipe, Same Direction",no,no,no,no,no,False
101646649,THP District 3 - Nashville,317028863,Davidson,Not in City Limit,5/16/2017 9:26:00 AM,2,0,0,36.325440,-86.876120,I 24,,,,0.00,,,,,,,34.50,N,Not at Intersection, ,Non-Junction,None,,,         ,Joseph,Olivas,Clear,"Sideswipe, Same Direction",no,no,no,no,yes,False
101646676,GOODLETTSVILLE POLICE DEPT,17-17032,Davidson,Goodlettsville,5/13/2017 4:16:00 PM,2,0,0,36.309590,-86.695860,VIETNAM VETERANS BLVD SB ENT R,,,,0.00,,,CONFERENCE DR,,,,0.00,Y,T-Intersection, ,Entrance/Exit Ramp Related,None,,,         ,John,Spencer,Clear,Front to Rear,no,no,no,no,no,False
101646677,GOODLETTSVILLE POLICE DEPT,17-17537,Davidson,Goodlettsville,5/17/2017 8:10:00 AM,2,1,0,36.306120,-86.702020,VIETNAM VETERANS BLVD,,SR386,,1400.00,Feet,South,VIETNAM VETERANS BLVD,,,,0.06,N,Not at Intersection,Y,Non-Junction,None,,,         ,John,Spencer,Clear,Front to Rear,no,no,no,no,no,False