master_record_number,agency,agency_tracking_number,county,city,collision_date,vehicles_involved,number_injured,number_dead,latitude,longitude,roadway_name,roadway_suffix,roadway_number,roadway_local_id,distance_from_reference,miles-feet_indicator,direction_from_reference,intersection_road_name,intersection_road_name_suffix,intersection_road_number,intersection_local_id,mile_marker,intersection_indicator,intersect_type,interchange_related_indicator,relation_to_junction,work_zone_type,construction_maintenance_zone,construction_maintenance_zone_location,fatal_case_number,officer_first_name,officer_last_name,weather_condition(s),manner_of_crash,pedestrian,bicycle,scooter,parking,hitrun,mou
101647235,METROPOLITAN NASHVILLE POLICE DEPT,2017-0437013,Davidson,Nashville,5/17/2017 5:34:00 PM,2,0,0,36.164790,-86.784370,7TH AVN,,,,0.00,,,CHARLOTTE AV,,,,0.00,Y,Four-Way, ,Intersection,None,,,         ,Cory,West,Clear,Angle,no,no,no,no,yes,False
101647238,METROPOLITAN NASHVILLE POLICE DEPT,20170437078,Davidson,Nashville,5/17/2017 4:25:00 PM,2,0,0,36.134860,-86.727100,I 24,,,,0.00,,,,,,,52.15,N,Not at Intersection,N,Non-Junction,None,,,         ,Marcus,Darden,Clear,Front to Rear,no,no,no,no,yes,False
101647251,METROPOLITAN NASHVILLE POLICE DEPT,20170436614,Davidson,Nashville,5/17/2017 3:56:00 PM,3,2,0,36.240750,-86.767040,BRILEY PKWYE,,,,148.00,Feet,West,BRILEY PKWYW,,,,0.00,N,Not at Intersection,N,Non-Junction,None,,,         ,Samuel,Miller,Clear,Front to Rear,no,no,no,no,no,False
101647256,METROPOLITAN NASHVILLE POLICE DEPT,20170437312,Davidson,Antioch,5/17/2017 7:50:00 PM,1,0,0,36.016970,-86.623160,I 24,,,,0.00,,,,,,,62.35,N,Not at Intersection,N,Non-Junction,None,,,         ,Alyson,Cook,Clear,Not Collision with Motor Vehicle in Transport,no,no,no,no,no,False
101647258,METROPOLITAN NASHVILLE POLICE DEPT,20170437028,Davidson,Nashville,5/17/2017 4:41:00 PM,2,0,0,36.092210,-86.631160,SMITH SPRINGS RD,,,,147.00,Feet,West,OLD SMITH SPRINGS RD,,,,0.00,N,Not at Intersection,N,Non-Junction,None,,,         ,Kyle,Burks,Clear,Front to Rear,no,no,no,no,no,False
101647261,METROPOLITAN NASHVILLE POLICE DEPT,20170437059,Davidson,Nashville,5/17/2017 5:52:00 PM,2,0,0,36.103410,-86.666790,MURFREESBORO PKE,,,,112.00,Feet,West,FAIRCLOTH LN,,,,0.00,N,Not at Intersection,N,Non-Junction,None,,,         ,Tyler,Maupin,Clear,Angle,no,no,no,no,no,False
101647263,METROPOLITAN NASHVILLE POLICE DEPT,20170437199,Davidson,Nashville,5/17/2017 6:59:00 PM,2,1,0,36.176640,-86.771010,SPRING ST,,,,0.00,,,DICKERSON PKE,,,,0.00,Y,Four-Way,N,Intersection,None,,,         ,Charles,Wakefield,Clear,Angle,no,no,no,no,no,False
101647267,METROPOLITAN NASHVILLE POLICE DEPT,20170437255,Davidson,Nashville,5/17/2017 6:50:00 PM,2,0,0,36.159240,-86.792730,14TH AVN,,,,0.00,,,HYNES ST,,,,0.00,Y,T-Intersection,N,Intersection,None,,,         ,Maria,Cortez,Clear,Angle,no,no,no,no,yes,False
101647270,METROPOLITAN NASHVILLE POLICE DEPT,20170437539,Davidson,Nashville,5/17/2017 7:00:00 PM,2,0,0,36.071870,-86.636180,MURFREESBORO PKE,,,,0.00,,,BELL RD,,,,0.00,Y,Four-Way, ,,None,,,         ,Candice,Soper,,,no,no,no,no,no,False
101647298,GOODLETTSVILLE POLICE DEPT,17-17645,Davidson,Goodlettsville,5/17/2017 8:15:00 PM,2,3,0,36.318300,-86.700530,CONFERENCE DR,,,,0.00,,,NORTHCREEK BLVD,,,,0.00,Y,Four-Way,N,Intersection,None,,,         ,Wesley,Kinnaird,Clear,Angle,no,no,no,no,no,False
101647305,METROPOLITAN NASHVILLE POLICE DEPT,20170437043,Davidson,Nashville,5/17/2017 5:49:00 PM,2,0,0,36.185880,-86.798070,I65 S EXT RAMP,,,,0.00,,,I 65,,,,0.00,Y,T-Intersection,N,Entrance/Exit Ramp Related,None,,,         ,Ashton,Hill,Clear,Front to Rear,no,no,no,no,no,False
101647306,METROPOLITAN NASHVILLE POLICE DEPT,20170437528,Davidson,Nashville,5/17/2017 8:34:00 PM,2,0,0,36.156870,-86.780840,8TH AVS,,,,0.00,,,DEMONBREUN ST,,,,0.00,Y,Four-Way, ,,Construction Zone,,,         ,Derek,Betty,,,no,no,no,no,no,False
101647325,METROPOLITAN NASHVILLE POLICE DEPT,20170437606,Davidson,Nashville,5/17/2017 7:49:00 PM,3,0,0,36.063710,-86.712180,FAIRLANE DR,,,,142.00,Feet,East,PEARSON PL,,,,0.00,N,Not at Intersection,N,Non-Junction,None,,,         ,Alyson,Cook,Clear,Angle,no,no,no,yes,yes,False
101647340,METROPOLITAN NASHVILLE POLICE DEPT,20170437529,Davidson,Nashville,5/17/2017 8:45:00 PM,2,0,0,36.095530,-86.879340,HARDING PKE,,,,413.00,Feet,West,WESTMINSTER PL,,,,0.00,N,Not at Intersection,N,Non-Junction,None,,,         ,Walter,Gray II,Clear,Not Collision with Motor Vehicle in Transport,no,no,no,no,yes,False
101647341,METROPOLITAN NASHVILLE POLICE DEPT,20170436946,Davidson,Nashville,5/17/2017 5:10:00 PM,2,0,0,36.143480,-86.666670,DONELSON PKE,,,,443.00,Feet,North,I40 W ENT RAMP,,,,0.00,N,Not at Intersection,N,Non-Junction,None,,,         ,Jaby,Djabbarov,Clear,"Sideswipe, Opposite Direction",no,no,no,no,yes,False
101647342,METROPOLITAN NASHVILLE POLICE DEPT,20170437130,Davidson,Nashville,5/17/2017 6:03:00 PM,2,0,0,36.163660,-86.649610,STEWARTS FERRY PKE,,,,398.00,Feet,West,MTMHI PVTDR,,,,0.00,N,Not at Intersection, ,Non-Junction,None,,,         ,Jaby,Djabbarov,Clear,"Sideswipe, Same Direction",no,no,no,no,no,False
101647345,METROPOLITAN NASHVILLE POLICE DEPT,20170436662,Davidson,Nashville,5/17/2017 4:10:00 PM,2,0,0,36.182500,-86.748920,GALLATIN AV,,,,74.00,Feet,South,STRATTON AV,,,,0.00,N,Not at Intersection, ,Non-Junction,None,,,         ,Andrew,Anoskey,Clear,Front to Rear,no,no,no,no,no,False
101647346,METROPOLITAN NASHVILLE POLICE DEPT,20170436662,Davidson,Nashville,5/17/2017 4:10:00 PM,3,0,0,36.183180,-86.744930,N 14TH ST,,,,94.00,Feet,South,EASTLAND AV,,,,0.00,N,Not at Intersection,N,Non-Junction,None,,,         ,Andrew,Anoskey,Clear,Front to Rear,no,no,no,no,no,False
101647347,METROPOLITAN NASHVILLE POLICE DEPT,20170437036,Davidson,Nashville,5/17/2017 5:30:00 PM,2,0,0,36.179760,-86.810910,DR D B TODD JR BLVD,,,,117.00,Feet,South,BUCHANAN ST,,,,0.00,N,Not at Intersection,N,Non-Junction,None,,,         ,Andy,Esqueda,Clear,"Sideswipe, Same Direction",no,no,no,no,yes,False
101647364,METROPOLITAN NASHVILLE POLICE DEPT,20170437707,Davidson,Nashville,5/17/2017 8:40:00 PM,2,0,0,36.045280,-86.628400,ASHEFORD TRC,,,,0.00,,,MT VIEW RD,,,,0.00,Y,T-Intersection, ,Intersection-Related,None,,,         ,Andrew,Swint,Clear,Angle,no,no,no,no,no,False
101647386,METROPOLITAN NASHVILLE POLICE DEPT,20170437526,Davidson,Nashville,5/17/2017 8:40:00 PM,2,0,0,36.212090,-86.732240,HOWARD AV,,,,0.00,,,GALLATIN PKE,,,,0.00,Y,T-Intersection, ,,None,,,         ,Jonathan,Hadley,,,no,no,no,no,no,False
101647390,METROPOLITAN NASHVILLE POLICE DEPT,20170436885,Davidson,Nashville,5/17/2017 3:19:00 PM,3,0,0,36.072130,-86.732890,EDMONDSON PKE,,,,0.00,,,BLACKMAN RD,,,,0.00,Y,Four-Way, ,Intersection,None,,,         ,Nicholas,Berens,Clear,Front to Rear,no,no,no,no,no,False
101647404,METROPOLITAN NASHVILLE POLICE DEPT,20170437782,Davidson,Nashville,5/17/2017 10:06:00 PM,2,0,0,36.074630,-86.662840,UNA ANTIOCH PKE,,,,163.00,Feet,South,PEPPER RIDGE CIR,,,,0.00,N,Not at Intersection,N,Non-Junction,None,,,         ,Alyson,Cook,Clear,Angle,no,no,no,no,no,False
101647433,METROPOLITAN NASHVILLE POLICE DEPT,20170437871,Davidson,Nashville,5/17/2017 9:36:00 PM,2,0,0,36.236020,-86.783160,PARKWOOD VILLA APTS PVTDR,,,,587.00,Feet,West,RICHMOND HILL DR,,,,0.00,N,Not at Intersection,N,Non-Junction,None,,,         ,Michael,Richardson,Clear,Other,no,no,no,yes,yes,False
101647442,METROPOLITAN NASHVILLE POLICE DEPT,20170438083,Davidson,Not in City Limit,5/18/2017 12:03:00 AM,2,0,0,36.263540,-86.715380,OLD HICKORY BLVDW,,,,0.00,,,,,,,0.00,,Not at Intersection, ,,None,,,         ,Patrick,McGinnis,,,no,no,no,no,no,False
101647455,Nashville Airport Police,2017-01609,Davidson,Nashville,5/17/2017 11:30:00 PM,2,0,0,36.133410,-86.665080,TERMINAL DRIVE,,,,0.00,,,TERMINAL DRIVE,,,,0.00,Y,Y-Intersection, ,Non-Junction,None,,,         ,Chevy,Estes,Clear,"Sideswipe, Same Direction",no,no,no,no,no,False
101647459,METROPOLITAN NASHVILLE POLICE DEPT,20170437885,Davidson,Nashville,5/17/2017 10:50:00 PM,1,0,0,36.206430,-86.762740,PRINCE AV,,,,140.00,Feet,East,SULTANA AV,,,,0.00,N,Not at Intersection,N,Non-Junction,None,,,         ,Terrance,McBride,Clear,Not Collision with Motor Vehicle in Transport,no,no,no,no,yes,False
101647488,METROPOLITAN NASHVILLE POLICE DEPT,20170438366,Davidson,Nashville,5/18/2017 1:40:00 AM,2,0,0,36.166230,-86.765790,SHELBY AV,,,,0.00,,,INTERSTATE DR,,,,0.00,Y,Four-Way,N,Intersection,None,,,         ,Brian,Zullo,Clear,Angle,no,no,no,no,no,False
101647505,METROPOLITAN NASHVILLE POLICE DEPT,20170438457,Davidson,Nashville,5/18/2017 12:30:00 AM,2,0,0,36.165860,-86.769090,S 2ND ST,,,,380.00,Feet,North,VICTORY AV,,,,0.00,N,Not at Intersection, ,Non-Junction,None,,,         ,Brian,Zullo,Clear,Angle,no,no,no,yes,yes,False
101647506,METROPOLITAN NASHVILLE POLICE DEPT,2017-0438552,Davidson,Nashville,5/18/2017 2:28:00 AM,2,0,0,36.150130,-86.796340,DIVISION ST,,,,154.00,Feet,West,19TH AVS,,,,0.00,N,Not at Intersection,N,Non-Junction,None,,,         ,Matthew,Moses,Clear,Unknown,no,no,no,yes,yes,False
101647511,METROPOLITAN NASHVILLE POLICE DEPT,20170438250,Davidson,Nashville,5/18/2017 12:43:00 AM,1,1,0,36.026750,-86.662890,PRESTON RD,,,,790.00,Feet,North,PETTUS RD,,,,0.00,N,Not at Intersection,N,Non-Junction,None,,,         ,Gary,Peters,Clear,Not Collision with Motor Vehicle in Transport,no,no,no,no,no,False
101647512,METROPOLITAN NASHVILLE POLICE DEPT,20170437992,Davidson,Nashville,5/17/2017 9:20:00 PM,2,0,0,36.085830,-86.648080,MURFREESBORO PKE,,,,432.00,Feet,South,NASHBORO BLVD,,,,0.00,N,Not at Intersection, ,Non-Junction,None,,,         ,Dezmond,Hughes,Clear,Angle,no,no,no,no,no,False
101647540,METROPOLITAN NASHVILLE POLICE DEPT,20170438689,Davidson,Nashville,5/18/2017 4:09:00 AM,1,0,0,36.169050,-86.759810,S 6TH ST,,,,169.00,Feet,South,EDGEFIELD MANOR PVTDR,,,,0.00,N,Not at Intersection,N,Non-Junction,None,,,         ,Wallis,Massey,Clear,Not Collision with Motor Vehicle in Transport,no,no,no,yes,yes,False
101647574,METROPOLITAN NASHVILLE POLICE DEPT,20170438855,Davidson,Nashville,5/18/2017 5:56:00 AM,2,0,0,36.126820,-86.845000,HARDING PKE,,,,185.00,Feet,East,RIDGEFIELD WAY,,,,0.00,N,Not at Intersection, ,Non-Junction,None,,,         ,Albert,Wilson,Clear,Front to Rear,no,no,no,no,no,False
101647576,METROPOLITAN NASHVILLE POLICE DEPT,20170438893,Davidson,Goodlettsville,5/18/2017 6:15:00 AM,2,0,0,36.311000,-86.696610,CONFERENCE DR,,,,0.00,,,,,,,0.00,,, ,,None,,,         ,Patrick,McGinnis,,,no,no,no,no,no,False
101647602,METROPOLITAN NASHVILLE POLICE DEPT,20170438959,Davidson,Nashville,5/18/2017 6:58:00 AM,2,0,0,36.030180,-86.637950,I 24,,,,0.00,,,,,,,61.00,N,Not at Intersection, ,,None,,,         ,Thomas,White,,,no,no,no,no,no,False
101647603,METROPOLITAN NASHVILLE POLICE DEPT,20170438962,Davidson,Nashville,5/18/2017 7:02:00 AM,2,0,0,36.207710,-86.776330,I 65,,,,0.00,,,,,,,87.40,N,Not at Intersection, ,Non-Junction,None,,,         ,Michael,Parman,Clear,Front to Rear,no,no,no,no,no,False
101647615,METROPOLITAN NASHVILLE POLICE DEPT,20170438970,Davidson,Nashville,5/18/2017 7:00:00 AM,2,0,0,36.086560,-86.771440,HARDING PL,,,,155.00,Feet,East,FRANKLIN PKE,,,,0.00,N,Not at Intersection, ,Non-Junction,None,,,         ,Justin,Pinkelton,Clear,Front to Rear,no,no,no,no,no,False
101647617,METROPOLITAN NASHVILLE POLICE DEPT,20170439001,Davidson,Nashville,5/18/2017 7:20:00 AM,2,0,0,36.164730,-86.615000,I 40,,,,0.00,,,,,,,220.00,N,Not at Intersection, ,Non-Junction,None,,,         ,Michael,Brooks,Clear,Front to Rear,no,no,no,no,no,False
101647620,METROPOLITAN NASHVILLE POLICE DEPT,2017-0438951,Davidson,Nashville,5/18/2017 6:45:00 AM,2,0,0,36.044900,-86.663990,BELL RD,,,,620.00,Feet,North,CANE RIDGE RD,,,,0.00,N,Not at Intersection,N,Non-Junction,None,,,         ,William,Whitworth,Clear,"Sideswipe, Same Direction",no,no,no,no,no,False
101647637,METROPOLITAN NASHVILLE POLICE DEPT,20170439007,Davidson,Nashville,5/18/2017 7:25:00 AM,2,0,0,36.039870,-86.753500,OLD HICKORY BLVD,,,,163.00,Feet,East,BARRINGTON PLACE DR,,,,0.00,N,Not at Intersection, ,Non-Junction,None,,,         ,Kevin,Crawford,Clear,Front to Rear,no,no,no,no,no,False
101647640,METROPOLITAN NASHVILLE POLICE DEPT,20170438937,Davidson,Nashville,5/18/2017 6:41:00 AM,2,0,0,36.171010,-86.798490,I 40,,,,0.00,,,,,,,207.95,N,Not at Intersection, ,Non-Junction,None,,,         ,Isaac,Wood,Clear,"Sideswipe, Same Direction",no,no,no,no,yes,False
101647643,METROPOLITAN NASHVILLE POLICE DEPT,20170438961,Davidson,Nashville,5/18/2017 6:55:00 AM,2,0,0,36.186580,-86.608760,ANDREW JACKSON PKWY,,,,119.00,Feet,South,JACKSON PASS,,,,0.00,N,Not at Intersection, ,Non-Junction,None,,,         ,Gregory,Lindstrom,Clear,Front to Rear,no,no,no,no,no,False
101647666,METROPOLITAN NASHVILLE POLICE DEPT,20170439128,Davidson,Nashville,5/18/2017 7:47:00 AM,2,0,0,36.206630,-86.778030,W TRINITY LN,,,,36.00,Feet,West,BRICK CHURCH PKE,,,,0.00,N,Not at Intersection, ,Non-Junction,None,,,         ,William,Caillouette,Clear,"Sideswipe, Opposite Direction",no,no,no,no,no,False
101647668,METROPOLITAN NASHVILLE POLICE DEPT,20170439021,Davidson,Nashville,5/18/2017 7:30:00 AM,2,1,0,36.067080,-86.626350,FOREST POINTE LN,,,,51.00,Feet,West,FOREST POINTE PL,,,,0.00,N,Not at Intersection,N,Non-Junction,None,,,         ,Je-Marc,Sears,Clear,Angle,no,no,no,no,no,False
101647678,METROPOLITAN NASHVILLE POLICE DEPT,20170439192,Davidson,Nashville,5/18/2017 8:23:00 AM,2,0,0,36.039920,-86.764920,OLD HICKORY BLVD,,,,140.00,Feet,East,HEARTHSTONE MANOR LN,,,,0.00,N,Not at Intersection, ,Non-Junction,None,,,         ,Kevin,Crawford,Clear,"Sideswipe, Same Direction",no,no,no,no,no,False
101647680,METROPOLITAN NASHVILLE POLICE DEPT,20170439286,Davidson,Nashville,5/18/2017 8:56:00 AM,1,0,0,36.129020,-86.816150,I 440,,,,0.00,,,,,,,2.10,N,Not at Intersection,N,Non-Junction,None,,,         ,Nathan,Kemp,Clear,Not Collision with Motor Vehicle in Transport,no,no,no,no,no,False
101647682,METROPOLITAN NASHVILLE POLICE DEPT,20170439096,Davidson,Nashville,5/18/2017 8:00:00 AM,2,0,0,36.140570,-86.722650,I 40,,,,0.00,,,,,,,213.50,N,Not at Intersection, ,Entrance/Exit Ramp Related,None,,,         ,Michael,Brooks,Clear,"Sideswipe, Same Direction",no,no,no,no,no,False
101647684,METROPOLITAN NASHVILLE POLICE DEPT,20170439219,Davidson,Nashville,5/18/2017 8:40:00 AM,1,1,0,36.073060,-86.716030,HOPEDALE DR,,,,127.00,Feet,North,WALES DR,,,,0.00,N,Not at Intersection,N,Non-Junction,None,,,         ,Stanley,Collins,Clear,Not Collision with Motor Vehicle in Transport,no,no,no,no,no,False
101647693,METROPOLITAN NASHVILLE POLICE DEPT,20170439025,Davidson,Not in City Limit,5/18/2017 7:30:00 AM,3,1,0,36.293010,-86.810650,I 24,,,,0.00,,,,,,,39.30,N,Not at Intersection,N,Non-Junction,None,,,         ,Royce,McLester,Clear,Front to Rear,no,no,no,no,no,False
101647694,METROPOLITAN NASHVILLE POLICE DEPT,2017-0439146,Davidson,Nashville,5/18/2017 8:06:00 AM,2,0,0,36.131620,-86.726920,I24E,,,,489.00,Feet,North,I24 W ENT RAMP,,,,0.00,N,Not at Intersection, ,Non-Junction,None,,,         ,William,Whitworth,Clear,Front to Rear,no,no,no,no,no,False
101647695,METROPOLITAN NASHVILLE POLICE DEPT,20170439160,Davidson,Goodlettsville,5/18/2017 7:59:00 AM,2,0,0,36.299680,-86.712120,I 65,,,,0.00,,,,,,,95.10,N,Not at Intersection,N,Non-Junction,None,,,         ,Wesley,Young,Clear,"Sideswipe, Same Direction",no,no,no,no,yes,False
101647700,METROPOLITAN NASHVILLE POLICE DEPT,20170439237,Davidson,Nashville,5/18/2017 12:00:00 AM,2,1,0,36.149990,-86.748150,I 40,,,,0.00,,,,,,,211.70,N,Not at Intersection,N,Non-Junction,None,,,         ,FELIKS,ABRAHAMYAN,Clear,"Sideswipe, Same Direction",no,no,no,no,yes,False
101647702,METROPOLITAN NASHVILLE POLICE DEPT,20170439152,Davidson,Nashville,5/18/2017 8:08:00 AM,2,0,0,36.124570,-86.751950,NOLENSVILLE PKE,,,,170.00,Feet,South,ROSEDALE AV,,,,0.00,N,Not at Intersection,N,Non-Junction,None,,,         ,James,Thomas,Clear,Angle,no,no,no,no,yes,False
101647706,METROPOLITAN NASHVILLE POLICE DEPT,20170439276,Davidson,Nashville,5/18/2017 8:47:00 AM,2,0,0,36.141450,-86.715800,I 40,,,,0.00,,,,,,,213.90,N,Not at Intersection, ,Non-Junction,None,,,         ,Wesley,Young,Clear,Front to Rear,no,no,no,no,no,False
101647711,METROPOLITAN NASHVILLE POLICE DEPT,2017-0439150,Davidson,Nashville,5/18/2017 7:53:00 AM,2,2,0,36.118870,-86.718630,CURREY RD,,,,0.00,,,EAST THOMPSON LN,,,,0.00,Y,Four-Way,Y,Intersection,None,,,         ,Todd,Watson,Clear,Front to Rear,no,no,no,no,no,False
101647712,METROPOLITAN NASHVILLE POLICE DEPT,20170439334,Davidson,Nashville,5/18/2017 9:20:00 AM,2,0,0,36.177500,-86.824550,ED TEMPLE BLVD,,,,1260.00,Feet,South,BUCHANAN ST,,,,0.00,N,Not at Intersection, ,Non-Junction,None,,,         ,Chase,Burnett,Clear,Front to Rear,no,no,no,no,no,False
101647721,METROPOLITAN NASHVILLE POLICE DEPT,20170439297,Davidson,Nashville,5/18/2017 9:05:00 AM,2,0,0,36.125060,-86.816030,SHARONDALE DR,,,,0.00,,,WOODLAWN DR,,,,0.00,Y,Four-Way, ,Intersection,None,,,         ,Gregory,McDaniel,Clear,Angle,no,no,no,no,no,False
101647732,METROPOLITAN NASHVILLE POLICE DEPT,20170439263,Davidson,Nashville,5/18/2017 8:35:00 AM,2,0,0,36.154890,-86.779150,8TH AVS,,,,0.00,,,KOREAN VETERANS BLVD,,,,0.00,Y,Roundabout, ,Non-Junction,None,,,         ,Kevin,Johnson,Clear,Front to Rear,no,no,no,no,no,False
101647733,METROPOLITAN NASHVILLE POLICE DEPT,20170439342,Davidson,Nashville,5/18/2017 9:22:00 AM,2,0,0,36.138570,-86.857570,WHITE BRIDGE PKE,,,,264.00,Feet,North,KNOB RD,,,,0.00,N,Not at Intersection,N,Non-Junction,None,,,         ,Andrew,Maholland,Clear,"Sideswipe, Same Direction",no,no,no,no,no,False
101647737,METROPOLITAN NASHVILLE POLICE DEPT,20170439158,Davidson,Nashville,5/18/2017 9:16:00 AM,3,0,0,36.093850,-86.750040,TROUSDALE DR,,,,0.00,,,,,,,0.00,,, ,Non-Junction,None,,,         ,Darrell,Osment,Cloudy,Angle,no,no,no,no,no,False
101647741,GOODLETTSVILLE POLICE DEPT,17-17627,Davidson,Goodlettsville,5/17/2017 4:35:00 PM,2,2,0,36.326700,-86.700170,LONG HOLLOW PKE,,,,211.00,Feet,North,NORTHCREEK BLVD,,,,0.00,N,Not at Intersection,N,"Driveway, Alley Access, etc",None,,,         ,John,Spencer,Clear,Angle,no,no,no,no,no,False
101647743,METROPOLITAN NASHVILLE POLICE DEPT,20170436098,Davidson,Nashville,5/17/2017 12:35:00 PM,2,0,0,36.063400,-86.848500,HILLSBORO PKE,,,,296.00,Feet,South,KINGSBURY DR,,,,0.00,N,Not at Intersection, ,Non-Junction,None,,,         ,Paul,Junkmann,Cloudy,Other,no,no,no,no,no,False
101647750,METROPOLITAN NASHVILLE POLICE DEPT,20170439305,Davidson,Not in City Limit,5/18/2017 9:25:00 AM,2,0,0,36.263360,-86.714890,OLD HICKORY BLVDW,,,,87.00,Feet,West,DOUGLAS ST,,,,0.00,N,Not at Intersection, ,Non-Junction,None,,,         ,Marvis,Malone,Clear,Front to Rear,no,no,no,no,no,False
101647752,METROPOLITAN NASHVILLE POLICE DEPT,20170439367,Davidson,Nashville,5/18/2017 9:40:00 AM,3,0,0,36.150480,-86.770350,4TH AVS,,,,0.00,,,I40 E EXT RAMP,,,,0.00,Y,Four-Way, ,,None,,,         ,John,Gilpin,,,no,no,no,no,no,False
101647753,METROPOLITAN NASHVILLE POLICE DEPT,20170439441,Davidson,Nashville,5/18/2017 10:08:00 AM,2,0,0,36.155880,-86.789900,14TH AVN,,,,100.00,Feet,North,I40 E ENT RAMP,,,,0.00,N,Not at Intersection, ,Non-Junction,None,,,         ,Nathan,Kemp,Clear,"Sideswipe, Same Direction",no,no,no,no,no,False
101647754,METROPOLITAN NASHVILLE POLICE DEPT,20170439490,Davidson,Nashville,5/18/2017 10:15:00 AM,2,0,0,36.172840,-86.765340,JAMES ROBERTSON PKWY,,,,0.00,,,MAIN ST,,,,0.00,Y,Four-Way, ,Intersection-Related,None,,,         ,Richard,Conger,Clear,Front to Rear,no,no,no,no,no,False
101647755,METROPOLITAN NASHVILLE POLICE DEPT,2017-0436249,Davidson,Nashville,5/17/2017 1:35:00 PM,2,2,0,36.132840,-86.825530,BOWLING AV,,,,311.00,Feet,South,WHITLAND AV,,,,0.00,N,Not at Intersection,N,Non-Junction,None,,,         ,Stephen,Fouche,Clear,Front to Rear,no,no,no,no,no,False
101647757,METROPOLITAN NASHVILLE POLICE DEPT,20170439447,Davidson,Nashville,5/18/2017 9:39:00 AM,3,0,0,36.206960,-86.776420,I 65,,,,0.00,,,,,,,87.35,N,Not at Intersection,Y,Non-Junction,None,,,         ,William,Caillouette,Clear,"Sideswipe, Same Direction",no,no,no,no,no,False
101647758,METROPOLITAN NASHVILLE POLICE DEPT,20170439521,Davidson,Nashville,5/18/2017 9:08:00 AM,2,0,0,36.148250,-86.745210,I 40,,,,0.00,,,,,,,211.90,N,Not at Intersection,N,Entrance/Exit Ramp Related,None,,,         ,Michael,Brooks,Clear,"Sideswipe, Same Direction",no,no,no,no,yes,False
101647760,METROPOLITAN NASHVILLE POLICE DEPT,20170439158,Davidson,Nashville,5/18/2017 8:26:00 AM,2,0,0,36.039840,-86.781420,I65 N EXT RAMP,,,,0.00,,,I 65,,,,0.00,Y,Y-Intersection, ,Intersection,None,,,         ,Darrell,Osment,Cloudy,Front to Rear,no,no,no,no,no,False
101647761,METROPOLITAN NASHVILLE POLICE DEPT,20170439562,Davidson,Nashville,5/18/2017 10:55:00 AM,2,0,0,36.138080,-86.881810,CHARLOTTE PKE,,,,515.00,Feet,West,HILLWOOD BLVD,,,,0.00,N,Not at Intersection,N,Non-Junction,None,,,         ,Benjamin,Cantrell,Clear,Front to Rear,no,no,no,no,no,False
101647775,METROPOLITAN NASHVILLE POLICE DEPT,20170439652,Davidson,Nashville,5/18/2017 11:41:00 AM,2,1,0,36.156920,-86.798980,18TH AVN,,,,0.00,,,PATTERSON ST,,,,0.00,Y,Four-Way,N,Intersection,None,,,         ,Nathan,Kemp,Clear,Angle,no,no,no,no,no,False
101647784,METROPOLITAN NASHVILLE POLICE DEPT,20170439648,Davidson,Nashville,5/18/2017 11:37:00 AM,2,0,0,36.172970,-86.769410,I 24,,,,0.00,,,,,,,48.25,N,Not at Intersection, ,Non-Junction,None,,,         ,Richard,Conger,Clear,"Sideswipe, Same Direction",no,no,no,no,no,False
101647809,METROPOLITAN NASHVILLE POLICE DEPT,20170439684,Davidson,Nashville,5/18/2017 11:04:00 AM,2,0,0,36.165310,-86.783150,6TH AVN,,,,0.00,,,CHARLOTTE AV,,,,0.00,Y,T-Intersection, ,Intersection-Related,None,,,         ,Bryan,Birdwell,Clear,Front to Rear,no,no,no,no,no,False
101647810,METROPOLITAN NASHVILLE POLICE DEPT,20170439665,Davidson,Nashville,5/18/2017 11:47:00 AM,1,1,0,36.150990,-86.785590,I40 W EXT RAMP,,,,0.00,Feet,East,I 40,,,,0.00,N,Not at Intersection,N,Entrance/Exit Ramp Related,None,,,         ,Shawn,Taylor,Clear,Not Collision with Motor Vehicle in Transport,no,no,no,no,no,False
101647813,METROPOLITAN NASHVILLE POLICE DEPT,20170439560,Davidson,Nashville,5/18/2017 11:22:00 AM,1,0,0,36.036980,-86.645510,I 24,,,,0.00,,,,,,,60.35,N,Not at Intersection, ,,None,,,         ,Jessie,Meadows,,,no,no,no,no,no,False
101647837,METROPOLITAN NASHVILLE POLICE DEPT,20170439548,Davidson,Nashville,5/18/2017 10:51:00 AM,2,0,0,36.167880,-86.783210,5TH AVN,,,,0.00,,,GAY ST,,,,0.00,Y,OTHER, ,OtherLocation,Construction Zone,,,         ,Frank,Campbell,Clear,"Sideswipe, Same Direction",no,no,no,no,no,False
101647845,METROPOLITAN NASHVILLE POLICE DEPT,20170439759,Davidson,Nashville,5/18/2017 12:24:00 PM,2,0,0,36.193590,-86.806120,ROSA L PARKS BLVD,,,,271.00,Feet,East,GREAT CIRCLE RD,,,,0.00,N,Not at Intersection, ,Non-Junction,None,,,         ,Katelin,Ehrhardt,Clear,"Sideswipe, Same Direction",no,no,no,no,no,False
101647923,METROPOLITAN NASHVILLE POLICE DEPT,20170439846,Davidson,Nashville,5/18/2017 12:10:00 PM,2,0,0,36.235320,-86.712560,BRILEY PKWYW,,,,604.00,Feet,West,BRILEY PKWYE,,,,0.00,N,Not at Intersection, ,,None,,,         ,Larry,Benz,,,no,no,no,no,no,False
101647927,METROPOLITAN NASHVILLE POLICE DEPT,2017-0436110,Davidson,Nashville,5/17/2017 12:47:00 PM,2,0,0,36.146840,-86.808630,WEST END AV,,,,0.00,,,25TH AVN,,,,0.00,Y,Four-Way, ,,None,,,         ,Allen,Bates,,,no,no,no,no,no,Campus