master_record_number,agency,agency_tracking_number,county,city,collision_date,vehicles_involved,number_injured,number_dead,latitude,longitude,roadway_name,roadway_suffix,roadway_number,roadway_local_id,distance_from_reference,miles-feet_indicator,direction_from_reference,intersection_road_name,intersection_road_name_suffix,intersection_road_number,intersection_local_id,mile_marker,intersection_indicator,intersect_type,interchange_related_indicator,relation_to_junction,work_zone_type,construction_maintenance_zone,construction_maintenance_zone_location,fatal_case_number,officer_first_name,officer_last_name,weather_condition(s),manner_of_crash,pedestrian,bicycle,scooter,parking,hitrun,mou
101648504,METROPOLITAN NASHVILLE POLICE DEPT,20170441681,Davidson,Nashville,5/18/2017 11:25:00 PM,2,0,0,36.158810,-86.798160,CHARLOTTE AV,,,,0.00,Feet,,17TH AVN,,,,0.00,Y,Four-Way, ,Intersection,None,,,         ,James,Murphy,Clear,"Sideswipe, Opposite Direction",no,no,no,no,no,False
101648525,METROPOLITAN NASHVILLE POLICE DEPT,20170441615,Davidson,Nashville,5/18/2017 11:35:00 PM,2,0,0,36.044770,-86.661530,CANE RIDGE RD,,,,0.00,Feet,,BELL RD,,,,0.00,Y,Four-Way,N,Intersection-Related,None,,,         ,Sandra,Fly,Clear,Front to Rear,no,no,no,no,no,False
101648546,METROPOLITAN NASHVILLE POLICE DEPT,20170442324,Davidson,Nashville,5/19/2017 4:20:00 AM,1,0,0,36.171010,-86.803930,I40 W ENT RAMP,,,,0.00,Feet,East,I 40,,,,0.00,N,Not at Intersection, ,Entrance/Exit Ramp Related,None,,,         ,Nicholas,Carter,Clear,Not Collision with Motor Vehicle in Transport,no,no,no,no,yes,False
101648552,METROPOLITAN NASHVILLE POLICE DEPT,20170442351,Davidson,Not in City Limit,5/19/2017 1:50:00 AM,3,0,0,36.084490,-86.933810,HICKS RD PVTDR,,,,0.00,,,HICKS RD,,,,0.00,Y,T-Intersection,N,Intersection,None,,,         ,Jackson,Smythe,Clear,Front to Rear,no,no,no,yes,yes,False
101648558,METROPOLITAN NASHVILLE POLICE DEPT,20170442458,Davidson,Old Hickory,5/19/2017 5:45:00 AM,2,0,0,36.257910,-86.656850,MARTINGALE DR,,,,0.00,,,ROBINSON RD,,,,0.00,Y,Four-Way,N,Intersection,None,,,         ,Emily,Mulready,Clear,Front to Rear,no,no,no,no,yes,False
101648563,METROPOLITAN NASHVILLE POLICE DEPT,20170442476,Davidson,Nashville,5/19/2017 5:58:00 AM,2,0,0,36.150490,-86.801230,21ST AVS,,,,0.00,,,WEST END AV,,,,0.00,Y,Four-Way,N,Intersection,None,,,         ,Eric,Westbrook,Clear,Angle,no,no,no,no,no,Campus
101648567,METROPOLITAN NASHVILLE POLICE DEPT,20170442438,Davidson,Nashville,5/19/2017 5:41:00 AM,2,2,0,36.155060,-86.627240,STEWARTS FERRY PKE,,,,41.00,Feet,West,I40 E ENT RAMP,,,,0.00,N,Not at Intersection,Y,Entrance/Exit Ramp Related,None,,,         ,Bridget,Griepentrog,Cloudy,Angle,no,no,no,no,no,False
101648587,METROPOLITAN NASHVILLE POLICE DEPT,20170442524,Davidson,Nashville,5/19/2017 6:28:00 AM,2,0,0,36.156070,-86.767390,HERMITAGE AV,,,,127.00,Feet,West,MIDDLETON ST,,,,0.00,N,Not at Intersection, ,Non-Junction,None,,,         ,Seth,Quiles,Cloudy,Front to Rear,no,no,no,no,no,False
101648594,METROPOLITAN NASHVILLE POLICE DEPT,20170442521,Davidson,Not in City Limit,5/19/2017 5:55:00 AM,1,0,0,36.005250,-86.703700,BLUFF RD,,,,1200.00,Feet,West,NOLENSVILLE PKE,,,,0.00,N,Not at Intersection, ,Non-Junction,None,,,         ,Joseph,Patricio,Clear,Not Collision with Motor Vehicle in Transport,no,no,no,no,no,False
101648602,METROPOLITAN NASHVILLE POLICE DEPT,20170442599,Davidson,Nashville,5/19/2017 7:05:00 AM,2,0,0,36.100750,-86.764400,I 65,,,,0.00,,,,,,,79.10,N,Not at Intersection, ,Non-Junction,None,,,         ,Ian,Hammond,Cloudy,Angle,no,no,no,no,yes,False
101648604,METROPOLITAN NASHVILLE POLICE DEPT,20170442546,Davidson,Nashville,5/19/2017 6:55:00 AM,2,0,0,36.040800,-86.779570,OLD HICKORY BLVD,,,,68.00,Feet,West,STONE BROOK DR,,,,0.00,N,Not at Intersection,N,Non-Junction,None,,,         ,Ronald,Raynore,Cloudy,Angle,no,no,no,no,no,False
101648605,METROPOLITAN NASHVILLE POLICE DEPT,20170442644,Davidson,Nashville,5/19/2017 7:29:00 AM,2,0,0,36.040900,-86.746080,OLD HICKORY BLVD,,,,636.00,Feet,North,BRENTWOOD MEADOWS CIR,,,,0.00,N,Not at Intersection, ,Non-Junction,None,,,         ,Joseph,Patricio,Clear,Front to Rear,no,no,no,no,no,False
101648613,GOODLETTSVILLE POLICE DEPT,17-17851,Davidson,Goodlettsville,5/19/2017 6:30:00 AM,2,0,0,36.327868,-86.708806,120 CARTWRIGHT,ST,,,1000.00,Feet,North,CARTWRIGHT,ST,,,0.00,N,Not at Intersection, ,Non-Junction,None,,,         ,Jeremy,Baker,Cloudy,"Sideswipe, Same Direction",no,no,no,yes,yes,False
101648616,METROPOLITAN NASHVILLE POLICE DEPT,20170442712,Davidson,Nashville,5/19/2017 7:59:00 AM,2,1,0,36.088740,-86.649790,MURFREESBORO PKE,,,,136.00,Feet,South,RANSOM PL,,,,0.00,N,Not at Intersection,N,Non-Junction,None,,,         ,Steven,Rowlett,Cloudy,Front to Rear,no,no,no,no,no,False
101648617,METROPOLITAN NASHVILLE POLICE DEPT,20170442592,Davidson,Not in City Limit,5/19/2017 6:54:00 AM,2,0,0,36.296920,-86.888180,BEAR HOLLOW RD,,,,0.00,,,BERNARD RD,,,,0.00,Y,Four-Way,Y,Intersection-Related,None,,,         ,Royce,McLester,Cloudy,Angle,no,no,no,no,no,False
101648618,METROPOLITAN NASHVILLE POLICE DEPT,2017-0442520,Davidson,Nashville,5/19/2017 6:44:00 AM,2,0,0,36.153660,-86.794670,WEST END AV,,,,90.00,Feet,West,17TH AVN,,,,0.00,N,Not at Intersection, ,Non-Junction,None,,,         ,Jonathan,Seidl,Clear,Front to Rear,no,no,no,no,no,False
101648627,METROPOLITAN NASHVILLE POLICE DEPT,20170442635,Davidson,Nashville,5/19/2017 6:58:00 AM,2,0,0,36.100940,-86.818730,HILLSBORO PKE,,,,0.00,Feet,,OVERHILL DR,,,,0.00,Y,Four-Way, ,Intersection,None,,,         ,Charles,Griffin,Cloudy,Front to Rear,no,no,no,no,yes,False
101648636,METROPOLITAN NASHVILLE POLICE DEPT,20170442598,Davidson,Nashville,5/19/2017 7:19:00 AM,2,0,0,36.084970,-86.647740,MURFREESBORO PKE,,,,504.00,Feet,North,BROOKSBORO PL,,,,0.00,N,Not at Intersection,N,Non-Junction,None,,,         ,MIchael,Mihajlov,Clear,Angle,no,no,no,no,no,False
101648654,METROPOLITAN NASHVILLE POLICE DEPT,20170442564,Davidson,Antioch,5/19/2017 7:00:00 AM,2,1,0,36.031340,-86.616910,OLD HICKORY,BLVD,SR171,,0.20,Miles,West,OLD HICKORY,BLVD,SR171,,0.00,N,Not at Intersection,N,Non-Junction,None,,,         ,Joseph,Smith,Cloudy,Angle,no,no,no,yes,no,False
101648655,METROPOLITAN NASHVILLE POLICE DEPT,20170442824,Davidson,Nashville,5/19/2017 8:58:00 AM,2,0,0,36.071060,-86.723280,NOLENSVILLE PKE,,,,155.00,Feet,South,BASS AV,,,,0.00,N,Not at Intersection,Y,"Driveway, Alley Access, etc",None,,,         ,Joseph,Patricio,Clear,Angle,no,no,no,no,no,False
101648657,METROPOLITAN NASHVILLE POLICE DEPT,20170442639,Davidson,Nashville,5/19/2017 7:41:00 AM,2,0,0,36.143490,-86.814440,WEST END AV,,,,0.00,,,30TH AVS,,,,0.00,Y,T-Intersection,N,Intersection,None,,,         ,Phillip,Murphy,Clear,Angle,no,no,no,no,no,Campus
101648666,METROPOLITAN NASHVILLE POLICE DEPT,2017442555,Davidson,Nashville,5/19/2017 7:03:00 AM,3,0,0,36.083110,-86.763870,I 65,,,,0.00,,,,,,,77.90,N,Not at Intersection,N,Non-Junction,None,,,         ,Erik,Wagner,Cloudy,Not Collision with Motor Vehicle in Transport,no,no,no,no,no,False
101648684,METROPOLITAN NASHVILLE POLICE DEPT,20170442902,Davidson,Nashville,5/19/2017 9:39:00 AM,2,0,0,36.149580,-86.747800,I 40,,,,0.00,,,,,,,211.75,N,Not at Intersection, ,Non-Junction,None,,,         ,Michael,Dance,Clear,Front to Rear,no,no,no,no,no,False
101648693,METROPOLITAN NASHVILLE POLICE DEPT,20170442562,Davidson,Nashville,5/19/2017 7:05:00 AM,2,0,0,36.154630,-86.779160,8TH AVS,,,,0.00,Feet,,LAFAYETTE ST,,,,0.00,Y,Roundabout, ,Intersection,None,,,         ,Shawn,Taylor,Cloudy,Angle,no,no,no,no,no,False
101648697,METROPOLITAN NASHVILLE POLICE DEPT,20170442711,Davidson,Nashville,5/19/2017 8:09:00 AM,2,2,0,36.178740,-86.773520,I 24,,,,0.00,,,,,,,47.80,N,Not at Intersection,N,Entrance/Exit Ramp Related,None,,,         ,Jared,Eaves,Clear,"Sideswipe, Same Direction",no,no,no,no,no,False
101648713,METROPOLITAN NASHVILLE POLICE DEPT,20170442826,Davidson,Nashville,5/19/2017 8:58:00 AM,1,1,0,36.165140,-86.730800,DAVIDSON STREET BIKE CNCTR,,,,774.00,Feet,East,SEVIER ST,,,,0.00,N,Not at Intersection,N,Non-Junction,None,,,         ,Russell,Jones,Cloudy,Not Collision with Motor Vehicle in Transport,no,no,no,no,no,False
101648719,METROPOLITAN NASHVILLE POLICE DEPT,20170442756,Davidson,Nashville,5/19/2017 8:10:00 AM,2,0,0,36.080960,-86.757000,HARDING PL,,,,402.00,Feet,East,TROUSDALE DR,,,,0.00,N,Not at Intersection,N,Non-Junction,None,,,         ,David,Barras,Clear,Front to Rear,no,no,no,no,no,False
101648733,METROPOLITAN NASHVILLE POLICE DEPT,2017-0442791,Davidson,Nashville,5/19/2017 8:45:00 AM,2,2,0,36.043680,-86.692860,BELL RD,,,,158.00,Feet,East,BROOK VIEW ESTATES DR,,,,0.00,N,Not at Intersection,N,Non-Junction,None,,,         ,William,Whitworth,Clear,Front to Rear,no,no,no,no,no,False
101648734,METROPOLITAN NASHVILLE POLICE DEPT,2017-0443020,Davidson,Nashville,5/19/2017 10:11:00 AM,2,0,0,36.025200,-86.632430,I 24,,,,0.00,,,,,,,61.60,N,Not at Intersection,Y,Entrance/Exit Ramp Related,None,,,         ,William,Whitworth,Cloudy,"Sideswipe, Same Direction",no,no,no,no,yes,False
101648736,METROPOLITAN NASHVILLE POLICE DEPT,20170442871,Davidson,Nashville,5/19/2017 8:45:00 AM,2,0,0,36.154080,-86.838250,I 40,,,,0.00,,,BRILEY PKWY N ENT RAMP,,,,0.00,Y,OTHER, ,Non-Junction,None,,,         ,Michael,Pyle,Cloudy,"Sideswipe, Same Direction",no,no,no,no,no,False
101648740,METROPOLITAN NASHVILLE POLICE DEPT,20170442943,Davidson,Nashville,5/19/2017 9:01:00 AM,2,0,0,36.185780,-86.797780,I65 S EXT RAMP,,,,0.00,,,ROSA L PARKS BLVD,,,,0.00,Y,Y-Intersection, ,Entrance/Exit Ramp Related,None,,,         ,Alex,Marchak,Clear,Front to Rear,no,no,no,no,no,False
101648757,METROPOLITAN NASHVILLE POLICE DEPT,20170443107,Davidson,Nashville,5/19/2017 10:32:00 AM,2,0,0,36.102180,-86.870250,HARDING PL,,,,0.00,Feet,South,HARDING PKE,,,,0.00,N,Not at Intersection, ,Non-Junction,None,,,         ,Paul,Junkmann,Cloudy,Front to Rear,no,no,no,no,no,False
101648779,METROPOLITAN NASHVILLE POLICE DEPT,20170443103,Davidson,Nashville,5/19/2017 10:26:00 AM,2,0,0,36.154290,-86.765360,ACADEMY PL,,,,112.00,Feet,North,LINDSLEY AV,,,,0.00,N,Not at Intersection, ,Non-Junction,None,,,         ,Seth,Quiles,Clear,Front to Rear,no,no,no,no,no,False
101648785,METROPOLITAN NASHVILLE POLICE DEPT,20170443140,Davidson,Not in City Limit,5/19/2017 12:30:00 AM,2,0,0,36.105910,-86.943430,CHARLOTTE PKE,,,,1417.00,Feet,West,FORREST VALLEY DR,,,,0.00,N,Not at Intersection, ,Non-Junction,None,,,         ,Michael,Phelps,Clear,"Sideswipe, Same Direction",no,no,no,yes,yes,False
101648795,METROPOLITAN NASHVILLE POLICE DEPT,20170443078,Davidson,Nashville,5/19/2017 10:50:00 AM,4,0,0,36.143380,-86.686870,I 40,,,,0.00,,,,,,,215.45,N,Not at Intersection, ,Non-Junction,None,,,         ,Michael,Dance,Clear,Front to Rear,no,no,no,no,no,False
101648810,METROPOLITAN NASHVILLE POLICE DEPT,20170443054,Davidson,Nashville,5/19/2017 12:00:00 AM,1,0,0,36.156520,-86.865610,ROBERTSON AV,,,,75.00,Feet,East,STEVENSON ST,,,,0.00,N,Not at Intersection,N,Non-Junction,None,,,         ,Gregory,McDaniel,Cloudy,Not Collision with Motor Vehicle in Transport,no,no,no,no,yes,False
101648818,METROPOLITAN NASHVILLE POLICE DEPT,20170442630,Davidson,Nashville,5/19/2017 7:32:00 AM,2,0,0,36.182350,-86.799130,I65 N EXT RAMP,,,,0.00,Feet,East,I 65,,,,0.00,N,Not at Intersection, ,,None,,,         ,James,Jarvis,,,no,no,no,no,no,False
101648819,BERRY HILL POLICE DEPT,17-1643,Davidson,Berry Hill,5/19/2017 8:10:00 AM,2,0,0,36.120090,-86.775010,FRANKLIN PKE,,,,0.00,,,GALE LN,,,,0.00,Y,OTHER, ,OtherLocation,None,,,         ,Larry,Carter,Cloudy,Rear to Rear,no,no,no,yes,no,False
101648820,Nashville Airport Police,2017-01568,Davidson,Nashville,5/15/2017 8:34:00 AM,2,0,0,36.135440,-86.667780,TERMINAL DR,,,,287.00,Feet,South,I40 E EXT RAMP,,,,0.00,N,Not at Intersection, ,Non-Junction,None,,,         ,Steve,Matheny,Clear,Rear to Side,no,no,no,yes,no,False
101648828,METROPOLITAN NASHVILLE POLICE DEPT,20170443256,Davidson,Nashville,5/19/2017 12:15:00 PM,2,1,0,36.146660,-86.742760,I 40,,,,0.00,,,,,,,212.10,N,Not at Intersection,N,Non-Junction,None,,,         ,Michael,Dance,Clear,"Sideswipe, Same Direction",no,no,no,no,no,False
101648834,METROPOLITAN NASHVILLE POLICE DEPT,20170435342,Davidson,Nashville,5/17/2017 7:23:00 AM,2,0,0,36.084380,-86.689860,ANTIOCH PKE,,,,220.00,Feet,North,JANSING DR,,,,0.00,N,Not at Intersection, ,Non-Junction,None,,,         ,Carey,Steel,Clear,"Sideswipe, Same Direction",no,no,no,no,no,False
101648835,METROPOLITAN NASHVILLE POLICE DEPT,2017-0443162,Davidson,Nashville,5/19/2017 11:35:00 AM,2,1,0,36.100450,-86.672280,CITATION DR,,,,0.00,,,EZELL PKE,,,,0.00,Y,Four-Way,N,Intersection,None,,,         ,William,Whitworth,Clear,Angle,no,no,no,no,no,False
101648840,METROPOLITAN NASHVILLE POLICE DEPT,2017442983,Davidson,Nashville,5/19/2017 10:13:00 AM,2,3,0,36.037610,-86.785120,OLD HICKORY BLVD,,,,0.00,,,I65 S ENT RAMP,,,,0.00,Y,OTHER,Y,Entrance/Exit Ramp Related,None,,,         ,Erik,Wagner,Clear,Angle,no,no,no,no,no,False
101648847,METROPOLITAN NASHVILLE POLICE DEPT,20170443360,Davidson,Nashville,5/19/2017 12:45:00 PM,2,0,0,36.142560,-86.776770,I 65,,,,0.00,,,,,,,82.00,N,Not at Intersection, ,Non-Junction,None,,,         ,Justin,Pinkelton,Cloudy,Front to Rear,no,no,no,no,no,False
101648900,METROPOLITAN NASHVILLE POLICE DEPT,20170443247,Davidson,Nashville,5/19/2017 11:20:00 AM,2,0,0,36.139370,-86.880190,CHARLOTTE PKE,,,,154.00,Feet,East,HILLWOOD BLVD,,,,0.00,N,Not at Intersection, ,Non-Junction,None,,,         ,Christopher,Royer,Clear,Angle,no,no,no,no,no,False
101648913,METROPOLITAN NASHVILLE POLICE DEPT,20170442885,Davidson,Nashville,5/19/2017 9:25:00 AM,4,2,0,36.050580,-86.667790,I 24,,,,0.00,,,,,,,58.80,N,Not at Intersection,N,Non-Junction,None,,,         ,Blake,Lutz,Clear,Angle,no,no,no,no,yes,False
101648918,METROPOLITAN NASHVILLE POLICE DEPT,20170443276,Davidson,Nashville,5/19/2017 12:20:00 PM,4,0,0,36.124840,-86.847840,HARDING PKE,,,,81.00,Feet,West,WHITE BRIDGE PKE,,,,0.00,N,Not at Intersection,N,Non-Junction,None,,,         ,Paul,Junkmann,Cloudy,Front to Rear,no,no,no,no,yes,False
101648941,METROPOLITAN NASHVILLE POLICE DEPT,20170443215,Davidson,Nashville,5/19/2017 11:57:00 AM,2,2,0,36.174810,-86.771300,I 24,,,,0.00,,,,,,,48.10,N,Not at Intersection,N,Non-Junction,None,,,         ,William,Vincion,Clear,Front to Rear,no,no,no,no,no,False
101648960,METROPOLITAN NASHVILLE POLICE DEPT,20170443408,Davidson,Nashville,5/19/2017 1:19:00 PM,3,2,0,36.040580,-86.770970,OLD HICKORY BLVD,,,,32.00,Feet,East,SEVEN SPRINGS WAY PVTDR,,,,0.00,N,Not at Intersection,N,Non-Junction,None,,,         ,Joseph,Patricio,Clear,Front to Rear,no,no,no,no,no,False
101648965,METROPOLITAN NASHVILLE POLICE DEPT,20170439391,Davidson,Nashville,5/18/2017 9:48:00 AM,2,0,0,36.153920,-86.787760,DEMONBREUN ST,,,,0.00,,,I40 W EXT RAMP,,,,0.00,Y,Four-Way,N,Non-Junction,None,,,         ,William,Vincion,Clear,"Sideswipe, Same Direction",no,no,no,no,no,False
101648968,METROPOLITAN NASHVILLE POLICE DEPT,20170443283,Davidson,Nashville,5/19/2017 12:20:00 PM,2,0,0,36.062280,-86.625730,MURFREESBORO PKE,,,,1226.00,Feet,South,HAMILTON CHURCH RD,,,,0.00,N,Not at Intersection,N,Non-Junction,None,,,         ,Jason,Dudley,Clear,Not Collision with Motor Vehicle in Transport,no,no,no,no,yes,False
101648981,METROPOLITAN NASHVILLE POLICE DEPT,20170443494,Davidson,Nashville,5/19/2017 2:11:00 PM,1,0,0,36.225670,-86.695450,BRILEY PKWYS,,,,547.00,Feet,North,MUSIC CITY CIR,,,,0.00,N,Not at Intersection,N,Non-Junction,None,,,         ,Michael,Dance,Clear,Not Collision with Motor Vehicle in Transport,no,no,no,no,no,False
101648989,METROPOLITAN NASHVILLE POLICE DEPT,2017-0434502,Davidson,Nashville,5/16/2017 11:35:00 PM,2,1,0,36.113050,-86.800030,WOODMONT BLVD,,,,0.00,,,BELMONT BLVD,,,,0.00,Y,Four-Way,N,Non-Junction,None,,,         ,Frank,Walker,Clear,Angle,no,no,no,no,no,False
101648990,GOODLETTSVILLE POLICE DEPT,17-17899,Davidson,Goodlettsville,5/19/2017 1:55:00 PM,2,0,0,36.324190,-86.704030,LONG HOLLOW PKE,,,,0.00,,,I65 N ENT RAMP,,,,0.00,Y,Four-Way, ,Intersection-Related,None,,,         ,Jeremy,Baker,Clear,Front to Rear,no,no,no,no,no,False
101649018,METROPOLITAN NASHVILLE POLICE DEPT,20170443503,Davidson,Nashville,5/19/2017 1:55:00 PM,2,0,0,36.087070,-86.691930,ANTIOCH PKE,,,,150.00,Feet,South,HARDING PL,,,,0.00,N,Not at Intersection,N,Non-Junction,None,,,         ,Caleb,Jernigan,Clear,Angle,no,no,no,no,no,False
101649021,METROPOLITAN NASHVILLE POLICE DEPT,20170441490,Davidson,Nashville,5/18/2017 9:53:00 PM,2,0,0,36.106210,-86.673060,MURFREESBORO PKE,,,,0.00,,,DONELSON PKE,,,,0.00,Y,Four-Way,N,Intersection,None,,,         ,Christopher,Augustin,Cloudy,Front to Rear,no,no,no,no,no,False
101649047,METROPOLITAN NASHVILLE POLICE DEPT,20170443529,Davidson,Nashville,5/19/2017 2:25:00 PM,2,0,0,36.173090,-86.601220,CENTRAL PKE,,,,99.00,Feet,West,BURNING TREE DR,,,,0.00,N,Not at Intersection, ,Non-Junction,None,,,         ,Wesley,Young,Clear,Angle,no,no,no,no,no,False
101649061,METROPOLITAN NASHVILLE POLICE DEPT,20170443575,Davidson,Nashville,5/19/2017 3:00:00 PM,2,0,0,36.149070,-86.774130,I 40,,,,0.00,,,,,,,210.15,N,Not at Intersection, ,Non-Junction,None,,,         ,David,Collins,Clear,Front to Rear,no,no,no,no,no,False
101649062,METROPOLITAN NASHVILLE POLICE DEPT,20170443541,Davidson,Nashville,5/19/2017 2:36:00 PM,2,1,0,36.076250,-86.727520,EDMONDSON PKE,,,,654.00,Feet,West,PROVIDENCE HTS,,,,0.00,N,Not at Intersection,N,Non-Junction,None,,,         ,Tien,Nguyen,Clear,Angle,no,no,no,no,no,False
101649066,METROPOLITAN NASHVILLE POLICE DEPT,20170443547,Davidson,Nashville,5/19/2017 2:42:00 PM,1,0,0,36.152540,-86.781480,PINE ST,,,,180.00,Feet,North,GLEAVES ST,,,,0.00,N,Not at Intersection, ,,None,,,         ,Derek,Betty,,,no,no,no,no,no,False
101649070,METROPOLITAN NASHVILLE POLICE DEPT,20170443469,Davidson,Nashville,5/19/2017 1:56:00 PM,2,1,0,36.040990,-86.774840,OLD HICKORY BLVD,,,,408.00,Feet,East,BRENTWOOD COMMONS WAY,,,,0.00,N,Not at Intersection,N,Non-Junction,None,,,         ,Darrell,Osment,Cloudy,Front to Rear,no,no,no,no,no,False
101649073,METROPOLITAN NASHVILLE POLICE DEPT,20170443633,Davidson,Nashville,5/19/2017 3:10:00 PM,1,0,0,36.140630,-86.732000,I 40,,,,0.00,,,,,,,213.00,N,Not at Intersection, ,Non-Junction,None,,,         ,Tyler,Maupin,Clear,Not Collision with Motor Vehicle in Transport,no,no,no,no,no,False
101649078,METROPOLITAN NASHVILLE POLICE DEPT,20170443584,Davidson,Antioch,5/19/2017 2:51:00 PM,2,0,0,36.040950,-86.618420,SHADOWBROOK TRL,,,,354.00,Feet,East,SHADOWBROOK CT,,,,0.00,N,Not at Intersection,N,Non-Junction,None,,,         ,Alyson,Cook,Clear,"Sideswipe, Same Direction",no,no,no,yes,no,False
101649101,METROPOLITAN NASHVILLE POLICE DEPT,20170443542,Davidson,Nashville,5/19/2017 2:18:00 PM,2,0,0,36.074430,-86.745970,BLACKMAN RD,,,,0.00,,,DANBY DR,,,,0.00,Y,Four-Way,N,Intersection-Related,None,,,         ,Tien,Nguyen,Clear,Front to Rear,no,no,no,no,yes,False
101649135,METROPOLITAN NASHVILLE POLICE DEPT,20170443722,Davidson,Nashville,5/19/2017 3:53:00 PM,2,0,0,36.124020,-86.811980,I440 E EXT RAMP,,,,0.00,,,I 440,,,,0.00,Y,Y-Intersection, ,Non-Junction,None,,,         ,Jacob,West,Clear,Front to Rear,no,no,no,no,no,False
101649140,METROPOLITAN NASHVILLE POLICE DEPT,20170443688,Davidson,Nashville,5/19/2017 3:41:00 PM,2,0,0,36.158620,-86.782750,BROADWAY,,,,0.00,,,9TH AVN,,,,0.00,Y,T-Intersection,N,Intersection,None,,,         ,Derek,Betty,Clear,Angle,no,no,no,no,no,False
101649157,METROPOLITAN NASHVILLE POLICE DEPT,20170443527,Davidson,Nashville,5/19/2017 1:32:00 PM,2,1,0,36.146010,-86.870840,CHARLOTTE PKE,,,,50.00,Feet,West,WESTBORO DR,,,,0.00,N,Not at Intersection,N,Non-Junction,None,,,         ,Walter,Gray II,Clear,Front to Rear,no,no,no,no,no,False
101649158,METROPOLITAN NASHVILLE POLICE DEPT,20170443823,Davidson,Nashville,5/19/2017 4:10:00 PM,2,0,0,36.169470,-86.806620,DR D B TODD JR BLVD,,,,0.00,,,JEFFERSON ST,,,,0.00,Y,Four-Way, ,Intersection-Related,None,,,         ,Frederick,Ware,Clear,Front to Rear,no,no,no,no,yes,False
101649164,METROPOLITAN NASHVILLE POLICE DEPT,2017-0443545,Davidson,Nashville,5/19/2017 1:44:00 PM,2,0,0,36.040000,-86.743310,OLD HICKORY BLVD,,,,50.00,Feet,East,EDMONDSON PKE,,,,0.00,N,Not at Intersection, ,Non-Junction,None,,,         ,William,King,Clear,Front to Rear,no,no,no,no,no,False
101649174,METROPOLITAN NASHVILLE POLICE DEPT,20170442913,Davidson,Nashville,5/19/2017 10:46:00 AM,2,0,0,36.037380,-86.645940,I 24,,,,0.00,,,,,,,60.30,N,Not at Intersection,N,Non-Junction,None,,,         ,Jessie,Meadows,Clear,Front to Rear,no,no,no,no,no,False
101649175,METROPOLITAN NASHVILLE POLICE DEPT,20170443108,Davidson,Nashville,5/19/2017 11:59:00 AM,2,0,0,36.069500,-86.640860,RICE RD,,,,421.00,Feet,West,RURAL HILL RD,,,,0.00,N,Not at Intersection,N,Non-Junction,None,,,         ,Jessie,Meadows,Clear,"Sideswipe, Same Direction",no,no,no,no,yes,False
101649176,METROPOLITAN NASHVILLE POLICE DEPT,20170443281,Davidson,Nashville,5/19/2017 11:59:00 AM,2,0,0,36.070290,-86.641440,RICE RD,,,,749.00,Feet,North,RURAL HILL RD,,,,0.00,N,Not at Intersection,N,Non-Junction,None,,,         ,Jessie,Meadows,Clear,"Sideswipe, Opposite Direction",no,no,no,yes,yes,False
101649177,METROPOLITAN NASHVILLE POLICE DEPT,20170443298,Davidson,Nashville,5/19/2017 12:30:00 PM,2,2,0,36.063560,-86.637680,RICE RD,,,,120.00,Feet,North,BELL RD,,,,0.00,N,Not at Intersection,N,Non-Junction,None,,,         ,Jessie,Meadows,Clear,Angle,no,no,no,no,no,False
101649195,METROPOLITAN NASHVILLE POLICE DEPT,20170443771,Davidson,Nashville,5/19/2017 4:09:00 PM,2,1,0,36.158630,-86.878360,ROBERTSON AV,,,,0.00,,,ANNEX AV,,,,0.00,Y,Four-Way,N,Intersection,None,,,         ,Walter,Gray II,Clear,Angle,no,no,no,no,no,False
101649199,METROPOLITAN NASHVILLE POLICE DEPT,20170443788,Davidson,Not in City Limit,5/19/2017 3:55:00 PM,2,0,0,36.326060,-86.880880,I 24,,,,0.00,,,,,,,34.30,N,Not at Intersection, ,Non-Junction,None,,,         ,Roy,Sain Jr.,Clear,Front to Rear,no,no,no,no,no,False
101649213,METROPOLITAN NASHVILLE POLICE DEPT,20170443902,Davidson,Nashville,5/19/2017 4:48:00 PM,2,0,0,36.175820,-86.770050,I24 W EXT RAMP,,,,0.00,,,I 24,,,,0.00,Y,OTHER, ,Entrance/Exit Ramp Related,None,,,         ,Phillip,Box,Clear,Front to Rear,no,no,no,no,yes,False
101649215,METROPOLITAN NASHVILLE POLICE DEPT,20170443957,Davidson,Nashville,5/19/2017 5:00:00 PM,2,0,0,36.204860,-86.637520,JACKSONIAN DR,,,,0.00,,,BONNALAKE DR,,,,0.00,Y,T-Intersection,N,Intersection,None,,,         ,Dontaveous,Eubanks,Clear,Angle,no,no,no,no,no,False
101649218,METROPOLITAN NASHVILLE POLICE DEPT,20170443836,Davidson,Nashville,5/19/2017 4:31:00 PM,1,1,0,36.071790,-86.675230,ARTELIA DR,,,,0.00,,,DOWDY DR,,,,0.00,Y,T-Intersection,N,Intersection,None,,,         ,Alyson,Cook,Clear,Not Collision with Motor Vehicle in Transport,no,yes,no,no,no,False
101649223,METROPOLITAN NASHVILLE POLICE DEPT,20170443649,Davidson,Nashville,5/19/2017 4:10:00 PM,2,0,0,36.086550,-86.691540,ANTIOCH PKE,,,,375.00,Feet,South,HARDING PL,,,,0.00,N,Not at Intersection,N,Non-Junction,None,,,         ,Jessie,Meadows,Clear,Angle,no,no,no,no,no,False