master_record_number,agency,agency_tracking_number,county,city,collision_date,vehicles_involved,number_injured,number_dead,latitude,longitude,roadway_name,roadway_suffix,roadway_number,roadway_local_id,distance_from_reference,miles-feet_indicator,direction_from_reference,intersection_road_name,intersection_road_name_suffix,intersection_road_number,intersection_local_id,mile_marker,intersection_indicator,intersect_type,interchange_related_indicator,relation_to_junction,work_zone_type,construction_maintenance_zone,construction_maintenance_zone_location,fatal_case_number,officer_first_name,officer_last_name,weather_condition(s),manner_of_crash,pedestrian,bicycle,scooter,parking,hitrun,mou
101655021,METROPOLITAN NASHVILLE POLICE DEPT,20170463650,Davidson,Nashville,5/26/2017 4:51:00 AM,1,1,0,36.136060,-86.727280,I24 E EXT RAMP,,,,0.00,Feet,East,I 24,,,,0.00,N,Not at Intersection,N,Non-Junction,None,,,         ,Dale,Dameron,Clear,Not Collision with Motor Vehicle in Transport,no,no,no,no,no,False
101655041,METROPOLITAN NASHVILLE POLICE DEPT,20170463713,Davidson,Nashville,5/26/2017 5:40:00 AM,1,0,0,36.167020,-86.858140,CENTENNIAL BLVD,,,,324.00,Feet,East,61ST AVN,,,,0.00,N,Not at Intersection,N,Non-Junction,None,,,         ,Jean,McCormack,Clear,Not Collision with Motor Vehicle in Transport,no,no,no,no,yes,False
101655055,METROPOLITAN NASHVILLE POLICE DEPT,20170463750,Davidson,Nashville,5/26/2017 12:00:00 AM,3,0,0,36.167230,-86.759700,S 6TH ST,,,,0.00,,,SYLVAN ST,,,,0.00,Y,OTHER,N,Intersection-Related,None,,,         ,Eric,Hall,Clear,Front to Rear,no,no,no,no,yes,False
101655063,METROPOLITAN NASHVILLE POLICE DEPT,20170463774,Davidson,Nashville,5/26/2017 6:18:00 AM,2,0,0,36.192530,-86.829390,CLARKSVILLE PKE,,,,123.00,Feet,West,CLIFF DR,,,,0.00,N,Not at Intersection, ,Non-Junction,None,,,         ,Christopher,Lawson,Clear,Rear to Rear,no,no,no,yes,no,False
101655088,METROPOLITAN NASHVILLE POLICE DEPT,20170463797,Davidson,Nashville,5/26/2017 6:47:00 AM,2,0,0,36.143980,-86.799860,21ST AVS,,,,0.00,,,EDGEHILL AV,,,,0.00,Y,T-Intersection,N,Non-Junction,None,,,         ,Nathan,Smith,Clear,"Sideswipe, Same Direction",no,no,no,no,yes,Campus
101655094,METROPOLITAN NASHVILLE POLICE DEPT,20170463807,Davidson,Nashville,5/26/2017 6:56:00 AM,2,0,0,36.040280,-86.768370,OLD HICKORY BLVD,,,,0.00,,,SEVEN SPRINGS WAY,,,,0.00,Y,Four-Way, ,Intersection-Related,None,,,         ,Kevin,Crawford,Clear,Front to Rear,no,no,no,no,no,False
101655100,METROPOLITAN NASHVILLE POLICE DEPT,20170463804,Davidson,Nashville,5/26/2017 6:50:00 AM,2,1,0,36.157110,-86.803610,20TH AVN,,,,0.00,,,CHARLOTTE AV,,,,0.00,Y,T-Intersection,N,Intersection,None,,,         ,Brian,Murphy,Clear,Front to Rear,no,no,no,no,yes,False
101655111,METROPOLITAN NASHVILLE POLICE DEPT,20170463817,Davidson,Not in City Limit,5/26/2017 7:00:00 AM,2,1,0,36.327960,-86.893200,I 24,,,,0.00,,,,,,,33.60,N,Not at Intersection,N,Non-Junction,None,,,         ,James,Wray,Clear,Front to Rear,no,no,no,no,no,False
101655125,METROPOLITAN NASHVILLE POLICE DEPT,20170463940,Davidson,Nashville,5/26/2017 8:00:00 AM,2,0,0,36.191120,-86.797200,VANTAGE WAY,,,,0.00,,,FRENCH LANDING DR,,,,0.00,Y,Four-Way, ,Non-Junction,None,,,         ,Garren,Hoskins,Cloudy,Front to Rear,no,no,no,no,no,False
101655143,THP District 9 - Administrative,317030782,Davidson,Nashville,5/25/2017 12:40:00 PM,2,0,0,36.133260,-86.738610,TPS COMPLEX PVTDR,,,,0.00,Feet,East,FOSTER AV,,,,0.00,N,Not at Intersection, ,Non-Junction,None,,,         ,William,Matsunaga,Clear,Rear to Side,no,no,no,no,no,False
101655145,METROPOLITAN NASHVILLE POLICE DEPT,2017-0464040,Davidson,Not in City Limit,5/26/2017 8:40:00 AM,1,0,0,36.091360,-86.559850,HOBSON PKE,,,,2280.00,Feet,South,WALKER RD,,,,0.00,N,Not at Intersection, ,Non-Junction,None,,,         ,William,Whitworth,Clear,Not Collision with Motor Vehicle in Transport,no,no,no,no,no,False
101655147,METROPOLITAN NASHVILLE POLICE DEPT,20170463852,Davidson,Nashville,5/26/2017 7:17:00 AM,3,1,0,36.141630,-86.714740,I 40,,,,0.00,,,,,,,213.95,N,Not at Intersection,N,Non-Junction,None,,,         ,Michael,Dance,Clear,Front to Rear,no,no,no,no,no,False
101655148,METROPOLITAN NASHVILLE POLICE DEPT,20170464100,Davidson,Not in City Limit,5/26/2017 9:15:00 AM,2,0,0,36.073680,-86.926310,HICKS RD,,,,83.00,Feet,South,HIGHWAY 70S,,,,0.00,N,Not at Intersection, ,,None,,,         ,Curtis,Rich,,,no,no,no,no,no,False
101655153,METROPOLITAN NASHVILLE POLICE DEPT,20170463577,Davidson,Nashville,5/26/2017 3:53:00 AM,1,1,0,36.200300,-86.824980,BUENA VISTA PKE,,,,443.00,Feet,East,EAST LN,,,,0.00,N,Not at Intersection,N,Non-Junction,None,,,         ,Charles,Duke,Clear,Not Collision with Motor Vehicle in Transport,no,no,no,no,yes,False
101655157,METROPOLITAN NASHVILLE POLICE DEPT,20170443429,Davidson,Nashville,5/19/2017 1:32:00 PM,2,3,0,36.183690,-86.813750,MCDANIEL ST,,,,0.00,,,CLARKSVILLE PKE,,,,0.00,Y,Y-Intersection,Y,Intersection,None,,,         ,Cedric,connolly,Clear,Angle,no,no,no,no,no,False
101655172,METROPOLITAN NASHVILLE POLICE DEPT,20170464189,Davidson,Nashville,5/26/2017 9:45:00 AM,2,0,0,36.087430,-86.692210,ANTIOCH PKE,,,,0.00,,,HARDING PL,,,,0.00,Y,Four-Way,N,Intersection,None,,,         ,David,Smith,Cloudy,Front to Rear,no,no,no,no,yes,False
101655177,METROPOLITAN NASHVILLE POLICE DEPT,20170463919,Davidson,Nashville,5/26/2017 7:45:00 AM,2,0,0,36.141070,-86.661310,I 40,,,,0.00,,,,,,,218.00,N,Not at Intersection, ,Non-Junction,None,,,         ,Russell,Ward,Clear,Front to Rear,no,no,no,no,no,False
101655199,METROPOLITAN NASHVILLE POLICE DEPT,20170463824,Davidson,Nashville,5/26/2017 7:05:00 AM,1,1,0,36.190950,-86.745220,GALLATIN AV,,,,60.00,Feet,North,GREENWOOD AV,,,,0.00,N,Not at Intersection,N,Non-Junction,None,,,         ,Richard,Conger,Clear,Not Collision with Motor Vehicle in Transport,no,no,no,no,no,False
101655222,METROPOLITAN NASHVILLE POLICE DEPT,20170464218,Davidson,Madison,5/26/2017 9:55:00 AM,2,0,0,36.253050,-86.716920,GALLATIN PKES,,,,69.00,Feet,South,MADISON SQ,,,,0.00,N,Not at Intersection, ,Non-Junction,None,,,         ,Brian,Otto,Cloudy,Angle,no,no,no,no,no,False
101655223,METROPOLITAN NASHVILLE POLICE DEPT,20170464292,Davidson,Nashville,5/26/2017 12:00:00 AM,1,0,0,36.239360,-86.628100,LAKESHORE DR,,,,601.00,Feet,East,OLD HICKORY BLVD,,,,0.00,N,Not at Intersection,N,Non-Junction,None,,,         ,Wesley,Young,Clear,Not Collision with Motor Vehicle in Transport,no,no,no,no,yes,False
101655240,METROPOLITAN NASHVILLE POLICE DEPT,20170464271,Davidson,Nashville,5/26/2017 10:12:00 AM,2,0,0,36.142610,-86.743800,MURFREESBORO PKE,,,,311.00,Feet,West,POLK AV,,,,0.00,N,Not at Intersection,N,"Driveway, Alley Access, etc",None,,,         ,Michael,Dance,Clear,Angle,no,no,no,no,no,False
101655284,METROPOLITAN NASHVILLE POLICE DEPT,20170464431,Davidson,Nashville,5/26/2017 11:25:00 AM,2,0,0,36.250980,-86.718900,MOVING CENTER CT,,,,152.00,Feet,West,GALLATIN PKES,,,,0.00,N,Not at Intersection, ,,None,,,         ,Brian,Otto,,,no,no,no,no,no,False
101655285,METROPOLITAN NASHVILLE POLICE DEPT,20170464436,Davidson,Nashville,5/26/2017 11:30:00 AM,1,0,0,36.135890,-86.726730,I 24,,,,0.00,,,,,,,52.20,N,Not at Intersection,N,Non-Junction,None,,,         ,Robert,Erickson,Clear,Not Collision with Motor Vehicle in Transport,no,no,no,no,no,False
101655296,METROPOLITAN NASHVILLE POLICE DEPT,2017-0464338,Davidson,Nashville,5/26/2017 10:42:00 AM,2,4,0,36.042310,-86.726520,WOODLANDS AV,,,,0.00,,,OLD HICKORY BLVD,,,,0.00,Y,Four-Way,N,Intersection,None,,,         ,Timothy,Edwards,Clear,Angle,no,no,no,no,no,False
101655302,METROPOLITAN NASHVILLE POLICE DEPT,20170463890,Davidson,Nashville,5/26/2017 5:30:00 AM,1,0,0,36.204760,-86.752220,E TRINITY LN,,,,110.00,Feet,East,OAKWOOD AV,,,,0.00,N,Not at Intersection, ,Non-Junction,None,,,         ,Carey,Steel,Cloudy,Not Collision with Motor Vehicle in Transport,no,no,no,no,no,False
101655322,METROPOLITAN NASHVILLE POLICE DEPT,20170464461,Davidson,Nashville,5/26/2017 11:44:00 AM,2,3,0,36.076560,-86.920640,OLD HICKORY BLVD,,,,92.00,Feet,South,BELLE FOREST CIR,,,,0.00,N,Not at Intersection,N,Non-Junction,None,,,         ,Curtis,Rich,Clear,Angle,no,no,no,no,no,False
101655343,METROPOLITAN NASHVILLE POLICE DEPT,20170464391,Davidson,Nashville,5/26/2017 11:00:00 AM,2,0,0,36.148900,-86.864340,CHARLOTTE PKE,,,,249.00,Feet,East,LELLYETT ST,,,,0.00,N,Not at Intersection,N,Non-Junction,None,,,         ,Curtis,Rich,Cloudy,Front to Rear,no,no,no,no,no,False
101655373,METROPOLITAN NASHVILLE POLICE DEPT,20170464468,Davidson,Nashville,5/26/2017 11:45:00 AM,2,0,0,36.157110,-86.774670,KOREAN VETERANS BLVD,,,,0.00,,,4TH AVS,,,,0.00,Y,Four-Way, ,,None,,,         ,Charles,Coe,,,no,no,no,no,no,False
101655382,METROPOLITAN NASHVILLE POLICE DEPT,20170464542,Davidson,Nashville,5/26/2017 12:22:00 PM,2,0,0,36.205800,-86.767540,E TRINITY LN,,,,100.00,Feet,West,LUTON ST,,,,0.00,N,Not at Intersection, ,Non-Junction,None,,,         ,Richard,Conger,Clear,"Sideswipe, Same Direction",no,no,no,no,no,False
101655383,METROPOLITAN NASHVILLE POLICE DEPT,20170646463,Davidson,Goodlettsville,5/26/2017 11:45:00 AM,3,0,0,36.296910,-86.699160,GALLATIN PKEN,,,,0.00,Feet,,RIVERGATE PKWY,,,,0.00,Y,Four-Way,N,Intersection-Related,None,,,         ,Brandon,Wood,Clear,Front to Rear,no,no,no,no,no,False
101655391,THP District 9 - Administrative,317030794,Davidson,Nashville,5/25/2017 2:34:00 PM,3,0,0,36.158020,-86.790270,I40 W EXT RAMP,,,,0.00,,,GEORGE L DAVIS BLVD,,,,0.00,Y,Y-Intersection, ,Entrance/Exit Ramp Related,None,,,         ,Wayne,Jackson,Clear,"Sideswipe, Same Direction",no,no,no,no,no,False
101655399,METROPOLITAN NASHVILLE POLICE DEPT,20170464556,Davidson,Nashville,5/26/2017 10:48:00 AM,2,0,0,36.146410,-86.705110,ELM HILL PKE,,,,353.00,Feet,East,AIR LANE DR,,,,0.00,N,Not at Intersection, ,Non-Junction,None,,,         ,Ralph,Harvey,Clear,"Sideswipe, Same Direction",no,no,no,no,no,False
101655401,METROPOLITAN NASHVILLE POLICE DEPT,20170464449,Davidson,Nashville,5/26/2017 11:36:00 AM,2,1,0,36.040410,-86.650230,I 24,,,,0.00,,,,,,,60.00,N,Not at Intersection,N,Non-Junction,None,,,         ,Randall,Combs,Clear,Front to Rear,no,no,no,no,no,False
101655425,METROPOLITAN NASHVILLE POLICE DEPT,20170464608,Davidson,Nashville,5/26/2017 12:48:00 PM,2,0,0,36.124970,-86.752870,ROSEDALE AV,,,,56.00,Feet,East,GRANDVIEW AV,,,,0.00,N,Not at Intersection, ,Non-Junction,None,,,         ,Justin,Pinkelton,Clear,Front to Rear,no,no,no,no,no,False
101655439,METROPOLITAN NASHVILLE POLICE DEPT,20170463816,Davidson,Nashville,5/26/2017 7:01:00 AM,2,1,0,36.145230,-86.707730,ELM HILL PKE,,,,117.00,Feet,East,METCOM CENTER PVTDR,,,,0.00,N,Not at Intersection,N,Non-Junction,None,,,         ,James,Curtis,Clear,HeadOn,no,no,no,no,no,False
101655461,METROPOLITAN NASHVILLE POLICE DEPT,20170464571,Davidson,Nashville,5/26/2017 12:38:00 PM,2,0,0,36.155010,-86.627110,STEWARTS FERRY PKE,,,,0.00,,,I40 E EXT RAMP,,,,0.00,Y,Four-Way,N,Intersection,None,,,         ,Wesley,Young,Clear,Angle,no,no,no,no,no,False
101655471,METROPOLITAN NASHVILLE POLICE DEPT,20170464637,Davidson,Nashville,5/26/2017 1:00:00 PM,2,0,0,36.154310,-86.777790,7TH AVS,,,,0.00,,,PEABODY ST,,,,0.00,Y,OTHER, ,OtherLocation,None,,,         ,Charles,Coe,Clear,Rear to Rear,no,no,no,yes,no,False
101655485,METROPOLITAN NASHVILLE POLICE DEPT,20170464611,Davidson,Nashville,5/26/2017 12:00:00 PM,2,0,0,36.132360,-86.894200,CHARLOTTE PKE,,,,255.00,Feet,West,I40 E ENT RAMP,,,,0.00,N,Not at Intersection, ,Non-Junction,None,,,         ,Wesley,Tilley,Clear,Front to Rear,no,no,no,no,no,False
101655488,METROPOLITAN NASHVILLE POLICE DEPT,20170464643,Davidson,Not in City Limit,5/26/2017 12:55:00 PM,2,3,0,36.077080,-87.023160,I 40,,,,0.00,,,,,,,192.40,N,Not at Intersection,N,Non-Junction,None,,,         ,Curtis,Rich,Clear,Front to Rear,no,no,no,no,yes,False
101655509,METROPOLITAN NASHVILLE POLICE DEPT,20170464624,Davidson,Nashville,5/26/2017 1:00:00 PM,2,1,0,36.110060,-86.735800,THOMPSON LN,,,,35.00,Feet,East,DOBBS AV,,,,0.00,N,Not at Intersection,N,Non-Junction,None,,,         ,James,Thomas,Clear,"Sideswipe, Same Direction",no,no,no,no,no,False
101655512,METROPOLITAN NASHVILLE POLICE DEPT,20170464626,Davidson,Nashville,5/26/2017 12:53:00 PM,2,0,0,36.132130,-86.726750,I 24,,,,0.00,,,,,,,52.00,N,Not at Intersection, ,Non-Junction,None,,,         ,MIchael,Mihajlov,Clear,"Sideswipe, Same Direction",no,no,no,no,no,False
101655528,METROPOLITAN NASHVILLE POLICE DEPT,2017-0464502,Davidson,Nashville,5/26/2017 11:44:00 AM,2,0,0,36.136090,-86.725500,MURFREESBORO PKE,,,,53.00,Feet,West,MURFREESBORO PKE EXT RAMP,,,,0.00,N,Not at Intersection, ,Non-Junction,Construction Zone,,,         ,William,Whitworth,Clear,"Sideswipe, Same Direction",no,no,no,no,no,False
101655535,Nashville Airport Police,2017-01710,Davidson,Nashville,5/25/2017 6:55:00 PM,2,0,0,36.132660,-86.665680,TERMINAL DR,,,,0.00,,,,,,,0.00,,Not at Intersection, ,Non-Junction,None,,,         ,Jeremy,Riel,Clear,"Sideswipe, Same Direction",no,no,no,yes,no,False
101655536,METROPOLITAN NASHVILLE POLICE DEPT,20170464734,Davidson,Nashville,5/26/2017 1:29:00 PM,2,1,0,36.166920,-86.820520,28TH AVN,,,,116.00,Feet,North,JEFFERSON ST,,,,0.00,N,Not at Intersection,N,Non-Junction,None,,,         ,James,Jarvis,Clear,"Sideswipe, Same Direction",no,no,no,no,no,False
101655537,METROPOLITAN NASHVILLE POLICE DEPT,20170464491,Davidson,Nashville,5/26/2017 11:50:00 AM,3,2,0,36.080050,-86.902470,HIGHWAY 70S,,,,160.00,Feet,East,BROOKMONT TER,,,,0.00,N,Not at Intersection,N,Non-Junction,None,,,         ,Michael,Brickman,Clear,Front to Rear,no,no,no,no,no,False
101655539,METROPOLITAN NASHVILLE POLICE DEPT,20170464707,Davidson,Nashville,5/26/2017 1:54:00 PM,2,1,0,36.134250,-86.775600,WEDGEWOOD AV,,,,227.00,Feet,East,I65 N ENT RAMP,,,,0.00,N,Not at Intersection,N,Non-Junction,None,,,         ,Ronald,Raynore,Clear,Angle,no,no,no,no,yes,False
101655541,METROPOLITAN NASHVILLE POLICE DEPT,20170464675,Davidson,Nashville,5/26/2017 1:27:00 PM,2,1,0,36.188070,-86.797830,DOMINICAN DR,,,,198.00,Feet,East,ROSA L PARKS BLVD,,,,0.00,N,Not at Intersection,N,Non-Junction,None,,,         ,James,Curtis,Clear,Angle,no,no,no,no,no,False
101655544,METROPOLITAN NASHVILLE POLICE DEPT,20170464750,Davidson,Nashville,5/26/2017 2:13:00 PM,2,0,0,36.174850,-86.760130,MAIN ST,,,,250.00,Feet,East,N 7TH ST,,,,0.00,N,Not at Intersection, ,Non-Junction,None,,,         ,Richard,Conger,Clear,Front to Rear,no,no,no,no,no,False
101655556,METROPOLITAN NASHVILLE POLICE DEPT,20170464682,Davidson,Nashville,5/26/2017 1:33:00 PM,1,0,0,36.112840,-86.922820,OLD HICKORY BLVD,,,,139.00,Feet,North,I40 W EXT RAMP,,,,0.00,N,Not at Intersection,Y,Non-Junction,None,,,         ,Christopher,Royer,Clear,Not Collision with Motor Vehicle in Transport,no,no,no,no,no,False
101655623,METROPOLITAN NASHVILLE POLICE DEPT,20170464820,Davidson,Nashville,5/26/2017 2:10:00 PM,2,1,0,36.115760,-86.781580,I 440,,,,0.00,,,,,,,4.45,N,Not at Intersection,N,Non-Junction,None,,,         ,Jonathan,Frith,Clear,Front to Rear,no,no,no,no,no,False
101655675,METROPOLITAN NASHVILLE POLICE DEPT,20170464744,Davidson,Nashville,5/26/2017 2:10:00 PM,2,0,0,36.235570,-86.775060,MOOREWOOD DR,,,,0.00,,,WILMOTH RD,,,,0.00,Y,T-Intersection,N,Non-Junction,None,,,         ,Brittani,Campbell,Clear,Angle,no,no,no,no,no,False
101655678,METROPOLITAN NASHVILLE POLICE DEPT,20170464847,Davidson,Not in City Limit,5/26/2017 3:14:00 PM,1,1,0,36.133590,-86.926950,RIVER RD,,,,271.00,Feet,East,RIVER ROAD PKE,,,,0.00,N,Not at Intersection,N,Non-Junction,None,,,         ,Brandon,Pedigo,Clear,Not Collision with Motor Vehicle in Transport,no,no,no,no,no,False
101655690,METROPOLITAN NASHVILLE POLICE DEPT,20170464926,Davidson,Nashville,5/26/2017 3:45:00 PM,2,0,0,36.186890,-86.775300,I 24,,,,0.00,,,,,,,47.10,N,Not at Intersection, ,Non-Junction,None,,,         ,Charles,Wakefield,Clear,Front to Rear,no,no,no,no,no,False
101655711,METROPOLITAN NASHVILLE POLICE DEPT,20170464924,Davidson,Nashville,5/26/2017 3:40:00 PM,2,0,0,36.122850,-86.750970,I 440,,,,0.00,,,,,,,6.30,N,Not at Intersection,N,Non-Junction,None,,,         ,Eric,Keller,Clear,Front to Rear,no,no,no,no,no,False
101655717,METROPOLITAN NASHVILLE POLICE DEPT,20170464903,Davidson,Nashville,5/26/2017 1:22:00 PM,3,0,0,36.128000,-86.851960,POST PL,,,,0.00,Feet,,WHITE BRIDGE PKE,,,,0.00,Y,Four-Way, ,Non-Junction,None,,,         ,Barrett,Teague,Clear,Front to Rear,no,no,no,no,no,False
101655718,METROPOLITAN NASHVILLE POLICE DEPT,20170464910,Davidson,Nashville,5/26/2017 3:30:00 PM,2,0,0,36.149470,-86.860760,CHARLOTTE PKE,,,,254.00,Feet,West,OCEOLA AV,,,,0.00,N,Not at Intersection,N,Non-Junction,None,,,         ,Jacob,West,Clear,Angle,no,no,no,no,no,False
101655739,METROPOLITAN NASHVILLE POLICE DEPT,20170464908,Davidson,Nashville,5/26/2017 3:40:00 PM,2,2,0,36.232350,-86.758780,DICKERSON PKE,,,,290.00,Feet,South,MAPLEWOOD TRC,,,,0.00,N,Not at Intersection,N,Non-Junction,None,,,         ,Amanda,Fox,Clear,Angle,no,no,no,no,no,False
101655742,METROPOLITAN NASHVILLE POLICE DEPT,20170464991,Davidson,Nashville,5/26/2017 4:12:00 PM,2,0,0,36.154480,-86.779430,8TH AVS,,,,0.00,,,LAFAYETTE ST,,,,0.00,Y,Roundabout, ,Intersection,None,,,         ,Chad,Wilkinson,Clear,Angle,no,no,no,no,no,False
101655766,THP District 3 - Nashville,317030137,Davidson,Not in City Limit,5/22/2017 12:00:00 AM,1,1,0,36.221560,-86.969910,ASHLAND CITY HWY,,,,2384.00,Feet,East,BULL RUN RD,,,,0.00,N,Not at Intersection,N,Non-Junction,None,,,         ,Vincent,Meaker,Clear,Not Collision with Motor Vehicle in Transport,no,no,no,no,yes,False
101655767,METROPOLITAN NASHVILLE POLICE DEPT,20170464851,Davidson,Nashville,5/26/2017 3:08:00 PM,2,0,0,36.151830,-86.798390,WEST END AV,,,,0.00,,,LYLE AV,,,,0.00,Y,T-Intersection,N,Intersection,None,,,         ,Eric,Burford,Clear,Angle,no,no,no,no,no,False
101655768,METROPOLITAN NASHVILLE POLICE DEPT,20170465004,Davidson,Nashville,5/26/2017 4:29:00 PM,2,0,0,36.142150,-86.815160,31ST AVS,,,,189.00,Feet,South,WEST END AV,,,,0.00,N,Not at Intersection, ,Non-Junction,None,,,         ,Eric,Burford,Clear,Front to Rear,no,no,no,no,no,Campus
101655773,METROPOLITAN NASHVILLE POLICE DEPT,20170465094,Davidson,Nashville,5/26/2017 4:57:00 PM,2,0,0,36.115910,-86.796950,I 440,,,,0.00,,,,,,,3.60,N,Not at Intersection, ,Non-Junction,None,,,         ,Ralph,Smith IV,Clear,Front to Rear,no,no,no,no,no,False
101655791,METROPOLITAN NASHVILLE POLICE DEPT,20170465094,Davidson,Nashville,5/26/2017 4:57:00 PM,2,1,0,36.082100,-86.761700,HARDING PL,,,,0.00,,,SIDCO DR,,,,0.00,Y,Four-Way,N,Non-Junction,None,,,         ,Ralph,Smith IV,Clear,Front to Rear,no,no,no,no,no,False
101655796,METROPOLITAN NASHVILLE POLICE DEPT,20170465036,Davidson,Madison,5/26/2017 12:00:00 AM,2,0,0,36.263320,-86.714500,OLD HICKORY BLVDW,,,,29.00,Feet,East,DOUGLAS ST,,,,0.00,N,Not at Intersection, ,Non-Junction,Construction Zone,,,         ,Harold,Willmore IV,Clear,Front to Rear,no,no,no,no,yes,False
101655797,METROPOLITAN NASHVILLE POLICE DEPT,20170465058,Davidson,Nashville,5/26/2017 4:50:00 PM,1,0,0,36.226940,-86.746390,ELLINGTON PKWYN,,,,228.00,Feet,South,ELLINGTON PKWYS,,,,0.00,N,Not at Intersection, ,,None,,,         ,Phillip,Box,,,no,no,no,no,no,False
101655802,METROPOLITAN NASHVILLE POLICE DEPT,20170465186,Davidson,Nashville,5/26/2017 5:09:00 PM,2,0,0,36.131780,-86.726900,I24E,,,,544.00,Feet,North,I24 W ENT RAMP,,,,0.00,N,Not at Intersection, ,Non-Junction,None,,,         ,Andrew,Mullen,Clear,Front to Rear,no,no,no,no,no,False
101655803,METROPOLITAN NASHVILLE POLICE DEPT,20170465158,Davidson,Nashville,5/26/2017 5:28:00 PM,1,1,0,36.025470,-86.713050,NOLENSVILLE PKE,,,,0.00,,,LENOX VILLAGE DR,,,,0.00,Y,OTHER,N,Non-Junction,None,,,         ,Eric,Keller,Clear,Not Collision with Motor Vehicle in Transport,yes,no,no,yes,no,False
101655804,METROPOLITAN NASHVILLE POLICE DEPT,20170464792,Davidson,Nashville,5/26/2017 1:52:00 PM,1,1,0,36.153570,-86.788410,14TH AVS,,,,0.00,,,DEMONBREUN ST,,,,0.00,Y,Four-Way,N,Intersection,None,,,         ,David,Collins,Clear,Not Collision with Motor Vehicle in Transport,no,yes,no,no,no,False
101655805,METROPOLITAN NASHVILLE POLICE DEPT,20170465177,Davidson,Nashville,5/26/2017 5:30:00 PM,2,0,0,36.182380,-86.843830,DOLAN RD,,,,190.00,Feet,East,SNELL BLVD,,,,0.00,N,Not at Intersection, ,Non-Junction,None,,,         ,Andy,Esqueda,Clear,Front to Rear,no,no,no,no,no,False
101655806,METROPOLITAN NASHVILLE POLICE DEPT,20170465151,Davidson,Nashville,5/26/2017 5:15:00 PM,2,0,0,36.147460,-86.744290,I 40,,,,0.00,,,,,,,212.00,N,Not at Intersection, ,,None,,,         ,Jonathan,Cavezza,,,no,no,no,no,no,False
101655807,METROPOLITAN NASHVILLE POLICE DEPT,20170465095,Davidson,Nashville,5/26/2017 5:05:00 PM,1,0,0,36.226620,-86.746280,ELLINGTON PKWYN,,,,351.00,Feet,South,ELLINGTON PKWYS,,,,0.00,N,Not at Intersection, ,,None,,,         ,Phillip,Box,,,no,no,no,no,no,False
101655808,METROPOLITAN NASHVILLE POLICE DEPT,20170464849,Davidson,Nashville,5/26/2017 1:20:00 PM,2,0,0,36.143380,-86.666660,DONELSON PKE,,,,429.00,Feet,North,I40 W EXT RAMP,,,,0.00,N,Not at Intersection, ,Non-Junction,None,,,         ,Brent,Hedgcoth,Clear,Angle,no,no,no,no,no,False
101655809,METROPOLITAN NASHVILLE POLICE DEPT,20170464882,Davidson,Nashville,5/26/2017 3:15:00 PM,2,0,0,36.142980,-86.666640,DONELSON PKE,,,,818.00,Feet,South,SHACKLETT DR,,,,0.00,N,Not at Intersection, ,Non-Junction,None,,,         ,Brent,Hedgcoth,Clear,Angle,no,no,no,no,no,False
101655810,METROPOLITAN NASHVILLE POLICE DEPT,20170465168,Davidson,Nashville,5/26/2017 5:35:00 PM,2,0,0,36.087060,-86.648190,NASHBORO BLVD,,,,153.00,Feet,East,MURFREESBORO PKE,,,,0.00,N,Not at Intersection,N,Non-Junction,None,,,         ,Kimberly,Annson,Clear,"Sideswipe, Same Direction",no,no,no,no,yes,False
101655811,METROPOLITAN NASHVILLE POLICE DEPT,20170465138,Davidson,Nashville,5/26/2017 5:23:00 PM,2,1,0,36.172760,-86.601940,OLD HICKORY BLVD,,,,38.00,Feet,North,PRINCETON PL,,,,0.00,N,Not at Intersection,N,Non-Junction,None,,,         ,Noah,Melton,Clear,HeadOn,no,no,no,no,no,False
101655812,BERRY HILL POLICE DEPT,17-1729,Davidson,Berry Hill,5/26/2017 5:15:00 PM,2,0,0,36.112180,-86.765500,THOMPSON LN,,,,341.00,Feet,South,BRANSFORD AV,,,,0.00,N,Not at Intersection, ,,None,,,         ,Stephen,Reece,,,no,no,no,yes,no,False
101655826,METROPOLITAN NASHVILLE POLICE DEPT,20170465155,Davidson,Goodlettsville,5/26/2017 5:10:00 PM,2,0,0,36.293600,-86.702030,GALLATIN PKEN,,,,190.00,Feet,North,ALTA LOMA RD,,,,0.00,N,Not at Intersection,N,Non-Junction,None,,,         ,Joel,Callies,Clear,Angle,no,no,no,no,no,False
101655833,METROPOLITAN NASHVILLE POLICE DEPT,20170465190,Davidson,Nashville,5/26/2017 5:46:00 PM,2,1,0,36.135070,-86.697940,BRILEY PKWYN,,,,412.00,Feet,South,BRILEY PKWYS,,,,0.00,N,Not at Intersection,N,Non-Junction,None,,,         ,Patrick,Taylor,Clear,Front to Rear,no,no,no,no,no,False
101655834,METROPOLITAN NASHVILLE POLICE DEPT,20170464897,Davidson,Antioch,5/26/2017 3:38:00 PM,3,1,0,36.068150,-86.596380,MT VIEW RIDGE DR,,,,0.00,Feet,,MT VIEW RD,,,,0.00,Y,Four-Way,N,Intersection,None,,,         ,Alyson,Cook,Clear,Angle,no,no,no,no,no,False
101655838,METROPOLITAN NASHVILLE POLICE DEPT,20170465132,Davidson,Nashville,5/26/2017 5:12:00 PM,2,0,0,36.207270,-86.795850,FREE SILVER RD,,,,95.00,Feet,North,W TRINITY LN,,,,0.00,N,Not at Intersection, ,Non-Junction,None,,,         ,Roy,Sain Jr.,Clear,Front to Rear,no,no,no,no,no,False