master_record_number,agency,agency_tracking_number,county,city,collision_date,vehicles_involved,number_injured,number_dead,latitude,longitude,roadway_name,roadway_suffix,roadway_number,roadway_local_id,distance_from_reference,miles-feet_indicator,direction_from_reference,intersection_road_name,intersection_road_name_suffix,intersection_road_number,intersection_local_id,mile_marker,intersection_indicator,intersect_type,interchange_related_indicator,relation_to_junction,work_zone_type,construction_maintenance_zone,construction_maintenance_zone_location,fatal_case_number,officer_first_name,officer_last_name,weather_condition(s),manner_of_crash,pedestrian,bicycle,scooter,parking,hitrun,mou
101655840,METROPOLITAN NASHVILLE POLICE DEPT,20170465255,Davidson,Nashville,5/26/2017 6:11:00 PM,2,0,0,36.171430,-86.769040,JAMES ROBERTSON PKWY,,,,0.00,,,INTERSTATE DR,,,,0.00,Y,Four-Way, ,,None,,,         ,Jason,Hogan,,,no,no,no,no,no,False
101655841,METROPOLITAN NASHVILLE POLICE DEPT,20170465299,Davidson,Nashville,5/26/2017 12:00:00 AM,2,1,0,36.169360,-86.679890,LEBANON PKE,,,,0.00,,,MCGAVOCK PKE,,,,0.00,Y,Four-Way,N,Intersection-Related,None,,,         ,Craig,Gentry,Clear,Front to Rear,no,no,no,no,no,False
101655857,METROPOLITAN NASHVILLE POLICE DEPT,20170464939,Davidson,Nashville,5/26/2017 3:50:00 PM,2,0,0,36.109590,-86.753690,FOSTER CREIGHTON DR,,,,0.00,,,ARMORY DR,,,,0.00,Y,T-Intersection, ,Non-Junction,Construction Zone,,,         ,Akira,McSwain,Clear,Front to Rear,no,no,no,no,no,False
101655858,METROPOLITAN NASHVILLE POLICE DEPT,20170465170,Davidson,Nashville,5/26/2017 4:29:00 PM,2,0,0,36.074410,-86.744550,BLACKMAN RD,,,,379.00,Feet,West,TIMBERDALE DR,,,,0.00,N,Not at Intersection, ,Non-Junction,None,,,         ,Akira,McSwain,Clear,Angle,no,no,no,no,no,False
101655867,METROPOLITAN NASHVILLE POLICE DEPT,2017-0465187,Davidson,Not in City Limit,5/26/2017 5:43:00 PM,1,1,0,36.138300,-86.950440,RIVER ROAD PKE,,,,1544.00,Feet,East,INDIAN CREEK RD,,,,0.00,N,Not at Intersection,N,Non-Junction,None,,,         ,Michael,Rogers,Clear,Not Collision with Motor Vehicle in Transport,no,no,no,no,no,False
101655871,METROPOLITAN NASHVILLE POLICE DEPT,20170465203,Davidson,Nashville,5/26/2017 5:53:00 PM,2,1,0,36.155650,-86.789720,I40 E ENT RAMP,,,,0.00,,,BROADWAY,,,,0.00,Y,Four-Way,N,Intersection,None,,,         ,Eric,Burford,Clear,Angle,no,no,no,no,no,False
101655873,METROPOLITAN NASHVILLE POLICE DEPT,20170465098,Davidson,Nashville,5/26/2017 4:32:00 PM,2,0,0,36.153610,-86.803550,21ST AVN,,,,111.00,Feet,North,STATE ST,,,,0.00,N,Not at Intersection,N,Non-Junction,None,,,         ,Ryan,Cagle,Clear,"Sideswipe, Same Direction",no,no,no,no,no,False
101655895,METROPOLITAN NASHVILLE POLICE DEPT,20170462796,Davidson,Nashville,5/25/2017 9:50:00 PM,2,0,0,36.158170,-86.781630,8TH AVS,,,,115.00,Feet,North,MCGAVOCK ST,,,,0.00,N,Not at Intersection, ,Non-Junction,Construction Zone,,,         ,Joshua,Reece,Clear,Angle,no,no,no,no,no,False
101655901,Nashville Airport Police,2017-01720,Davidson,Nashville,5/26/2017 12:00:00 AM,1,0,0,36.109690,-86.671460,KNAPP BLVD,,,,0.00,,,DONELSON PKE,,,,0.00,Y,Four-Way, ,Unknown,None,,,         ,Nathan,Holt,Clear,Not Collision with Motor Vehicle in Transport,no,no,no,no,no,False
101655916,METROPOLITAN NASHVILLE POLICE DEPT,2017-0465055,Davidson,Nashville,5/26/2017 4:49:00 PM,2,0,0,36.040610,-86.771250,OLD HICKORY BLVD,,,,50.00,Feet,West,SEVEN SPRINGS WAY PVTDR,,,,0.00,N,Not at Intersection, ,Non-Junction,None,,,         ,William,King,Clear,Front to Rear,no,no,no,no,no,False
101655925,METROPOLITAN NASHVILLE POLICE DEPT,20170465050,Davidson,Nashville,5/26/2017 4:45:00 PM,4,0,0,36.235400,-86.712000,BRILEY PKWYW,,,,442.00,Feet,West,PENNINGTON BEND RD,,,,0.00,N,Not at Intersection,N,Non-Junction,None,,,         ,Samuel,Miller,Clear,Front to Rear,no,no,no,no,no,False
101655926,METROPOLITAN NASHVILLE POLICE DEPT,20170465195,Davidson,Not in City Limit,5/26/2017 5:20:00 PM,3,0,0,36.263560,-86.685740,STATE RT 45,,,,417.00,Feet,East,ARCHWOOD DR,,,,0.00,N,Not at Intersection,N,Non-Junction,None,,,         ,Samuel,Miller,Clear,Front to Rear,no,no,no,no,yes,False
101655930,METROPOLITAN NASHVILLE POLICE DEPT,20170465554,Davidson,Not in City Limit,5/26/2017 6:23:00 PM,2,0,0,36.276180,-86.833420,WHITES CREEK PKE,,,,0.72,Miles,South,OLD HICKORY BLVD,,,,0.00,N,Not at Intersection, ,Non-Junction,None,,,         ,Brandon,Rardin,Clear,Front to Rear,no,no,no,no,no,False
101655932,BRENTWOOD POLICE DEPT,201700018583,Davidson,Nashville,5/26/2017 3:17:00 PM,2,1,0,36.033360,-86.788720,CHURCH STE,,,,0.00,,,FRANKLIN RD,,,,0.00,Y,Four-Way,N,Intersection-Related,None,,,         ,Benjamin,Townsend,Clear,Front to Rear,no,no,no,no,no,False
101655934,METROPOLITAN NASHVILLE POLICE DEPT,2017-0465534,Davidson,Nashville,5/26/2017 7:29:00 PM,2,1,0,36.040610,-86.771250,OLD HICKORY BLVD,,,,50.00,Feet,West,SEVEN SPRINGS WAY PVTDR,,,,0.00,N,Not at Intersection,N,Non-Junction,None,,,         ,William,King,Clear,Front to Rear,no,no,no,no,yes,False
101655941,METROPOLITAN NASHVILLE POLICE DEPT,20170465464,Davidson,Nashville,5/26/2017 7:25:00 PM,1,0,0,36.141190,-86.716550,I 40,,,,0.00,,,,,,,213.85,N,Not at Intersection, ,Non-Junction,None,,,         ,Patrick,Taylor,Clear,Not Collision with Motor Vehicle in Transport,no,no,no,no,no,False
101655974,METROPOLITAN NASHVILLE POLICE DEPT,20170465104,Davidson,Nashville,5/26/2017 4:00:00 PM,2,0,0,36.121500,-86.727310,I 24,,,,0.00,,,,,,,52.80,N,Not at Intersection,N,Non-Junction,None,,,         ,William,McDaniel,Clear,Angle,no,no,no,no,no,False
101655984,METROPOLITAN NASHVILLE POLICE DEPT,20170465555,Davidson,Nashville,5/26/2017 7:39:00 PM,2,0,0,36.094180,-86.762850,I 65,,,,0.00,,,,,,,78.65,N,Not at Intersection, ,Non-Junction,None,,,         ,Eric,Thomas,Clear,Front to Rear,no,no,no,no,no,False
101655988,METROPOLITAN NASHVILLE POLICE DEPT,20170465553,Davidson,Nashville,5/26/2017 6:15:00 PM,3,0,0,36.193100,-86.777250,I 65,,,,0.00,,,,,,,86.50,N,Not at Intersection,N,Non-Junction,None,,,         ,Landon,Bagwell,Clear,Front to Rear,no,no,no,no,no,False
101656036,METROPOLITAN NASHVILLE POLICE DEPT,20170465819,Davidson,Nashville,5/26/2017 9:10:00 PM,2,0,0,36.209000,-86.776260,I65 S EXT RAMP,,,,0.00,Feet,East,I 65,,,,0.00,N,Not at Intersection, ,Entrance/Exit Ramp Related,None,,,         ,Charles,Holmes,Clear,"Sideswipe, Same Direction",no,no,no,no,yes,False
101656037,METROPOLITAN NASHVILLE POLICE DEPT,2017-0465943,Davidson,Not in City Limit,5/26/2017 9:25:00 PM,2,0,0,36.079540,-86.951520,HIGHWAY 70S,,,,0.00,,,,,,,0.00,,,N,Non-Junction,None,,,         ,Michael,Rogers,Clear,"Sideswipe, Same Direction",no,no,no,yes,yes,False
101656041,METROPOLITAN NASHVILLE POLICE DEPT,20170465765,Davidson,Nashville,5/26/2017 8:39:00 PM,2,0,0,36.160380,-86.760500,I 24,,,,0.00,,,,,,,49.45,N,Not at Intersection, ,Non-Junction,None,,,         ,Andrew,Mullen,Clear,"Sideswipe, Same Direction",no,no,no,no,yes,False
101656075,METROPOLITAN NASHVILLE POLICE DEPT,20170465038,Davidson,Nashville,5/26/2017 4:40:00 PM,5,3,0,36.045200,-86.715130,OLD HICKORY BLVD,,,,99.00,Feet,West,BRENTWOOD EAST DR,,,,0.00,N,Not at Intersection,N,Non-Junction,None,,,         ,Nicholas,Berens,Clear,Front to Rear,no,no,no,no,yes,False
101656078,METROPOLITAN NASHVILLE POLICE DEPT,20170465790,Davidson,Nashville,5/26/2017 8:50:00 PM,2,0,0,36.151990,-86.852140,MORROW RD,,,,148.00,Feet,North,CHARLOTTE AV,,,,0.00,N,Not at Intersection, ,Non-Junction,None,,,         ,Jessica,Scott,Clear,Front to Rear,no,no,no,yes,no,False
101656146,METROPOLITAN NASHVILLE POLICE DEPT,20170464907,Davidson,Nashville,5/26/2017 3:37:00 PM,2,0,0,36.069550,-86.693480,HAYWOOD LN,,,,127.00,Feet,East,EZELL RD,,,,0.00,N,Not at Intersection,N,Non-Junction,None,,,         ,Darryl,Williams,Clear,Angle,no,no,no,no,no,False
101656151,METROPOLITAN NASHVILLE POLICE DEPT,20170466159,Davidson,Nashville,5/26/2017 10:00:00 PM,2,1,0,36.123770,-86.747080,I 440,,,,0.00,,,,,,,6.50,N,Not at Intersection,N,Non-Junction,None,,,         ,Douglas,Sykes,Clear,"Sideswipe, Same Direction",no,no,no,no,no,False
101656152,VANDERBILT UNIVERSITY POLICE,2017-0465174,Davidson,Nashville,5/26/2017 5:30:00 AM,2,0,0,36.148980,-86.800200,21ST AVS,,,,0.00,,,,,,,0.00,,, ,"Driveway, Alley Access, etc",None,,,         ,Lakisha,Chandler,Clear,Rear to Side,no,no,no,yes,no,Campus
101656164,METROPOLITAN NASHVILLE POLICE DEPT,20170466134,Davidson,Nashville,5/26/2017 10:36:00 PM,2,2,0,36.066560,-86.636650,BELL RD,,,,0.00,,,MORRIS GENTRY BLVD,,,,0.00,Y,T-Intersection,N,Intersection-Related,None,,,         ,William,Coy,Clear,Front to Rear,no,no,no,no,no,False
101656165,METROPOLITAN NASHVILLE POLICE DEPT,20170466148,Davidson,Nashville,5/26/2017 10:51:00 PM,2,0,0,36.082540,-86.727530,WELSHWOOD DR,,,,84.00,Feet,West,NOLENSVILLE PKE,,,,0.00,N,Not at Intersection,N,Non-Junction,None,,,         ,Cody,Jaworski,Clear,Front to Rear,no,no,no,yes,yes,False
101656202,METROPOLITAN NASHVILLE POLICE DEPT,20170466175,Davidson,Not in City Limit,5/26/2017 11:04:00 PM,2,0,0,36.264040,-86.735880,I65 N EXT RAMP,,,,0.00,,,,,,,0.00,,,Y,Entrance/Exit Ramp Related,None,,,         ,Patrick,McGinnis,Clear,Front to Rear,no,no,no,no,yes,False
101656218,METROPOLITAN NASHVILLE POLICE DEPT,20170466242,Davidson,Nashville,5/26/2017 11:31:00 PM,2,1,0,36.145950,-86.666600,ROYAL PKWY,,,,0.00,Feet,East,DONELSON PKE,,,,0.00,N,Not at Intersection,N,Non-Junction,None,,,         ,Mekisha,Page,Clear,Angle,no,no,no,no,no,False
101656221,METROPOLITAN NASHVILLE POLICE DEPT,20170466288,Davidson,Not in City Limit,5/26/2017 11:48:00 PM,2,1,0,36.264790,-86.791060,I 24,,,,0.00,,,,,,,41.50,N,Not at Intersection,N,Non-Junction,None,,,         ,Rudy,Basaldua,Clear,"Sideswipe, Same Direction",no,no,no,no,yes,False
101656231,METROPOLITAN NASHVILLE POLICE DEPT,20170466514,Davidson,Nashville,5/26/2017 6:00:00 AM,2,0,0,36.189240,-86.814180,23RD AVN,,,,152.00,Feet,South,KELLOW ST,,,,0.00,N,Not at Intersection,N,Non-Junction,None,,,         ,John,Tyree,Clear,Angle,no,no,no,no,yes,False
101656233,VANDERBILT UNIVERSITY POLICE,2017-0466014,Davidson,Nashville,5/26/2017 9:52:00 PM,3,2,0,36.147440,-86.808490,25TH AVN,,,,0.00,,,ELLISTON PL,,,,0.00,Y,T-Intersection,N,Intersection,None,,,         ,Michael,Knupp,Clear,Angle,no,no,no,no,no,Campus
101656275,METROPOLITAN NASHVILLE POLICE DEPT,20170466395,Davidson,Nashville,5/26/2017 9:51:00 PM,1,0,0,36.129430,-86.903670,CHARLOTTE PKE,,,,109.00,Feet,West,DAVIDSON DR,,,,0.00,N,Not at Intersection,N,Non-Junction,None,,,         ,Albert,Wilson,Clear,Not Collision with Motor Vehicle in Transport,no,no,no,no,yes,False
101656379,BERRY HILL POLICE DEPT,17-1726,Davidson,Berry Hill,5/26/2017 12:10:00 PM,2,1,0,36.120090,-86.775010,FRANKLIN PKE,,,,0.00,,,GALE LN,,,,0.00,Y,T-Intersection,N,Non-Junction,None,,,         ,Larry,Carter,Clear,Angle,no,no,no,no,no,False
101658042,METROPOLITAN NASHVILLE POLICE DEPT,2017-0456791,Davidson,Nashville,5/24/2017 5:40:00 AM,2,0,0,36.136580,-86.795150,WEDGEWOOD AV,,,,0.00,,,MAGNOLIA BLVD,,,,0.00,Y,Four-Way, ,Intersection-Related,None,,,         ,Matthew,Moses,Rain,Front to Rear,no,no,no,no,no,False
101658080,THP District 9 - Administrative,317030234,Davidson,Nashville,5/22/2017 3:00:00 PM,2,0,0,36.141260,-86.655080,I 40,,,,0.00,,,,,,,217.75,N,Not at Intersection,N,Non-Junction,None,,,         ,Kevin,Stroup,Clear,Front to Rear,no,no,no,no,no,False
101658082,GOODLETTSVILLE POLICE DEPT,17-18659,Davidson,Goodlettsville,5/25/2017 4:19:00 PM,1,1,0,36.296280,-86.725650,DICKERSON PKES,,,,352.00,Feet,East,ROBERT CARTWRIGHT DR,,,,0.00,N,Not at Intersection,N,Non-Junction,None,,,         ,George,Forbes,Clear,Not Collision with Motor Vehicle in Transport,no,no,no,no,no,False
101658582,METROPOLITAN NASHVILLE POLICE DEPT,2017-0466107,Davidson,Nashville,5/26/2017 10:37:00 PM,2,2,0,36.175750,-86.781510,JEFFERSON ST,,,,221.00,Feet,East,1ST AVN,,,,0.00,N,Not at Intersection,N,Non-Junction,None,,,         ,Cory,West,Clear,Front to Rear,no,no,no,no,no,False
101658587,METROPOLITAN NASHVILLE POLICE DEPT,20170466067,Davidson,Nashville,5/26/2017 10:15:00 PM,3,0,0,36.176350,-86.800690,I 65,,,,0.00,,,,,,,84.75,N,Not at Intersection,N,Non-Junction,None,,,         ,Andy,Esqueda,Clear,Front to Rear,no,no,no,no,yes,False
101658875,Nashville Airport Police,2017-01696,Davidson,Nashville,5/24/2017 12:00:00 AM,2,0,0,36.137020,-86.666340,TERMINAL DR,,,,0.00,,,,,,,0.00,,, ,Non-Junction,None,,,         ,Christopher,Lueders,Unknown,Front to Rear,no,no,no,yes,yes,False
101659239,BELLE MEADE POLICE DEPT,17-0145,Davidson,Belle Meade,5/25/2017 5:28:00 PM,1,1,0,36.103710,-86.857110,BELLE MEADE BLVD,,,,553.00,Feet,North,LEAKE AV,,,,0.00,N,Not at Intersection,N,Non-Junction,None,,,         ,Jon,Carter,Clear,Not Collision with Motor Vehicle in Transport,no,no,no,no,no,False
101659270,METROPOLITAN NASHVILLE POLICE DEPT,20170451224,Davidson,Nashville,5/22/2017 12:29:00 PM,2,0,0,36.128810,-86.802860,21ST AVS,,,,281.00,Feet,North,LINDEN AV,,,,0.00,N,Not at Intersection,N,Non-Junction,None,,,         ,Nathan,Kemp,Clear,"Sideswipe, Same Direction",no,no,no,no,yes,False
101659665,BERRY HILL POLICE DEPT,17-1795,Davidson,Berry Hill,5/26/2017 12:00:00 AM,2,0,0,36.121320,-86.766900,BERRY RD,,,,0.00,,,,,,,0.00,,, ,Non-Junction,None,,,         ,John,Gleixner,Clear,Unknown,no,no,no,yes,yes,False
101665981,METROPOLITAN NASHVILLE POLICE DEPT,20170415901,Davidson,Nashville,5/10/2017 7:13:00 PM,2,1,0,36.070160,-86.672120,FANNING DR,,,,262.00,Feet,North,AEOLIA DR,,,,0.00,N,Not at Intersection,N,Non-Junction,None,,,         ,Brian,Theriac,Clear,Angle,no,no,no,no,no,False
101668056,METROPOLITAN NASHVILLE POLICE DEPT,2017-0507474,Davidson,Nashville,5/26/2017 1:30:00 AM,1,0,0,36.159940,-86.776500,4TH AVS,,,,0.00,,,SYMPHONY PL,,,,0.00,Y,OTHER, ,Unknown,Unknown,,,         ,Travis,Baxter,Unknown,Unknown,no,no,no,no,no,False
101671369,METROPOLITAN NASHVILLE POLICE DEPT,20170497752,Davidson,Nashville,5/23/2017 12:45:00 PM,2,0,0,36.105390,-86.813870,HILLSBORO PKE,,,,0.00,,,,,,,0.00,,, ,"Driveway, Alley Access, etc",None,,,         ,Kevin,Coleman,Clear,Angle,no,no,no,yes,yes,False
101677971,METROPOLITAN NASHVILLE POLICE DEPT,2017-0440096,Davidson,Nashville,5/18/2017 3:00:00 PM,3,2,1,36.039880,-86.712780,NOLENSVILLE PKE,,,,931.00,Feet,South,SWISS AV,,,,0.00,N,Not at Intersection,N,Non-Junction,None,,,17-0331  ,Brian,Theriac,Clear,HeadOn,no,no,no,no,no,False
101706036,Nashville Airport Police,2017-01664,Davidson,Nashville,5/22/2017 4:26:00 PM,2,0,0,36.136910,-86.664580,SATELLITE WAY ENT RAMP,,,,0.00,,,SATELLITE WAY,,,,0.00,Y,T-Intersection,Y,Intersection,None,,,         ,Christopher,Kullman,Clear,Other,no,no,no,no,no,False
101722982,WILSON CO SHERIFFS DEPT,1712099A,Davidson,Nashville,4/30/2017 3:38:00 AM,1,0,0,36.229760,-86.589020,SAUNDERSVILLE RD,,,,119.00,Feet,North,TETON DR,,,,0.00,N,Not at Intersection,N,"Driveway, Alley Access, etc",None,,,         ,Brandon,Cannon,Clear,Not Collision with Motor Vehicle in Transport,no,no,no,no,no,False
101760858,METROPOLITAN NASHVILLE POLICE DEPT,20170422232,Davidson,Nashville,5/12/2017 4:22:00 PM,1,0,0,36.077790,-86.666830,BILLINGSGATE RD,,,,0.00,Feet,,EVERSHOLT CT,,,,0.00,Y,T-Intersection, ,Non-Junction,None,,,         ,Pamela,Caulder,Rain,Not Collision with Motor Vehicle in Transport,no,no,no,no,no,False
101778294,METROPOLITAN NASHVILLE POLICE DEPT,20170432210,Davidson,Nashville,5/16/2017 8:30:00 AM,2,0,0,36.045980,-86.674230,BLUE HOLE RD,,,,95.00,Feet,North,BELL RD,,,,0.00,N,Not at Intersection,N,Non-Junction,None,,,         ,Gregory,Julia,Clear,Front to Rear,no,no,no,no,yes,False
101656203,METROPOLITAN NASHVILLE POLICE DEPT,20170466324,Davidson,Nashville,5/27/2017 12:00:00 AM,2,0,0,36.170400,-86.768450,INTERSTATE DR,,,,0.00,Feet,East,WOODLAND ST,,,,0.00,N,Not at Intersection, ,,None,,,         ,Gregory,Scott,,,no,no,no,no,no,False
101656226,METROPOLITAN NASHVILLE POLICE DEPT,20170466424,Davidson,Madison,5/27/2017 12:30:00 AM,2,0,0,36.264070,-86.690290,STATE RT 45,,,,0.00,,,MYATT DR,,,,0.00,Y,Four-Way,N,Intersection,None,,,         ,Patrick,Lancaster,Clear,Angle,no,no,no,no,no,False
101656227,METROPOLITAN NASHVILLE POLICE DEPT,20170466449,Davidson,Nashville,5/27/2017 12:56:00 AM,2,0,0,36.157380,-86.792700,15TH AVN,,,,0.00,,,CHURCH ST,,,,0.00,Y,Four-Way, ,Intersection,None,,,         ,Craig,Oakley,Clear,HeadOn,no,no,no,no,no,False
101656270,METROPOLITAN NASHVILLE POLICE DEPT,20170466495,Davidson,Nashville,5/27/2017 1:19:00 AM,1,2,0,36.146050,-86.764920,2ND AVS,,,,128.00,Feet,North,CHESTNUT ST,,,,0.00,N,Not at Intersection,N,Non-Junction,None,,,         ,Douglas,Sykes,Clear,Not Collision with Motor Vehicle in Transport,no,no,no,no,no,False
101656272,METROPOLITAN NASHVILLE POLICE DEPT,20170466388,Davidson,Nashville,5/27/2017 12:28:00 AM,2,0,0,36.144930,-86.766660,4TH AVS,,,,0.00,,,CHESTNUT ST,,,,0.00,Y,Four-Way,N,Intersection,None,,,         ,Joshua,Dickall,Clear,Angle,no,no,no,no,no,False
101656273,METROPOLITAN NASHVILLE POLICE DEPT,20170466611,Davidson,Nashville,5/27/2017 2:05:00 AM,2,1,0,36.148290,-86.805710,WEST END AV,,,,259.00,Feet,East,24TH AVS,,,,0.00,N,Not at Intersection,N,Non-Junction,None,,,         ,Nicholas,Smith,Cloudy,Angle,no,no,no,no,no,Campus
101656276,METROPOLITAN NASHVILLE POLICE DEPT,20170466617,Davidson,Nashville,5/27/2017 2:05:00 AM,2,2,0,36.155040,-86.797520,18TH AVN,,,,0.00,,,CHURCH ST,,,,0.00,Y,Four-Way,Y,Intersection,None,,,         ,Eric,Westbrook,Clear,Angle,no,no,no,no,no,False
101656277,METROPOLITAN NASHVILLE POLICE DEPT,20170466647,Davidson,Nashville,5/27/2017 2:10:00 AM,3,1,0,36.151800,-86.771250,LAFAYETTE ST,,,,0.00,Feet,,4TH AVS,,,,0.00,Y,Four-Way,N,Intersection-Related,None,,,         ,John,Anderson,Clear,Other,no,no,no,no,no,False
101656291,METROPOLITAN NASHVILLE POLICE DEPT,20170466457,Davidson,Nashville,5/27/2017 12:45:00 AM,2,0,0,36.161540,-86.775970,3RD AVS,,,,0.00,,,BROADWAY,,,,0.00,Y,Four-Way, ,Intersection-Related,None,,,         ,Jeremy,King,Clear,"Sideswipe, Same Direction",no,no,no,no,no,False
101656301,METROPOLITAN NASHVILLE POLICE DEPT,20170466788,Davidson,Nashville,5/27/2017 3:42:00 AM,1,0,0,36.137210,-86.727390,I 24,,,,0.00,,,,,,,51.30,N,Not at Intersection,N,Non-Junction,None,,,         ,Neil,Cook,Clear,Not Collision with Motor Vehicle in Transport,no,no,no,no,no,False
101656303,METROPOLITAN NASHVILLE POLICE DEPT,20170466732,Davidson,Nashville,5/27/2017 3:05:00 AM,2,1,0,36.170400,-86.768450,INTERSTATE DR,,,,0.00,Feet,East,WOODLAND ST,,,,0.00,N,Not at Intersection,N,Non-Junction,None,,,         ,Gregory,Scott,Clear,Angle,no,no,no,no,no,False
101656334,METROPOLITAN NASHVILLE POLICE DEPT,20170466876,Davidson,Nashville,5/27/2017 4:30:00 AM,2,0,0,36.045060,-86.659850,I24 E EXT RAMP,,,,53.00,Feet,North,I 24,,,,0.00,N,Not at Intersection,N,Entrance/Exit Ramp Related,None,,,         ,Justin,McCormick,Clear,HeadOn,no,no,no,no,no,False
101656335,METROPOLITAN NASHVILLE POLICE DEPT,20170466832,Davidson,Nashville,5/27/2017 12:00:00 AM,1,0,0,36.213090,-86.709090,RIVERWOOD DR,,,,211.00,Feet,South,IVY DR,,,,0.00,N,Not at Intersection,N,Non-Junction,None,,,         ,Amanda,Hane,Clear,Not Collision with Motor Vehicle in Transport,no,no,no,no,no,False
101656357,METROPOLITAN NASHVILLE POLICE DEPT,20170466697,Davidson,Nashville,5/27/2017 2:38:00 AM,2,1,0,36.229380,-86.759280,BROADMOOR DR,,,,0.00,Feet,East,DICKERSON PKE,,,,0.00,N,Not at Intersection,Y,Non-Junction,None,,,         ,Terrance,McBride,Clear,Other,no,no,no,no,yes,False
101656365,METROPOLITAN NASHVILLE POLICE DEPT,20170467009,Davidson,Nashville,5/27/2017 6:05:00 AM,2,0,0,36.192230,-86.777210,I 65,,,,0.00,,,,,,,86.50,N,Not at Intersection,N,Non-Junction,None,,,         ,Geoffrey,Daugherty,Clear,"Sideswipe, Same Direction",no,no,no,no,yes,False
101656398,METROPOLITAN NASHVILLE POLICE DEPT,20170467149,Davidson,Nashville,5/27/2017 12:00:00 AM,2,0,0,36.202640,-86.596330,SCOTTS CREEK TRL,,,,299.00,Feet,East,GREER STATION DR,,,,0.00,N,Not at Intersection,N,Non-Junction,None,,,         ,Samuel,Sundra,Clear,HeadOn,no,no,no,no,yes,False
101656423,METROPOLITAN NASHVILLE POLICE DEPT,20170467158,Davidson,Nashville,5/27/2017 8:00:00 AM,1,0,0,36.086920,-86.693560,HARDING PL,,,,438.00,Feet,West,ANTIOCH PKE,,,,0.00,N,Not at Intersection,N,Non-Junction,None,,,         ,David,Smith,Cloudy,Not Collision with Motor Vehicle in Transport,no,no,no,no,no,False
101656428,METROPOLITAN NASHVILLE POLICE DEPT,20170467043,Davidson,Nashville,5/27/2017 6:54:00 AM,2,0,0,36.195400,-86.776150,I 65,,,,0.00,,,,,,,86.55,N,Not at Intersection, ,Non-Junction,None,,,         ,Jeanine,Sarno,Cloudy,"Sideswipe, Same Direction",no,no,no,no,no,False
101656433,METROPOLITAN NASHVILLE POLICE DEPT,20170467037,Davidson,Nashville,5/27/2017 6:20:00 AM,2,0,0,36.171840,-86.764770,S 5TH ST,,,,0.00,,,WOODLAND ST,,,,0.00,Y,Four-Way,N,Intersection,None,,,         ,Gregory,Cenicola,Cloudy,Angle,no,no,no,no,yes,False
101656475,METROPOLITAN NASHVILLE POLICE DEPT,20170467324,Davidson,Nashville,5/27/2017 9:31:00 AM,1,0,0,36.045670,-86.674040,BELL RD,,,,100.00,Feet,East,BLUE HOLE RD,,,,0.00,N,Not at Intersection,N,Non-Junction,None,,,         ,Caleb,Jernigan,Clear,Not Collision with Motor Vehicle in Transport,no,no,no,no,no,False
101656488,METROPOLITAN NASHVILLE POLICE DEPT,20170467176,Davidson,Nashville,5/27/2017 8:13:00 AM,1,1,0,36.222950,-86.725790,GALLATIN PKE,,,,52.00,Feet,North,GREENLAND AV,,,,0.00,N,Not at Intersection,N,Non-Junction,None,,,         ,Anthony,Rizo,Cloudy,Not Collision with Motor Vehicle in Transport,no,no,no,no,no,False
101656499,METROPOLITAN NASHVILLE POLICE DEPT,20170467447,Davidson,Nashville,5/27/2017 10:41:00 AM,2,0,0,36.206670,-86.778430,W TRINITY LN,,,,0.00,,,HAMPTON ST,,,,0.00,Y,OTHER, ,Intersection,None,,,         ,Michael,Parman,Clear,Front to Rear,no,no,no,no,no,False
101656500,METROPOLITAN NASHVILLE POLICE DEPT,20170467491,Davidson,Nashville,5/27/2017 10:55:00 AM,2,0,0,36.075690,-86.917270,HIGHWAY 70S,,,,455.00,Feet,West,PEBBLE BROOK,,,,0.00,N,Not at Intersection, ,Non-Junction,None,,,         ,Douglas,Atwood,Clear,Angle,no,no,no,no,no,False
101656565,METROPOLITAN NASHVILLE POLICE DEPT,20170467579,Davidson,Nashville,5/27/2017 11:00:00 AM,3,0,0,36.172840,-86.765340,JAMES ROBERTSON PKWY,,,,0.00,Feet,,MAIN ST,,,,0.00,Y,Four-Way, ,Intersection-Related,None,,,         ,Michael,Thompson,Cloudy,Front to Rear,no,no,no,no,no,False
101656572,METROPOLITAN NASHVILLE POLICE DEPT,20170467636,Davidson,Nashville,5/27/2017 12:00:00 PM,2,0,0,36.132980,-86.726760,I 24,,,,0.00,,,,,,,52.00,N,Not at Intersection, ,Entrance/Exit Ramp Related,None,,,         ,Michael,Dudley,Cloudy,Front to Rear,no,no,no,no,no,False
101656587,METROPOLITAN NASHVILLE POLICE DEPT,20170467693,Davidson,Nashville,5/27/2017 12:35:00 PM,2,0,0,36.151850,-86.867870,EASTBORO DR,,,,434.00,Feet,North,TWIN ST,,,,0.00,N,Not at Intersection, ,Non-Junction,None,,,         ,Michael,Phelps,Cloudy,Rear to Side,no,no,no,no,no,False
101656588,METROPOLITAN NASHVILLE POLICE DEPT,20170467634,Davidson,Nashville,5/27/2017 12:00:00 PM,2,0,0,36.103260,-86.869750,HARDING PKE,,,,179.00,Feet,South,OLD HARDING PKE,,,,0.00,N,Not at Intersection, ,Non-Junction,None,,,         ,Paul,Junkmann,Cloudy,Front to Rear,no,no,no,no,no,False