master_record_number,agency,agency_tracking_number,county,city,collision_date,vehicles_involved,number_injured,number_dead,latitude,longitude,roadway_name,roadway_suffix,roadway_number,roadway_local_id,distance_from_reference,miles-feet_indicator,direction_from_reference,intersection_road_name,intersection_road_name_suffix,intersection_road_number,intersection_local_id,mile_marker,intersection_indicator,intersect_type,interchange_related_indicator,relation_to_junction,work_zone_type,construction_maintenance_zone,construction_maintenance_zone_location,fatal_case_number,officer_first_name,officer_last_name,weather_condition(s),manner_of_crash,pedestrian,bicycle,scooter,parking,hitrun,mou
101658355,METROPOLITAN NASHVILLE POLICE DEPT,20170472883,Davidson,Nashville,5/29/2017 12:07:00 PM,2,0,0,36.154300,-86.788210,I 40,,,,0.00,,,,,,,209.25,N,Not at Intersection, ,,None,,,         ,Christian,Martin,,,no,no,no,no,no,False
101658376,METROPOLITAN NASHVILLE POLICE DEPT,20170472806,Davidson,Nashville,5/29/2017 11:34:00 AM,2,1,0,36.131760,-86.778970,SOUTH DOUGLAS AV,,,,0.00,,,8TH AVS,,,,0.00,Y,T-Intersection,N,Non-Junction,None,,,         ,Phillip,Murphy,Clear,"Sideswipe, Same Direction",no,no,no,no,no,False
101658392,METROPOLITAN NASHVILLE POLICE DEPT,20170472961,Davidson,Nashville,5/29/2017 12:47:00 PM,2,0,0,36.212160,-86.775610,I 65,,,,0.00,,,,,,,87.75,N,Not at Intersection, ,Non-Junction,None,,,         ,Richard,Conger,Clear,"Sideswipe, Same Direction",no,no,no,no,no,False
101658404,GOODLETTSVILLE POLICE DEPT,17-19180,Davidson,Goodlettsville,5/29/2017 12:05:00 PM,2,0,0,36.321990,-86.703940,I 65,,,,0.00,,,,,,,96.85,N,Not at Intersection, ,Non-Junction,None,,,         ,George,Forbes,Clear,Front to Rear,no,no,no,no,no,False
101658468,METROPOLITAN NASHVILLE POLICE DEPT,20170472804,Davidson,Lakewood,5/29/2017 11:33:00 AM,2,1,0,36.238780,-86.630010,PITTS AV,,,,0.00,Feet,,LAKESHORE DR,,,,0.00,Y,Four-Way,N,Intersection-Related,None,,,         ,Torrance,Bennett,Clear,Front to Rear,no,no,no,no,yes,False
101658471,METROPOLITAN NASHVILLE POLICE DEPT,20170473028,Davidson,Nashville,5/29/2017 1:16:00 PM,2,0,0,36.197600,-86.691510,OPRY MILLS DR,,,,308.00,Feet,North,GAYLORD DR,,,,0.00,N,Not at Intersection, ,Non-Junction,None,,,         ,Tyler,Adcock,Clear,Angle,no,no,no,no,yes,False
101658515,METROPOLITAN NASHVILLE POLICE DEPT,20170473103,Davidson,Nashville,5/29/2017 1:50:00 PM,2,0,0,36.142180,-86.710670,I 40,,,,0.00,,,,,,,214.15,N,Not at Intersection, ,Non-Junction,None,,,         ,Richard,Conger,Clear,"Sideswipe, Same Direction",no,no,no,no,no,False
101658558,METROPOLITAN NASHVILLE POLICE DEPT,20170473133,Davidson,Nashville,5/29/2017 2:11:00 PM,3,4,0,36.046160,-86.676280,BELL RD,,,,590.00,Feet,West,BLUE HOLE RD,,,,0.00,N,Not at Intersection,N,Non-Junction,None,,,         ,Jessie,Meadows,Clear,Front to Rear,no,no,no,no,no,False
101658583,METROPOLITAN NASHVILLE POLICE DEPT,2017-0473153,Davidson,Nashville,5/29/2017 2:23:00 PM,2,2,0,36.163760,-86.600740,BELL RD,,,,70.00,Feet,North,ARBOR LAKE BLVD,,,,0.00,N,Not at Intersection,N,Non-Junction,None,,,         ,Tyler,Adcock,Clear,Angle,no,no,no,no,no,False
101658634,METROPOLITAN NASHVILLE POLICE DEPT,20170473309,Davidson,Nashville,5/29/2017 3:30:00 PM,1,0,0,36.239480,-86.802540,KNIGHT DR,,,,177.00,Feet,North,BROOK MANOR DR,,,,0.00,N,Not at Intersection, ,Non-Junction,None,,,         ,Timothy,Morgan,Clear,Not Collision with Motor Vehicle in Transport,no,no,no,no,no,False
101658638,METROPOLITAN NASHVILLE POLICE DEPT,20170473279,Davidson,Goodlettsville,5/29/2017 3:31:00 PM,2,1,0,36.296910,-86.699160,GALLATIN PKEN,,,,0.00,Feet,,RIVERGATE PKWY,,,,0.00,Y,Four-Way,N,Intersection,None,,,         ,Rodney,Phipps,Clear,Front to Rear,no,no,no,no,yes,False
101658659,METROPOLITAN NASHVILLE POLICE DEPT,20170473397,Davidson,Antioch,5/29/2017 4:39:00 PM,2,0,0,36.042640,-86.606920,HOBSON PKE,,,,132.00,Feet,West,MURFREESBORO PKE,,,,0.00,N,Not at Intersection, ,Non-Junction,None,,,         ,Jessie,Meadows,Clear,Front to Rear,no,no,no,no,no,False
101658670,METROPOLITAN NASHVILLE POLICE DEPT,20170473338,Davidson,Nashville,5/29/2017 3:58:00 PM,2,0,0,36.152080,-86.626370,BLACKWOOD DR,,,,387.00,Feet,West,BELL RD,,,,0.00,N,Not at Intersection,N,"Driveway, Alley Access, etc",None,,,         ,Kimberly,Annson,Cloudy,HeadOn,no,no,no,no,no,False
101658674,METROPOLITAN NASHVILLE POLICE DEPT,2017-0473341,Davidson,Nashville,5/29/2017 1:42:00 PM,2,0,0,36.174030,-86.602320,OLD HICKORY BLVD,,,,168.00,Feet,North,CENTRAL PKE,,,,0.00,N,Not at Intersection,N,Non-Junction,None,,,         ,Sandra,Talavera,Cloudy,Angle,no,no,no,yes,yes,False
101658675,METROPOLITAN NASHVILLE POLICE DEPT,20170473417,Davidson,Nashville,5/29/2017 4:14:00 PM,2,1,0,36.187430,-86.775330,I 24,,,,0.00,,,,,,,47.10,N,Not at Intersection,N,Non-Junction,None,,,         ,Cressie,Prill,Clear,Front to Rear,no,no,no,no,no,False
101658713,METROPOLITAN NASHVILLE POLICE DEPT,20170473606,Davidson,Nashville,5/29/2017 5:55:00 PM,2,0,0,36.137850,-86.820640,I440 W EXT RAMP,,,,0.00,,,I 440,,,,0.00,Y,T-Intersection, ,Entrance/Exit Ramp Related,None,,,         ,Tien,Nguyen,Clear,"Sideswipe, Same Direction",no,no,no,no,no,False
101658747,METROPOLITAN NASHVILLE POLICE DEPT,20170473681,Davidson,Nashville,5/29/2017 5:33:00 PM,3,0,0,36.055000,-86.642250,ZELIDA AV,,,,46.00,Feet,East,BELL RD,,,,0.00,N,Not at Intersection,N,Non-Junction,None,,,         ,William,Durham,Clear,Front to Rear,no,no,no,no,yes,False
101658748,METROPOLITAN NASHVILLE POLICE DEPT,20170473384,Davidson,Nashville,5/29/2017 4:18:00 PM,2,0,0,36.151790,-86.765220,UNIVERSITY CT,,,,252.00,Feet,South,CARROLL ST,,,,0.00,N,Not at Intersection,N,Non-Junction,None,,,         ,Jefferson,Hughes,Clear,Front to Rear,no,no,no,no,yes,False
101658789,METROPOLITAN NASHVILLE POLICE DEPT,20170473426,Davidson,Nashville,5/29/2017 4:44:00 PM,3,0,0,36.042170,-86.726510,OLD HICKORY BLVD,,,,50.00,Feet,South,WOODLANDS AV,,,,0.00,N,Not at Intersection,N,Non-Junction,None,,,         ,William,King,Clear,Front to Rear,no,no,no,no,no,False
101658794,METROPOLITAN NASHVILLE POLICE DEPT,20170473895,Davidson,Nashville,5/29/2017 7:40:00 PM,2,0,0,36.084410,-86.738090,COVENTRY CT,,,,0.00,,,ELYSIAN FIELDS RD,,,,0.00,Y,T-Intersection, ,Non-Junction,None,,,         ,Miguel,Garcia,Clear,Front to Rear,no,no,no,no,no,False
101658814,METROPOLITAN NASHVILLE POLICE DEPT,20170473936,Davidson,Nashville,5/29/2017 8:04:00 PM,2,0,0,36.148500,-86.806910,24TH AVN,,,,71.00,Feet,South,ELLISTON PL,,,,0.00,N,Not at Intersection,N,Non-Junction,None,,,         ,Tien,Nguyen,Clear,"Sideswipe, Same Direction",no,no,no,no,no,Campus
101658815,METROPOLITAN NASHVILLE POLICE DEPT,20170473913,Davidson,Nashville,5/29/2017 7:30:00 PM,1,0,0,36.249820,-86.783700,I 24,,,,0.00,,,,,,,42.70,N,Not at Intersection,N,Non-Junction,None,,,         ,Jerry,Pirtle,Cloudy,Not Collision with Motor Vehicle in Transport,no,no,no,no,no,False
101658816,METROPOLITAN NASHVILLE POLICE DEPT,20170473838,Davidson,Nashville,5/29/2017 6:08:00 PM,2,1,0,36.142930,-86.744770,MURFREESBORO PKE,,,,129.00,Feet,West,FESSLERS LN,,,,0.00,N,Not at Intersection,N,Non-Junction,None,,,         ,William,McDaniel,Clear,Front to Rear,no,no,no,no,yes,False
101658927,METROPOLITAN NASHVILLE POLICE DEPT,20170473984,Davidson,Nashville,5/29/2017 8:30:00 PM,3,0,0,36.086860,-86.695950,S PERIMETER PARK DR,,,,0.00,,,HARDING PL,,,,0.00,Y,Four-Way,N,Non-Junction,None,,,         ,Eric,Keller,Clear,Front to Rear,no,no,no,no,yes,False
101659008,METROPOLITAN NASHVILLE POLICE DEPT,20170474142,Davidson,Nashville,5/29/2017 10:15:00 PM,2,1,0,36.144010,-86.700190,I 40,,,,0.00,,,,,,,214.70,N,Not at Intersection,N,Non-Junction,None,,,         ,John,Kelley,Clear,Front to Rear,no,no,no,no,no,False
101659019,METROPOLITAN NASHVILLE POLICE DEPT,20170474055,Davidson,Antioch,5/29/2017 9:43:00 PM,2,2,0,36.064790,-86.628480,HAMILTON CHURCH RD,,,,0.00,,,MURFREESBORO PKE,,,,0.00,Y,Four-Way,N,Intersection,None,,,         ,Victoria,Cunningham,Clear,Angle,no,no,no,no,no,False
101659035,METROPOLITAN NASHVILLE POLICE DEPT,20170474252,Davidson,Nashville,5/29/2017 11:12:00 PM,2,1,0,36.049980,-86.649500,MT VIEW RD,,,,0.00,,,BELL RD,,,,0.00,Y,Four-Way,Y,Intersection,None,,,         ,Kevin,Breeding,Clear,Angle,no,no,no,no,yes,False
101659059,METROPOLITAN NASHVILLE POLICE DEPT,20170474419,Davidson,Nashville,5/30/2017 12:29:00 AM,1,1,0,36.175850,-86.746050,S 14TH ST,,,,0.00,,,HOLLY ST,,,,0.00,Y,Four-Way,Y,Intersection,None,,,         ,Ky,Luu,Clear,Not Collision with Motor Vehicle in Transport,no,yes,no,no,no,False
101659087,METROPOLITAN NASHVILLE POLICE DEPT,20170474540,Davidson,Nashville,5/29/2017 8:50:00 PM,2,0,0,36.090550,-86.648260,RAMBLING RD,,,,126.00,Feet,East,BOROWOOD DR,,,,0.00,N,Not at Intersection,N,Non-Junction,None,,,         ,Robert,Fondren,Cloudy,Unknown,no,no,no,yes,yes,False
101659091,METROPOLITAN NASHVILLE POLICE DEPT,20170474475,Davidson,Nashville,5/29/2017 9:20:00 PM,2,0,0,36.175700,-86.813470,23RD AVN,,,,342.00,Feet,South,OSAGE ST,,,,0.00,N,Not at Intersection, ,Non-Junction,None,,,         ,Nicholas,Carter,Clear,Front to Rear,no,no,no,no,yes,False
101659099,METROPOLITAN NASHVILLE POLICE DEPT,20170474362,Davidson,Nashville,5/30/2017 12:05:00 AM,1,0,0,36.163590,-86.874920,ANNEX AV,,,,67.00,Feet,North,FRISCO AV,,,,0.00,N,Not at Intersection,N,Non-Junction,None,,,         ,Jean,McCormack,Clear,Not Collision with Motor Vehicle in Transport,no,no,no,yes,yes,False
101659112,GOODLETTSVILLE POLICE DEPT,17-19250,Davidson,Goodlettsville,5/29/2017 10:46:00 PM,1,1,0,36.299717,-86.725413,DRY CREEK,RD,,,150.00,Feet,West,TRELLIS,WAY,,,0.00,N,Not at Intersection,N,Non-Junction,None,,,         ,Brandon,Wright,Clear,Not Collision with Motor Vehicle in Transport,no,no,no,no,no,False
101659116,METROPOLITAN NASHVILLE POLICE DEPT,20170474588,Davidson,Nashville,5/30/2017 1:19:00 AM,3,0,0,36.082480,-86.606120,ANDERSON RD,,,,500.00,Feet,South,HARVEST CT,,,,0.00,N,Not at Intersection,N,Unknown,None,,,         ,Robert,Fondren,Cloudy,Not Collision with Motor Vehicle in Transport,no,no,no,no,yes,False
101659133,METROPOLITAN NASHVILLE POLICE DEPT,20170474859,Davidson,Nashville,5/30/2017 4:05:00 AM,1,0,0,36.135920,-86.727410,I24 E EXT RAMP,,,,0.00,Feet,East,I 24,,,,0.00,N,Not at Intersection,N,Entrance/Exit Ramp Related,None,,,         ,Dale,Dameron,Clear,Not Collision with Motor Vehicle in Transport,no,no,no,no,no,False
101659147,METROPOLITAN NASHVILLE POLICE DEPT,20170474993,Davidson,Antioch,5/30/2017 12:00:00 AM,2,0,0,36.041250,-86.345910,DERBYSHIRE,DR,US1,,50.00,Feet,South,ARVINGTON,WAY,US2,,0.00,N,Not at Intersection,N,Non-Junction,None,,,         ,Autumn,Manning,Clear,"Sideswipe, Same Direction",no,no,no,no,yes,False
101659152,METROPOLITAN NASHVILLE POLICE DEPT,20170475053,Davidson,Not in City Limit,5/30/2017 5:56:00 AM,2,1,0,36.034520,-86.973990,HIGHWAY 100,,,,0.00,,,MCCRORY LN,,,,0.00,Y,T-Intersection,N,Intersection,None,,,         ,Jackson,Smythe,Clear,Angle,no,no,no,no,no,False
101659160,METROPOLITAN NASHVILLE POLICE DEPT,20170475033,Davidson,Nashville,5/30/2017 5:40:00 AM,2,0,0,36.171210,-86.870970,BRILEY PKWY S ENT RAMP,,,,0.00,Feet,East,CENTENNIAL BLVD,,,,0.00,N,Not at Intersection, ,Entrance/Exit Ramp Related,None,,,         ,Jean,McCormack,Clear,Front to Rear,no,no,no,no,no,False
101659161,METROPOLITAN NASHVILLE POLICE DEPT,20170474704,Davidson,Nashville,5/30/2017 2:30:00 AM,1,1,0,36.150280,-86.766730,LAFAYETTE ST,,,,274.00,Feet,West,1ST AVS,,,,0.00,N,Not at Intersection,N,Non-Junction,None,,,         ,Nicholas,Smith,Clear,Not Collision with Motor Vehicle in Transport,yes,no,no,no,yes,False
101659193,METROPOLITAN NASHVILLE POLICE DEPT,20170475187,Davidson,Nashville,5/30/2017 6:55:00 AM,2,0,0,36.120430,-86.703980,GLENGARRY DR,,,,179.00,Feet,South,MURFREESBORO PKE,,,,0.00,N,Not at Intersection,N,Non-Junction,None,,,         ,Stephen,Soule,Clear,Angle,no,no,no,no,yes,False
101659213,METROPOLITAN NASHVILLE POLICE DEPT,20170475178,Davidson,Nashville,5/30/2017 7:01:00 AM,1,1,0,36.251280,-86.690970,NEELYS BEND RD,,,,116.00,Feet,West,KINSEY BLVD,,,,0.00,N,Not at Intersection,N,Non-Junction,None,,,         ,Michelle,Steidl,Clear,Not Collision with Motor Vehicle in Transport,no,no,no,no,no,False
101659220,METROPOLITAN NASHVILLE POLICE DEPT,20170475255,Davidson,Antioch,5/30/2017 7:30:00 AM,1,0,0,36.072240,-86.588770,MT VIEW RD,,,,18.00,Feet,East,SMITH SPRINGS PKWY,,,,0.00,N,Not at Intersection,N,Non-Junction,None,,,         ,Roderic,Williams,Clear,Not Collision with Motor Vehicle in Transport,no,no,no,no,no,False
101659222,METROPOLITAN NASHVILLE POLICE DEPT,20170475184,Davidson,Nashville,5/30/2017 7:04:00 AM,2,0,0,36.141110,-86.717970,I 40,,,,0.00,,,,,,,213.75,N,Not at Intersection, ,Non-Junction,None,,,         ,Johnathan,Carlisle,Clear,Front to Rear,no,no,no,no,no,False
101659231,METROPOLITAN NASHVILLE POLICE DEPT,20170475148,Davidson,Nashville,5/30/2017 6:43:00 AM,3,0,0,36.152690,-86.690420,ELM HILL PKE,,,,0.00,,,BRILEY PKWY N ENT RAMP,,,,0.00,Y,OTHER, ,Intersection-Related,None,,,         ,James,Curtis,Clear,Front to Rear,no,no,no,no,yes,False
101659235,METROPOLITAN NASHVILLE POLICE DEPT,20170475371,Davidson,Nashville,5/30/2017 8:09:00 AM,2,0,0,36.168490,-86.759880,SHELBY AV,,,,100.00,Feet,West,S 6TH ST,,,,0.00,N,Not at Intersection,N,Non-Junction,None,,,         ,Richard,Conger,Clear,Front to Rear,no,no,no,no,no,False
101659247,METROPOLITAN NASHVILLE POLICE DEPT,20170475378,Davidson,Nashville,5/30/2017 12:00:00 AM,2,0,0,36.179300,-86.761140,N 8TH ST,,,,357.00,Feet,North,SMILEY ST,,,,0.00,N,Not at Intersection,N,Non-Junction,None,,,         ,Ian,Herlein,Clear,Angle,no,no,no,no,yes,False
101659269,METROPOLITAN NASHVILLE POLICE DEPT,20170475529,Davidson,Nashville,5/30/2017 9:00:00 AM,2,0,0,36.153990,-86.858090,I40 W ENT RAMP,,,,0.00,,,ROBERTSON AV,,,,0.00,Y,Four-Way, ,Intersection,None,,,         ,Curtis,Rich,Clear,Front to Rear,no,no,no,no,no,False
101659288,METROPOLITAN NASHVILLE POLICE DEPT,20170475424,Davidson,Nashville,5/30/2017 8:26:00 AM,2,0,0,36.129480,-86.785950,10TH AVS,,,,160.00,Feet,South,SOUTH DOUGLAS AV,,,,0.00,N,Not at Intersection, ,,None,,,         ,Phillip,Murphy,,,no,no,no,no,no,False
101659289,METROPOLITAN NASHVILLE POLICE DEPT,20170475629,Davidson,Nashville,5/30/2017 9:38:00 AM,2,1,0,36.214020,-86.764880,ROCK ST,,,,145.00,Feet,West,DICKERSON PKE,,,,0.00,N,Not at Intersection,N,Non-Junction,None,,,         ,Richard,Conger,Clear,Front to Rear,no,no,no,no,no,False
101659302,METROPOLITAN NASHVILLE POLICE DEPT,2017-0475136,Davidson,Nashville,5/30/2017 6:25:00 AM,3,1,0,36.085780,-86.700760,HARDING PL,,,,212.00,Feet,East,I24 E EXT RAMP,,,,0.00,N,Not at Intersection,Y,Entrance/Exit Ramp Related,None,,,         ,William,Whitworth,Clear,Front to Rear,no,no,no,no,no,False
101659303,METROPOLITAN NASHVILLE POLICE DEPT,2017-0475282,Davidson,Nashville,5/30/2017 7:40:00 AM,2,0,0,36.085830,-86.700590,HARDING PL,,,,269.00,Feet,East,I24 E EXT RAMP,,,,0.00,N,Not at Intersection, ,Non-Junction,None,,,         ,William,Whitworth,Clear,Front to Rear,no,no,no,no,no,False
101659310,METROPOLITAN NASHVILLE POLICE DEPT,20170475782,Davidson,Nashville,5/30/2017 10:00:00 AM,2,0,0,36.130290,-86.899940,CHARLOTTE PKE,,,,0.00,,,I40 W EXT RAMP,,,,0.00,Y,T-Intersection, ,Intersection,Construction Zone,,,         ,Curtis,Rich,Cloudy,Front to Rear,no,no,no,no,no,False
101659328,METROPOLITAN NASHVILLE POLICE DEPT,20170475667,Davidson,Antioch,5/30/2017 9:30:00 AM,2,0,0,35.990260,-86.639140,BURKITT RD,,,,0.72,Miles,West,BATTLE RD,,,,0.00,N,Not at Intersection,N,Non-Junction,None,,,         ,Thomas,White,Clear,Angle,no,no,no,no,no,False
101659361,METROPOLITAN NASHVILLE POLICE DEPT,20170475547,Davidson,Nashville,5/30/2017 9:05:00 AM,2,2,0,36.205130,-86.776620,I 65,,,,0.00,,,,,,,87.20,N,Not at Intersection,N,Non-Junction,None,,,         ,Jeanine,Sarno,Clear,Front to Rear,no,no,no,no,no,False
101659368,METROPOLITAN NASHVILLE POLICE DEPT,20170475920,Davidson,Nashville,5/30/2017 10:55:00 AM,1,0,0,36.227540,-86.779170,I 24,,,,0.00,,,,,,,44.60,N,Not at Intersection, ,Non-Junction,None,,,         ,Michael,Parman,Clear,Not Collision with Motor Vehicle in Transport,no,no,no,no,no,False
101659370,METROPOLITAN NASHVILLE POLICE DEPT,20170475863,Davidson,Nashville,5/30/2017 12:00:00 AM,2,0,0,36.171270,-86.795380,WARREN ST,,,,150.00,Feet,North,PHILLIPS ST,,,,0.00,N,Not at Intersection,N,Non-Junction,None,,,         ,Garren,Hoskins,Clear,Unknown,no,no,no,no,yes,False
101659373,METROPOLITAN NASHVILLE POLICE DEPT,20170475757,Davidson,Nashville,5/30/2017 10:00:00 AM,3,1,0,36.196590,-86.776120,I 65,,,,0.00,,,,,,,86.65,N,Not at Intersection,N,Non-Junction,None,,,         ,Andrae,Starling,Clear,Front to Rear,no,no,no,no,yes,False
101659375,METROPOLITAN NASHVILLE POLICE DEPT,20170475907,Davidson,Nashville,5/30/2017 10:55:00 AM,2,0,0,36.192320,-86.616300,OLD HICKORY BLVD,,,,0.00,,,JUAREZ DR,,,,0.00,Y,T-Intersection,N,Intersection,None,,,         ,Michael,Dance,Clear,Angle,no,no,no,no,yes,False
101659382,METROPOLITAN NASHVILLE POLICE DEPT,20170475933,Davidson,Nashville,5/30/2017 10:30:00 AM,2,0,0,36.165010,-86.865760,MORROW RD,,,,0.00,,,63RD AVN,,,,0.00,Y,T-Intersection,N,Intersection,None,,,         ,Curtis,Rich,Cloudy,Front to Rear,no,no,no,no,yes,False
101659410,METROPOLITAN NASHVILLE POLICE DEPT,20170475931,Davidson,Nashville,5/30/2017 11:19:00 AM,1,0,0,36.156370,-86.766580,MIDDLETON ST,,,,211.00,Feet,North,HERMITAGE AV,,,,0.00,N,Not at Intersection, ,Non-Junction,None,,,         ,Seth,Quiles,Clear,Not Collision with Motor Vehicle in Transport,no,no,no,yes,no,False
101659430,METROPOLITAN NASHVILLE POLICE DEPT,20170475840,Davidson,Nashville,5/30/2017 10:43:00 AM,1,0,0,36.168460,-86.600280,OLD HICKORY BLVD,,,,0.00,,,SELLS DR,,,,0.00,Y,T-Intersection, ,Intersection,None,,,         ,James,Curtis,Clear,Not Collision with Motor Vehicle in Transport,no,no,no,no,no,False
101659431,VANDERBILT UNIVERSITY POLICE,17-0475838,Davidson,Nashville,5/30/2017 10:30:00 AM,2,0,0,36.145050,-86.792840,16TH AVS,,,,229.00,Feet,North,TREMONT ST,,,,0.00,N,Not at Intersection, ,Non-Junction,None,,,         ,Linda,Jennings,Clear,"Sideswipe, Same Direction",no,no,no,no,no,False
101659442,METROPOLITAN NASHVILLE POLICE DEPT,20170476048,Davidson,Nashville,5/30/2017 11:55:00 AM,2,0,0,36.152310,-86.848580,51ST AVN,,,,124.00,Feet,North,CHARLOTTE AV,,,,0.00,N,Not at Intersection, ,Non-Junction,None,,,         ,Curtis,Rich,Cloudy,Angle,no,no,no,no,yes,False
101659443,METROPOLITAN NASHVILLE POLICE DEPT,20170476087,Davidson,Nashville,5/30/2017 12:28:00 PM,2,0,0,36.158270,-86.813790,CLIFTON AV,,,,0.00,,,25TH AVN,,,,0.00,Y,T-Intersection,N,Intersection,None,,,         ,Andrae,Starling,Clear,Angle,no,no,no,no,yes,False
101659444,METROPOLITAN NASHVILLE POLICE DEPT,20170475995,Davidson,Nashville,5/30/2017 11:40:00 AM,2,2,0,36.206410,-86.775740,I65 N ENT RAMP,,,,0.00,,,I 65,,,,0.00,Y,Y-Intersection,N,Intersection,None,,,         ,Richard,Conger,Clear,Angle,no,no,no,no,no,False
101659458,METROPOLITAN NASHVILLE POLICE DEPT,20170476071,Davidson,Nashville,5/30/2017 11:43:00 AM,2,0,0,36.090330,-86.626500,BELL RD,,,,0.00,,,SMITH SPRINGS RD,,,,0.00,Y,Four-Way, ,Intersection,None,,,         ,MIchael,Mihajlov,Clear,Front to Rear,no,no,no,no,no,False
101659461,METROPOLITAN NASHVILLE POLICE DEPT,20170475453,Davidson,Nashville,5/30/2017 8:10:00 AM,2,0,0,36.141510,-86.715460,I 40,,,,0.00,,,,,,,213.90,N,Not at Intersection, ,Non-Junction,None,,,         ,Wesley,Young,Clear,Front to Rear,no,no,no,no,no,False
101659462,METROPOLITAN NASHVILLE POLICE DEPT,20170475859,Davidson,Nashville,5/30/2017 10:47:00 AM,2,0,0,36.152360,-86.754110,I 40,,,,0.00,,,,,,,211.35,N,Not at Intersection,N,Non-Junction,None,,,         ,Wesley,Young,Clear,Front to Rear,no,no,no,no,no,False
101659465,GOODLETTSVILLE POLICE DEPT,17-19319,Davidson,Goodlettsville,5/30/2017 11:43:00 AM,2,1,0,36.301600,-86.710130,I 65,,,,0.00,,,,,,,95.30,N,Not at Intersection,N,Non-Junction,None,,,         ,George,Forbes,Clear,Front to Rear,no,no,no,no,no,False
101659487,METROPOLITAN NASHVILLE POLICE DEPT,20170475174,Davidson,Nashville,5/30/2017 5:25:00 AM,2,0,0,36.085750,-86.700850,HARDING PL,,,,186.00,Feet,East,I24 E ENT RAMP,,,,0.00,N,Not at Intersection,N,Non-Junction,None,,,         ,Michael,Dudley,Clear,Front to Rear,no,no,no,no,no,False
101659490,METROPOLITAN NASHVILLE POLICE DEPT,20170475772,Davidson,Nashville,5/30/2017 10:21:00 AM,2,1,0,36.157500,-86.760420,I 24,,,,0.00,,,,,,,49.60,N,Not at Intersection,Y,Entrance/Exit Ramp Related,None,,,         ,Frank,Campbell,Clear,Front to Rear,no,no,no,no,yes,False
101659496,METROPOLITAN NASHVILLE POLICE DEPT,20170476161,Davidson,Nashville,5/30/2017 12:33:00 PM,2,0,0,36.152740,-86.840940,45TH AVN,,,,218.00,Feet,South,ALABAMA AV,,,,0.00,N,Not at Intersection, ,Non-Junction,Utility Zone,,,         ,Curtis,Rich,Cloudy,Angle,no,no,no,no,no,False
101659530,METROPOLITAN NASHVILLE POLICE DEPT,20170476303,Davidson,Nashville,5/30/2017 1:30:00 PM,2,0,0,36.124940,-86.754080,ROSEDALE AV,,,,0.00,,,KLINE AV,,,,0.00,Y,T-Intersection,N,Intersection,None,,,         ,Nathan,Kemp,Clear,Front to Rear,no,no,no,no,no,False
101659532,METROPOLITAN NASHVILLE POLICE DEPT,20170476025,Davidson,Nashville,5/30/2017 11:20:00 AM,2,0,0,36.150150,-86.857950,CHARLOTTE PKE,,,,0.00,Feet,,WHITE BRIDGE PKE,,,,0.00,Y,Four-Way, ,Intersection,None,,,         ,Brian,Myatt,Clear,"Sideswipe, Same Direction",no,no,no,no,no,False
101659541,METROPOLITAN NASHVILLE POLICE DEPT,20170476094,Davidson,Nashville,5/30/2017 12:34:00 PM,2,0,0,36.187920,-86.798480,DOMINICAN DR,,,,0.00,Feet,West,ROSA L PARKS BLVD,,,,0.00,N,Not at Intersection, ,Non-Junction,None,,,         ,Craig,Bega,Clear,Front to Rear,no,no,no,no,no,False
101659571,METROPOLITAN NASHVILLE POLICE DEPT,20170476276,Davidson,Nashville,5/30/2017 1:19:00 PM,2,4,0,36.176430,-86.772240,I 24,,,,0.00,,,,,,,48.00,N,Not at Intersection,N,Non-Junction,None,,,         ,Richard,Conger,Clear,Front to Rear,no,no,no,no,no,False
101659574,METROPOLITAN NASHVILLE POLICE DEPT,20170476240,Davidson,Nashville,5/30/2017 12:50:00 PM,2,0,0,36.188100,-86.798490,ROSA L PARKS BLVD,,,,67.00,Feet,North,DOMINICAN DR,,,,0.00,N,Not at Intersection, ,Non-Junction,None,,,         ,Isaac,Wood,Clear,Front to Rear,no,no,no,no,no,False
101659588,METROPOLITAN NASHVILLE POLICE DEPT,20170476211,Davidson,Nashville,5/30/2017 12:55:00 PM,3,0,0,36.152350,-86.769010,LINDSLEY AV,,,,0.00,,,2ND AVS,,,,0.00,Y,Four-Way,Y,Intersection,None,,,         ,Wesley,Henderson,Cloudy,Angle,no,no,no,no,yes,False
101659609,METROPOLITAN NASHVILLE POLICE DEPT,20170476066,Davidson,Nashville,5/30/2017 12:04:00 PM,2,4,0,36.251120,-86.718230,BRINK HAVEN AV,,,,0.00,Feet,,GALLATIN PKES,,,,0.00,Y,T-Intersection,N,Non-Junction,None,,,         ,Steven,Snitzer,Clear,Angle,no,no,no,no,no,False
101659661,METROPOLITAN NASHVILLE POLICE DEPT,20170476605,Davidson,Nashville,5/30/2017 3:20:00 PM,2,0,0,36.173320,-86.765660,SPRING ST,,,,197.00,Feet,North,MAIN ST ENT RAMP,,,,0.00,N,Not at Intersection, ,Non-Junction,None,,,         ,Michael,Moss,Rain,"Sideswipe, Same Direction",no,no,no,no,yes,False