master_record_number,agency,agency_tracking_number,county,city,collision_date,vehicles_involved,number_injured,number_dead,latitude,longitude,roadway_name,roadway_suffix,roadway_number,roadway_local_id,distance_from_reference,miles-feet_indicator,direction_from_reference,intersection_road_name,intersection_road_name_suffix,intersection_road_number,intersection_local_id,mile_marker,intersection_indicator,intersect_type,interchange_related_indicator,relation_to_junction,work_zone_type,construction_maintenance_zone,construction_maintenance_zone_location,fatal_case_number,officer_first_name,officer_last_name,weather_condition(s),manner_of_crash,pedestrian,bicycle,scooter,parking,hitrun,mou
101661541,METROPOLITAN NASHVILLE POLICE DEPT,20170484333,Davidson,Nashville,6/1/2017 4:35:00 PM,2,0,0,36.162020,-86.849520,LOUISIANA AV,,,,122.00,Feet,West,51ST AVN,,,,0.00,N,Not at Intersection,N,Non-Junction,None,,,         ,Johnathan,Pannell,Clear,Not Collision with Motor Vehicle in Transport,no,no,no,no,no,False
101661553,METROPOLITAN NASHVILLE POLICE DEPT,20170484314,Davidson,Nashville,6/1/2017 4:30:00 PM,2,0,0,36.159120,-86.818630,28TH AVN,,,,145.00,Feet,North,CLIFTON AV,,,,0.00,N,Not at Intersection, ,Non-Junction,None,,,         ,Clayton,Lewis,Clear,Angle,no,no,no,no,no,False
101661557,METROPOLITAN NASHVILLE POLICE DEPT,20170484142,Davidson,Nashville,6/1/2017 3:22:00 PM,2,0,0,36.154750,-86.676290,LAKELAND DR,,,,0.00,,,EMERY DR,,,,0.00,Y,Four-Way,N,Intersection,None,,,         ,Jaby,Djabbarov,Clear,Angle,no,no,no,no,no,False
101661558,METROPOLITAN NASHVILLE POLICE DEPT,20170484240,Davidson,Nashville,6/1/2017 4:00:00 PM,2,2,0,36.142200,-86.666600,I40 W EXT RAMP,,,,0.00,,,I 40,,,,0.00,Y,Four-Way,N,Intersection,None,,,         ,Jaby,Djabbarov,Clear,Angle,no,no,no,no,no,False
101661559,METROPOLITAN NASHVILLE POLICE DEPT,20170484376,Davidson,Nashville,6/1/2017 4:51:00 PM,2,1,0,36.178240,-86.644840,LEBANON PKE,,,,670.00,Feet,South,DANYACREST DR,,,,0.00,N,Not at Intersection,N,Non-Junction,None,,,         ,Jaby,Djabbarov,Clear,"Sideswipe, Same Direction",no,no,no,no,no,False
101661570,METROPOLITAN NASHVILLE POLICE DEPT,20170484317,Davidson,Nashville,6/1/2017 4:23:00 PM,2,0,0,36.120550,-86.750020,I440 E ENT RAMP,,,,0.00,,,NOLENSVILLE PKE,,,,0.00,Y,Four-Way, ,Intersection-Related,None,,,         ,Alyson,Cook,Clear,"Sideswipe, Same Direction",no,no,no,no,no,False
101661572,METROPOLITAN NASHVILLE POLICE DEPT,20170484523,Davidson,Nashville,6/1/2017 5:40:00 PM,2,0,0,36.141950,-86.816230,32ND AVS,,,,0.00,,,WEST END AV,,,,0.00,Y,T-Intersection, ,Intersection-Related,None,,,         ,Eric,Burford,Clear,Front to Rear,no,no,no,no,no,Campus
101661582,METROPOLITAN NASHVILLE POLICE DEPT,20170484277,Davidson,Nashville,6/1/2017 4:16:00 PM,2,0,0,36.125910,-86.846360,HARDING PKE,,,,50.00,Feet,East,KENNER AVN,,,,0.00,N,Not at Intersection, ,Non-Junction,None,,,         ,Walter,Gray II,Clear,"Sideswipe, Same Direction",no,no,no,no,no,False
101661583,METROPOLITAN NASHVILLE POLICE DEPT,20170484561,Davidson,Nashville,6/1/2017 6:01:00 AM,2,0,0,36.228760,-86.759380,DICKERSON PKE,,,,225.00,Feet,South,BROADMOOR DR,,,,0.00,N,Not at Intersection, ,Non-Junction,None,,,         ,Steven,Frazier Jr.,Clear,Angle,no,no,no,no,no,False
101661603,METROPOLITAN NASHVILLE POLICE DEPT,20170484529,Davidson,Nashville,6/1/2017 5:43:00 PM,2,1,0,36.050830,-86.879890,OLD HICKORY BLVD,,,,495.00,Feet,East,CHICKERING RD,,,,0.00,N,Not at Intersection,N,Non-Junction,None,,,         ,Brandon,Pedigo,Clear,Front to Rear,no,no,no,no,no,False
101661604,METROPOLITAN NASHVILLE POLICE DEPT,20170484363,Davidson,Nashville,6/1/2017 4:41:00 PM,2,0,0,36.120830,-86.703590,MURFREESBORO PKE,,,,0.00,,,GLENGARRY DR,,,,0.00,Y,T-Intersection,N,Intersection-Related,None,,,         ,Alyson,Cook,Clear,Angle,no,no,no,no,yes,False
101661605,METROPOLITAN NASHVILLE POLICE DEPT,20170484592,Davidson,Old Hickory,6/1/2017 4:53:00 PM,2,1,0,36.202222,-86.621300,ROBINSON,RD,,,0.00,,,INDUSTRIAL,DR,,,0.00,Y,Four-Way,N,Intersection,None,,,         ,Codey,Mullins,Cloudy,Front to Rear,no,no,no,no,no,False
101661610,METROPOLITAN NASHVILLE POLICE DEPT,20170484396,Davidson,Nashville,6/1/2017 4:57:00 PM,2,1,0,36.169990,-86.772710,S 1ST ST,,,,0.00,,,MAIN ST,,,,0.00,Y,Four-Way,N,Intersection,None,,,         ,Kendra,Cowper,Clear,Angle,no,no,no,no,no,False
101661611,METROPOLITAN NASHVILLE POLICE DEPT,20170484521,Davidson,Nashville,6/1/2017 5:35:00 PM,2,1,0,36.167140,-86.787130,JAMES ROBERTSON PKWY,,,,0.00,,,ROSA L PARKS BLVD,,,,0.00,Y,T-Intersection,N,Non-Junction,None,,,         ,Kendra,Cowper,Clear,Front to Rear,no,no,no,no,no,False
101661612,METROPOLITAN NASHVILLE POLICE DEPT,20170484417,Davidson,Nashville,6/1/2017 4:43:00 PM,3,0,0,36.128020,-86.843030,HARDING PKE,,,,300.00,Feet,East,WOODLAWN DR,,,,0.00,N,Not at Intersection,N,Non-Junction,None,,,         ,Walter,Gray II,Clear,Front to Rear,no,no,no,no,yes,False
101661617,METROPOLITAN NASHVILLE POLICE DEPT,20170484336,Davidson,Nashville,6/1/2017 4:19:00 PM,2,2,0,36.170820,-86.601560,I40 W ENT RAMP,,,,0.00,,,I 40,,,,0.00,Y,Four-Way,N,Intersection,None,,,         ,Kyle,Burks,Cloudy,Angle,no,no,no,no,no,False
101661626,METROPOLITAN NASHVILLE POLICE DEPT,20170484613,Davidson,Nashville,6/1/2017 6:21:00 PM,1,0,0,36.167430,-86.869630,BRILEY PKWYS,,,,312.00,Feet,South,BRILEY PKWYN,,,,0.00,N,Not at Intersection, ,Non-Junction,None,,,         ,Walter,Gray II,Cloudy,Not Collision with Motor Vehicle in Transport,no,no,no,no,no,False
101661636,METROPOLITAN NASHVILLE POLICE DEPT,20170484638,Davidson,Not in City Limit,6/1/2017 6:12:00 PM,1,0,0,36.324470,-86.771090,BRICK CHURCH PKE,,,,594.00,Feet,West,UNION HILL RD,,,,0.00,N,Not at Intersection, ,Non-Junction,None,,,         ,Samuel,Miller,Cloudy,Not Collision with Motor Vehicle in Transport,no,no,no,no,no,False
101661637,METROPOLITAN NASHVILLE POLICE DEPT,20170484458,Davidson,Nashville,6/1/2017 4:05:00 PM,2,0,0,36.242600,-86.758190,DOVERSIDE DR,,,,0.00,,,,,,,0.00,,,N,Non-Junction,None,,,         ,Samuel,Miller,Cloudy,Angle,no,no,no,yes,yes,False
101661643,METROPOLITAN NASHVILLE POLICE DEPT,20170484710,Davidson,Nashville,6/1/2017 3:30:00 PM,2,0,0,36.201760,-86.754920,CHEROKEE AV,,,,954.00,Feet,East,JONES AV,,,,0.00,N,Not at Intersection, ,Non-Junction,None,,,         ,Charles,Wakefield,Clear,Angle,no,no,no,no,no,False
101661644,METROPOLITAN NASHVILLE POLICE DEPT,20170484603,Davidson,Nashville,6/1/2017 5:44:00 PM,2,1,0,36.120050,-86.802660,I 440,,,,0.00,,,,,,,3.00,N,Not at Intersection,N,Non-Junction,None,,,         ,Austin,Kendrick,Clear,Front to Rear,no,no,no,no,no,False
101661645,METROPOLITAN NASHVILLE POLICE DEPT,20170484446,Davidson,Nashville,6/1/2017 5:14:00 PM,6,3,0,36.124010,-86.727730,I 24,,,,0.00,,,,,,,52.65,N,Not at Intersection,N,Non-Junction,None,,,         ,Alyson,Cook,Clear,"Sideswipe, Same Direction",no,no,no,no,no,False
101661652,METROPOLITAN NASHVILLE POLICE DEPT,20170484728,Davidson,Nashville,6/1/2017 5:22:00 PM,2,0,0,36.220560,-86.753930,HART LN,,,,86.00,Feet,West,WHITNEY PARK DR,,,,0.00,N,Not at Intersection,N,Non-Junction,None,,,         ,Steven,Frazier Jr.,Clear,"Sideswipe, Same Direction",no,no,no,no,no,False
101661657,METROPOLITAN NASHVILLE POLICE DEPT,20170484624,Davidson,Nashville,6/1/2017 6:13:00 PM,2,0,0,36.081680,-86.726980,NOLENSVILLE PKE,,,,347.00,Feet,South,WELSHWOOD DR,,,,0.00,N,Not at Intersection, ,Non-Junction,None,,,         ,David,Robberson,Clear,Front to Rear,no,no,no,no,no,False
101661665,METROPOLITAN NASHVILLE POLICE DEPT,20170484739,Davidson,Nashville,6/1/2017 7:00:00 PM,3,0,0,36.203150,-86.789150,BAPTIST WORLD CENTER DR,,,,0.00,,,MEADE AV,,,,0.00,Y,T-Intersection,N,Intersection-Related,None,,,         ,Clayton,Lewis,Clear,Front to Rear,no,no,no,no,yes,False
101661674,METROPOLITAN NASHVILLE POLICE DEPT,20170484731,Davidson,Nashville,6/1/2017 7:15:00 PM,3,0,0,36.173270,-86.791400,JEFFERSON ST,,,,0.00,,,ROSA L PARKS BLVD,,,,0.00,Y,Four-Way, ,Intersection-Related,None,,,         ,Landon,Bagwell,Clear,Front to Rear,no,no,no,no,no,False
101661675,METROPOLITAN NASHVILLE POLICE DEPT,20170484315,Davidson,Nashville,6/1/2017 4:20:00 PM,2,0,0,36.116710,-86.923250,CHARLOTTE PKE,,,,0.00,,,OLD HICKORY BLVD,,,,0.00,Y,Four-Way,N,Intersection-Related,None,,,         ,Benjamin,Spees,Clear,Front to Rear,no,no,no,no,yes,False
101661680,METROPOLITAN NASHVILLE POLICE DEPT,20170484845,Davidson,Nashville,6/1/2017 8:12:00 PM,2,1,0,36.147920,-86.806470,24TH AVS,,,,0.00,,,WEST END AV,,,,0.00,Y,Four-Way,N,Non-Junction,None,,,         ,David,Collins,Clear,Front to Rear,no,no,no,no,no,Campus
101661682,METROPOLITAN NASHVILLE POLICE DEPT,20170484811,Davidson,Nashville,6/1/2017 6:07:00 PM,2,0,0,36.128310,-86.727180,I 440,,,,0.00,,,,,,,7.60,N,Not at Intersection, ,,None,,,         ,Brandon,Vance,,,no,no,no,no,no,False
101661687,METROPOLITAN NASHVILLE POLICE DEPT,20170484925,Davidson,Not in City Limit,6/1/2017 8:43:00 PM,1,0,0,36.260430,-86.788990,I 24,,,,0.00,,,,,,,41.80,N,Not at Intersection,N,Non-Junction,None,,,         ,Samuel,Miller,Cloudy,Not Collision with Motor Vehicle in Transport,no,no,no,no,no,False
101661688,METROPOLITAN NASHVILLE POLICE DEPT,20170484515,Davidson,Nashville,6/1/2017 5:32:00 PM,2,0,0,36.043810,-86.844970,OLD HICKORY BLVD,,,,50.00,Feet,East,BALLEROY DR,,,,0.00,N,Not at Intersection,N,Non-Junction,None,,,         ,Melissa,Flores,Clear,Front to Rear,no,no,no,no,no,False
101661691,METROPOLITAN NASHVILLE POLICE DEPT,20170484661,Davidson,Madison,6/1/2017 6:55:00 PM,2,0,0,36.263090,-86.690490,E OLD HICKORY BLVD,,,,0.00,,,MYATT DR,,,,0.00,Y,Four-Way, ,Intersection,None,,,         ,George,Oden,Clear,Angle,no,no,no,no,no,False
101661728,METROPOLITAN NASHVILLE POLICE DEPT,20170484577,Davidson,Nashville,6/1/2017 5:23:00 PM,3,0,0,36.104290,-86.628170,BELL RD,,,,1159.00,Feet,South,NED SHELTON RD,,,,0.00,N,Not at Intersection,N,Non-Junction,None,,,         ,Thomas,Barnes,Clear,Front to Rear,no,no,no,no,no,False
101661734,Nashville Airport Police,2017-01787,Davidson,Nashville,6/1/2017 6:17:00 PM,1,0,0,36.135600,-86.666090,TERMINAL DR,,,,0.00,,,,,,,0.00,,,N,Non-Junction,None,,,         ,Chevy,Estes,Clear,Not Collision with Motor Vehicle in Transport,no,no,no,yes,no,False
101661749,METROPOLITAN NASHVILLE POLICE DEPT,20170484646,Davidson,Nashville,6/1/2017 6:40:00 PM,2,0,0,36.153820,-86.762900,I 40,,,,0.00,,,,,,,210.80,N,Not at Intersection,N,Non-Junction,None,,,         ,John,Daugherty,Clear,Front to Rear,no,no,no,no,no,False
101661753,METROPOLITAN NASHVILLE POLICE DEPT,20170485072,Davidson,Nashville,6/1/2017 9:31:00 PM,2,0,0,36.060350,-86.903500,OLD HICKORY BLVD,,,,789.00,Feet,South,HIGHWAY 100,,,,0.00,N,Not at Intersection, ,Non-Junction,None,,,         ,Walter,Gray II,Clear,Front to Rear,no,no,no,no,no,False
101661762,THP District 3 - Nashville,031703225,Davidson,Lakewood,5/31/2017 9:00:00 AM,2,0,0,36.245200,-86.638340,OLD HICKORY BLVD,,,,200.00,Feet,West,32ND ST,,,,0.00,N,Not at Intersection,N,Non-Junction,None,,,         ,Matthew,Priest,Clear,Front to Rear,no,no,no,no,no,False
101661810,METROPOLITAN NASHVILLE POLICE DEPT,20170485290,Davidson,Nashville,6/1/2017 10:00:00 PM,1,0,0,36.169600,-86.605200,I40 W ENT RAMP,,,,0.00,Feet,East,I 40,,,,0.00,N,Not at Intersection, ,Non-Junction,None,,,         ,Brenda,Navarro,Cloudy,Not Collision with Motor Vehicle in Transport,no,no,no,no,no,False
101661833,METROPOLITAN NASHVILLE POLICE DEPT,20170485315,Davidson,Nashville,6/1/2017 11:00:00 PM,3,0,0,36.177570,-86.794320,ROSA L PARKS BLVD,,,,288.00,Feet,North,TAYLOR ST,,,,0.00,N,Not at Intersection,N,Non-Junction,None,,,         ,Troy,Loewen,Clear,Front to Rear,no,no,no,no,no,False
101661835,METROPOLITAN NASHVILLE POLICE DEPT,20170485400,Davidson,Nashville,6/1/2017 11:33:00 PM,2,0,0,36.176870,-86.793850,TAYLOR ST,,,,0.00,,,ROSA L PARKS BLVD,,,,0.00,Y,OTHER,N,Intersection,None,,,         ,Joshua,Green,Clear,Angle,no,no,no,no,no,False
101661865,METROPOLITAN NASHVILLE POLICE DEPT,20170485374,Davidson,Nashville,6/1/2017 10:22:00 PM,2,0,0,36.070200,-86.727650,ADAMWOOD DR,,,,259.00,Feet,East,ADAMWOOD CTN,,,,0.00,N,Not at Intersection,N,Non-Junction,None,,,         ,Stephen,Waterman,Clear,"Sideswipe, Same Direction",no,no,no,yes,yes,False
101661877,METROPOLITAN NASHVILLE POLICE DEPT,20170485744,Davidson,Nashville,6/2/2017 1:40:00 AM,2,0,0,36.167370,-86.759350,SYLVAN ST,,,,115.00,Feet,East,S 6TH ST,,,,0.00,N,Not at Intersection,N,Non-Junction,None,,,         ,Eric,Hall,Clear,Rear to Side,no,no,no,no,yes,False
101661889,METROPOLITAN NASHVILLE POLICE DEPT,20170486090,Davidson,Not in City Limit,6/2/2017 4:29:00 AM,1,0,0,36.265030,-86.738190,I65 S ENT RAMP,,,,0.00,,,,,,,0.00,,, ,,None,,,         ,Patrick,McGinnis,,,no,no,no,no,no,False
101661906,METROPOLITAN NASHVILLE POLICE DEPT,20170486124,Davidson,Nashville,6/2/2017 12:00:00 AM,2,0,0,36.177180,-86.748260,WOODLAND ST,,,,66.00,Feet,East,N 12TH ST,,,,0.00,N,Not at Intersection,N,Non-Junction,None,,,         ,Eric,Hall,Clear,"Sideswipe, Same Direction",no,no,no,no,yes,False
101661940,METROPOLITAN NASHVILLE POLICE DEPT,20170486352,Davidson,Nashville,6/2/2017 7:05:00 AM,2,0,0,36.158830,-86.704990,LEBANON PKE,,,,297.00,Feet,East,WILOWEN DR,,,,0.00,N,Not at Intersection, ,Non-Junction,None,,,         ,Michael,Dance,Clear,"Sideswipe, Same Direction",no,no,no,no,no,False
101661982,METROPOLITAN NASHVILLE POLICE DEPT,20170483963,Davidson,Nashville,6/1/2017 1:56:00 PM,3,1,0,36.090440,-86.626350,BELL RD,,,,60.00,Feet,East,SMITH SPRINGS RD,,,,0.00,N,Not at Intersection,N,Non-Junction,None,,,         ,James,Curtis,Clear,Front to Rear,no,no,no,no,no,False
101661988,METROPOLITAN NASHVILLE POLICE DEPT,2017-0486380,Davidson,Nashville,6/2/2017 7:11:00 AM,2,0,0,36.151040,-86.770320,I40 W EXT RAMP,,,,0.00,Feet,East,I 40,,,,0.00,N,Not at Intersection, ,Non-Junction,None,,,         ,Kevin,Johnson,Clear,Angle,no,no,no,no,no,False
101661990,METROPOLITAN NASHVILLE POLICE DEPT,20170486457,Davidson,Nashville,6/2/2017 7:48:00 AM,3,1,0,36.169920,-86.756200,S 8TH ST,,,,0.00,,,SHELBY AV,,,,0.00,Y,Four-Way,N,Non-Junction,None,,,         ,Richard,Conger,Clear,Front to Rear,no,no,no,no,no,False
101662025,METROPOLITAN NASHVILLE POLICE DEPT,20170486474,Davidson,Nashville,6/2/2017 7:40:00 AM,2,0,0,36.189550,-86.798590,ROSA L PARKS BLVD,,,,600.00,Feet,North,DOMINICAN DR,,,,0.00,N,Not at Intersection,N,Non-Junction,None,,,         ,Garren,Hoskins,Clear,"Sideswipe, Same Direction",no,no,no,no,no,False
101662033,METROPOLITAN NASHVILLE POLICE DEPT,20170486507,Davidson,Nashville,6/2/2017 8:08:00 AM,2,0,0,36.165980,-86.766380,SHELBY AV,,,,199.00,Feet,West,INTERSTATE DR,,,,0.00,N,Not at Intersection, ,Non-Junction,None,,,         ,Frank,Campbell,Clear,Other,no,no,no,no,no,False
101662035,METROPOLITAN NASHVILLE POLICE DEPT,20170486615,Davidson,Nashville,6/2/2017 8:40:00 AM,2,0,0,36.201300,-86.694130,OPRY MILLS DR,,,,1124.00,Feet,East,SHELBY BOTTOMS GRNWY,,,,0.00,N,Not at Intersection, ,,None,,,         ,Richard,Hyatt,,,no,no,no,no,no,False
101662040,METROPOLITAN NASHVILLE POLICE DEPT,20170486730,Davidson,Nashville,6/2/2017 9:22:00 AM,2,0,0,36.109760,-86.811590,HILLSBORO PKE,,,,243.00,Feet,North,CRESTMOOR RD,,,,0.00,N,Not at Intersection, ,Non-Junction,None,,,         ,Curtis,Rich,Clear,Front to Rear,no,no,no,no,no,False
101662044,METROPOLITAN NASHVILLE POLICE DEPT,20170486608,Davidson,Nashville,6/2/2017 8:45:00 AM,2,0,0,36.115960,-86.725010,I 24,,,,0.00,,,,,,,53.20,N,Not at Intersection,N,Non-Junction,None,,,         ,James,Thomas,Clear,Front to Rear,no,no,no,no,yes,False
101662055,METROPOLITAN NASHVILLE POLICE DEPT,20170486648,Davidson,Nashville,6/2/2017 12:00:00 AM,2,0,0,36.159770,-86.795890,CHARLOTTE AV,,,,96.00,Feet,East,MCMILLIN ST,,,,0.00,N,Not at Intersection, ,Non-Junction,None,,,         ,Julie,Nabors,Clear,Angle,no,no,no,no,no,False
101662068,VANDERBILT UNIVERSITY POLICE,2017 - 0486688,Davidson,Nashville,6/2/2017 8:55:00 AM,2,0,0,36.142700,-86.811780,VANDERBILT PL,,,,0.00,,,,,,,0.00,,Not at Intersection, ,OtherLocation,None,,,         ,Charles,Payton,Clear,Rear to Side,no,no,no,yes,no,Campus
101662071,THP District 3 - Nashville,317032094,Davidson,Not in City Limit,5/30/2017 10:30:00 AM,1,0,0,36.259450,-86.738450,I 65,,,,0.00,,,,,,,91.90,N,Not at Intersection, ,Non-Junction,None,,,         ,Kevin,Smith,Clear,Not Collision with Motor Vehicle in Transport,no,no,no,no,no,False
101662072,THP District 3 - Nashville,317032556,Davidson,Nashville,6/1/2017 4:18:00 PM,2,0,0,36.139830,-86.666320,DONELSON PKE,,,,0.00,,,I40 E ENT RAMP,,,,0.00,Y,OTHER,N,Entrance/Exit Ramp Related,None,,,         ,Kevin,Smith,Clear,Angle,no,no,no,no,no,False
101662087,METROPOLITAN NASHVILLE POLICE DEPT,20170486800,Davidson,Nashville,6/2/2017 9:54:00 AM,2,0,0,36.160240,-86.773140,1ST AVS,,,,0.00,,,DEMONBREUN ST,,,,0.00,Y,T-Intersection, ,Non-Junction,None,,,         ,Seth,Quiles,Clear,Front to Rear,no,no,no,no,no,False
101662093,METROPOLITAN NASHVILLE POLICE DEPT,20170486418,Davidson,Nashville,6/2/2017 7:30:00 AM,2,1,0,36.115930,-86.774530,I 440,,,,0.00,,,,,,,4.85,N,Not at Intersection,N,Non-Junction,None,,,         ,Phillip,Murphy,Clear,Front to Rear,no,no,no,no,no,False
101662094,METROPOLITAN NASHVILLE POLICE DEPT,20170486701,Davidson,Nashville,6/2/2017 9:18:00 AM,2,0,0,36.052980,-86.652000,WILLOW POINTE PVTDR,,,,444.00,Feet,East,RURAL HILL RD,,,,0.00,N,Not at Intersection, ,Non-Junction,None,,,         ,Brandon,O'Guin,Clear,Rear to Side,no,no,no,yes,no,False
101662107,METROPOLITAN NASHVILLE POLICE DEPT,20170486617,Davidson,Nashville,6/2/2017 8:44:00 AM,2,0,0,36.227150,-86.597590,SAUNDERSVILLE RD,,,,70.00,Feet,North,WYNTERGRACE FARM RD,,,,0.00,N,Not at Intersection, ,Non-Junction,None,,,         ,Wesley,Young,Clear,Front to Rear,no,no,no,no,no,False
101662116,METROPOLITAN NASHVILLE POLICE DEPT,20170486854,Davidson,Nashville,6/2/2017 8:43:00 AM,2,0,0,36.231830,-86.700740,BRILEY PKWYE,,,,72.00,Feet,North,BRILEY PKWYS,,,,0.00,N,Not at Intersection, ,Non-Junction,None,,,         ,Michael,Dance,Clear,"Sideswipe, Same Direction",no,no,no,no,no,False
101662127,METROPOLITAN NASHVILLE POLICE DEPT,20170486901,Davidson,Nashville,6/2/2017 9:35:00 AM,2,0,0,36.216920,-86.597640,ANDREW JACKSON PKWY,,,,655.00,Feet,North,LEBANON PKE,,,,0.00,N,Not at Intersection, ,"Driveway, Alley Access, etc",None,,,         ,Michael,Dance,Clear,Front to Rear,no,no,no,no,no,False
101662136,METROPOLITAN NASHVILLE POLICE DEPT,20170486552,Davidson,Nashville,6/2/2017 8:25:00 AM,2,0,0,36.149190,-86.798480,BROADWAY,,,,92.00,Feet,North,DIVISION ST,,,,0.00,N,Not at Intersection,N,Non-Junction,None,,,         ,Phillip,Murphy,Clear,"Sideswipe, Same Direction",no,no,no,no,no,Campus
101662152,METROPOLITAN NASHVILLE POLICE DEPT,20170486887,Davidson,Nashville,6/2/2017 10:26:00 AM,2,0,0,36.241960,-86.757080,DICKERSON PKE,,,,0.00,,,DICKERSON PKE ENT RAMP,,,,0.00,Y,T-Intersection,N,Entrance/Exit Ramp Related,None,,,         ,Peter,Lynch,Clear,Front to Rear,no,no,no,no,no,False
101662168,METROPOLITAN NASHVILLE POLICE DEPT,20170486627,Davidson,Nashville,6/2/2017 8:54:00 AM,2,1,0,36.127030,-86.794130,BELMONT BLVD,,,,107.00,Feet,North,ELMWOOD AV,,,,0.00,N,Not at Intersection,N,Non-Junction,None,,,         ,Phillip,Murphy,Clear,Front to Rear,no,no,no,no,no,False
101662183,METROPOLITAN NASHVILLE POLICE DEPT,20170487054,Davidson,Nashville,6/2/2017 11:44:00 AM,2,0,0,36.173240,-86.739840,S 17TH ST,,,,0.00,,,FATHERLAND ST,,,,0.00,Y,Four-Way,N,Non-Junction,None,,,         ,Richard,Conger,Clear,"Sideswipe, Same Direction",no,no,no,no,no,False
101662193,METROPOLITAN NASHVILLE POLICE DEPT,20170487113,Davidson,Nashville,6/2/2017 12:14:00 PM,1,1,0,36.254600,-86.738840,I 65,,,,0.00,,,,,,,91.55,N,Not at Intersection,N,Non-Junction,None,,,         ,Brandon,Wood,Clear,Not Collision with Motor Vehicle in Transport,no,no,no,no,no,False
101662197,THP District 3 - Nashville,317031455,Davidson,Nashville,5/27/2017 9:33:00 PM,9,3,0,36.040810,-86.782570,I 65,,,,0.00,,,,,,,74.70,N,Not at Intersection,N,Non-Junction,None,,,         ,David,Greene,Rain,Front to Rear,no,no,no,no,no,False
101662209,METROPOLITAN NASHVILLE POLICE DEPT,20170487136,Davidson,Nashville,6/2/2017 12:19:00 PM,2,0,0,36.187400,-86.689670,BRILEY PKWYS,,,,361.00,Feet,West,BRILEY PKWY N EXT RAMP,,,,0.00,N,Not at Intersection, ,Non-Junction,None,,,         ,Michael,Dance,Clear,Not Collision with Motor Vehicle in Transport,no,no,no,no,no,False
101662220,METROPOLITAN NASHVILLE POLICE DEPT,20170487079,Davidson,Nashville,6/2/2017 11:30:00 AM,2,2,0,36.186832,-86.818715,26TH AVE N,AVE,,,20.00,Feet,North,CLARKSVILLE,PIKE,,,0.00,N,Not at Intersection,N,Non-Junction,None,,,         ,Robert,Kerpka,Clear,Front to Rear,no,no,no,no,no,False
101662227,VANDERBILT UNIVERSITY POLICE,2017-0487184,Davidson,Nashville,6/1/2017 12:00:00 AM,1,0,0,36.142590,-86.805670,HIGHLAND AV,,,,295.00,Feet,East,25TH AVS,,,,0.00,N,Not at Intersection,N,OtherLocation,None,,,         ,Stephanie,Reaber,Unknown,Unknown,no,no,no,yes,no,Campus
101662238,METROPOLITAN NASHVILLE POLICE DEPT,20170487070,Davidson,Nashville,6/2/2017 11:50:00 AM,2,0,0,36.187700,-86.776110,I 24,,,,0.00,,,,,,,47.05,N,Not at Intersection,N,Non-Junction,None,,,         ,Seth,Quiles,Clear,Front to Rear,no,no,no,no,no,False
101662247,METROPOLITAN NASHVILLE POLICE DEPT,20170487063,Davidson,Nashville,6/2/2017 11:00:00 AM,2,0,0,36.161430,-86.776400,BROADWAY,,,,100.00,Feet,East,4TH AVENUE NORTH,,,,0.00,N,Not at Intersection, ,,None,,,         ,William,Vincion,,,no,no,no,no,no,False
101662253,METROPOLITAN NASHVILLE POLICE DEPT,20170487196,Davidson,Nashville,6/2/2017 12:45:00 PM,2,0,0,36.154630,-86.779160,LAFAYETTE ST,,,,0.00,,,8TH AVS,,,,0.00,Y,Roundabout, ,Intersection,None,,,         ,Catherine,Poole,Clear,Angle,no,no,no,no,no,False
101662259,METROPOLITAN NASHVILLE POLICE DEPT,20170487175,Davidson,Nashville,6/2/2017 12:25:00 PM,2,0,0,36.106590,-86.813420,HILLSBORO PKE,,,,302.00,Feet,North,ABBOTT MARTIN RD,,,,0.00,N,Not at Intersection, ,,None,,,         ,Michael,Pyle,,,no,no,no,no,no,False
101662261,METROPOLITAN NASHVILLE POLICE DEPT,20170487015,Davidson,Nashville,6/2/2017 11:26:00 AM,2,1,0,36.167450,-86.662620,LEBANON PKE,,,,137.00,Feet,West,EDDINGS LN,,,,0.00,N,Not at Intersection,N,Non-Junction,None,,,         ,James,Curtis,Clear,Not Collision with Motor Vehicle in Transport,no,no,no,no,no,False
101662264,METROPOLITAN NASHVILLE POLICE DEPT,20170487223,Davidson,Madison,6/2/2017 12:55:00 PM,2,1,0,36.261240,-86.712530,GALLATIN PKES,,,,0.00,,,MAPLE ST,,,,0.00,Y,T-Intersection,N,Non-Junction,None,,,         ,Brian,Otto,Clear,Angle,no,no,no,no,no,False
101662269,METROPOLITAN NASHVILLE POLICE DEPT,20170487172,Davidson,Nashville,6/2/2017 12:19:00 PM,2,0,0,36.211000,-86.838930,FAIRVIEW DR,,,,0.00,,,CLARKSVILLE PKE,,,,0.00,Y,Four-Way, ,Non-Junction,None,,,         ,Jeanine,Sarno,Clear,Angle,no,no,no,no,no,False
101662272,METROPOLITAN NASHVILLE POLICE DEPT,20170486760,Davidson,Nashville,6/2/2017 9:21:00 AM,2,0,0,36.142560,-86.776770,I 65,,,,0.00,,,,,,,82.00,N,Not at Intersection, ,Non-Junction,None,,,         ,Phillip,Murphy,Clear,Front to Rear,no,no,no,no,no,False
101662278,Metro Park Police,20170486318,Davidson,Nashville,6/2/2017 6:00:00 AM,1,0,0,36.147360,-86.820600,OMAN ST,,,,24.00,Feet,South,HOLMAN ST,,,,0.00,N,Not at Intersection,N,Non-Junction,None,,,         ,Elgrine,"Kirby, Jr.",Clear,Not Collision with Motor Vehicle in Transport,no,no,no,no,no,False