master_record_number,agency,agency_tracking_number,county,city,collision_date,vehicles_involved,number_injured,number_dead,latitude,longitude,roadway_name,roadway_suffix,roadway_number,roadway_local_id,distance_from_reference,miles-feet_indicator,direction_from_reference,intersection_road_name,intersection_road_name_suffix,intersection_road_number,intersection_local_id,mile_marker,intersection_indicator,intersect_type,interchange_related_indicator,relation_to_junction,work_zone_type,construction_maintenance_zone,construction_maintenance_zone_location,fatal_case_number,officer_first_name,officer_last_name,weather_condition(s),manner_of_crash,pedestrian,bicycle,scooter,parking,hitrun,mou
101671652,METROPOLITAN NASHVILLE POLICE DEPT,20170516968,Davidson,Nashville,6/12/2017 7:35:00 PM,1,0,0,36.191160,-86.798310,VANTAGE WAY,,,,195.00,Feet,East,VANTAGE WAY CT,,,,0.00,N,Not at Intersection,N,Non-Junction,None,,,         ,Kevin,Reynolds,Clear,Not Collision with Motor Vehicle in Transport,no,no,no,no,yes,False
101671657,METROPOLITAN NASHVILLE POLICE DEPT,2017-0516623,Davidson,Nashville,6/12/2017 4:27:00 PM,2,0,0,36.048170,-86.775700,I 65,,,,0.00,,,,,,,75.35,N,Not at Intersection, ,Non-Junction,None,,,         ,William,King,Clear,Not Collision with Motor Vehicle in Transport,no,no,no,no,yes,False
101671658,METROPOLITAN NASHVILLE POLICE DEPT,2017-0517033,Davidson,Nashville,6/12/2017 6:13:00 PM,2,0,0,36.082120,-86.761760,HARDING PL,,,,0.00,,,SIDCO DR,,,,0.00,Y,Four-Way, ,Intersection,None,,,         ,William,King,Clear,Front to Rear,no,no,no,no,no,False
101671660,METROPOLITAN NASHVILLE POLICE DEPT,20170516665,Davidson,Not in City Limit,6/12/2017 4:45:00 PM,2,0,0,36.034570,-86.973270,HIGHWAY 100,,,,82.00,Feet,West,NATCHEZ TRACE PKWY EXT RAMP,,,,0.00,N,Not at Intersection,N,Non-Junction,None,,,         ,Ian,Ward,Clear,"Sideswipe, Same Direction",no,no,no,no,yes,False
101671662,METROPOLITAN NASHVILLE POLICE DEPT,20170517030,Davidson,Nashville,6/12/2017 7:55:00 PM,2,0,0,36.135740,-86.724970,MURFREESBORO PKE,,,,29.00,Feet,East,SPENCE LN,,,,0.00,N,Not at Intersection, ,,None,,,         ,John,Kelley,,,no,no,no,no,no,False
101671670,Nashville Airport Police,2017-01819,Davidson,Nashville,6/10/2017 8:54:00 PM,2,0,0,36.107430,-86.666130,FAIRCLOTH LN,,,,0.00,,,,,,,0.00,,, ,Non-Junction,None,,,         ,Chevy,Estes,Clear,Angle,no,no,no,yes,no,False
101671676,METROPOLITAN NASHVILLE POLICE DEPT,20170516766,Davidson,Nashville,6/12/2017 5:30:00 PM,2,0,0,36.151730,-86.625580,BELL RD,,,,0.00,,,,,,,0.00,,, ,Non-Junction,None,,,         ,Thomas,Barnes,Clear,Other,no,no,no,yes,no,False
101671678,METROPOLITAN NASHVILLE POLICE DEPT,20170516650,Davidson,Not in City Limit,6/12/2017 4:54:00 PM,2,0,0,36.273110,-86.703350,ANDERSON LN,,,,179.00,Feet,West,DELAWARE AV,,,,0.00,N,Not at Intersection,N,Non-Junction,None,,,         ,Samuel,Miller,Cloudy,Angle,no,no,no,no,no,False
101671682,METROPOLITAN NASHVILLE POLICE DEPT,20170517025,Davidson,Nashville,6/12/2017 6:56:00 PM,2,0,0,36.140120,-86.723180,I 40,,,,0.00,,,,,,,213.50,N,Not at Intersection, ,Non-Junction,None,,,         ,Reuben,Hewit,Clear,"Sideswipe, Same Direction",no,no,no,no,no,False
101671696,METROPOLITAN NASHVILLE POLICE DEPT,20170516777,Davidson,Nashville,6/12/2017 5:30:00 PM,2,0,0,36.060730,-86.916150,HIGHWAY 100,,,,0.00,,,OLD HICKORY BLVD,,,,0.00,Y,T-Intersection,N,Intersection,None,,,         ,Ian,Ward,Clear,Front to Rear,no,no,no,no,yes,False
101671718,METROPOLITAN NASHVILLE POLICE DEPT,20170517172,Davidson,Nashville,6/12/2017 8:55:00 PM,2,0,0,36.049980,-86.649500,MT VIEW RD,,,,0.00,,,BELL RD,,,,0.00,Y,Four-Way, ,Intersection,None,,,         ,Eric,Keller,Clear,Front to Rear,no,no,no,no,yes,False
101671720,METROPOLITAN NASHVILLE POLICE DEPT,20170516763,Davidson,Not in City Limit,6/12/2017 5:34:00 PM,2,0,0,36.263070,-86.711920,OLD HICKORY BLVDW,,,,0.00,,,GALLATIN PKEN,,,,0.00,Y,Four-Way, ,Intersection,None,,,         ,Joel,Callies,Clear,"Sideswipe, Same Direction",no,no,no,no,no,False
101671725,METROPOLITAN NASHVILLE POLICE DEPT,20170517289,Davidson,Nashville,6/12/2017 9:20:00 PM,2,0,0,36.214690,-86.756230,JONES AV,,,,323.00,Feet,North,DELLWAY DR,,,,0.00,N,Not at Intersection, ,Non-Junction,None,,,         ,Christopher,Valdez,Clear,"Sideswipe, Same Direction",no,no,no,no,yes,False
101671728,METROPOLITAN NASHVILLE POLICE DEPT,20170517233,Davidson,Nashville,6/12/2017 9:20:00 PM,1,0,0,36.211210,-86.756820,JONES AV,,,,336.00,Feet,North,FLAMINGO DR,,,,0.00,N,Not at Intersection,N,Non-Junction,None,,,         ,Amanda,Fox,Clear,Not Collision with Motor Vehicle in Transport,no,no,no,yes,yes,False
101671740,METROPOLITAN NASHVILLE POLICE DEPT,20170516789,Davidson,Nashville,6/12/2017 5:35:00 PM,2,0,0,36.156810,-86.771900,PEABODY ST,,,,0.00,,,2ND AVS,,,,0.00,Y,T-Intersection,N,Intersection-Related,None,,,         ,Chad,Wilkinson,Clear,Front to Rear,no,no,no,no,yes,False
101671746,METROPOLITAN NASHVILLE POLICE DEPT,20170517264,Davidson,Nashville,6/12/2017 9:40:00 PM,1,0,0,36.123470,-86.717150,EAST THOMPSON LN,,,,437.00,Feet,North,LAWNDALE DR,,,,0.00,N,Not at Intersection,N,Non-Junction,None,,,         ,Alyson,Cook,Clear,Not Collision with Motor Vehicle in Transport,no,no,no,no,no,False
101671755,METROPOLITAN NASHVILLE POLICE DEPT,20170516979,Davidson,Nashville,6/12/2017 7:23:00 PM,3,1,0,36.138180,-86.881680,CHARLOTTE PKE,,,,462.00,Feet,West,HILLWOOD BLVD,,,,0.00,N,Not at Intersection,N,Non-Junction,None,,,         ,Jeremy,Huffine,Clear,Front to Rear,no,no,no,no,no,False
101671768,METROPOLITAN NASHVILLE POLICE DEPT,20170516742,Davidson,Nashville,6/12/2017 4:30:00 PM,2,0,0,36.112160,-86.741700,LOGAN ST,,,,543.00,Feet,North,THOMPSON LN,,,,0.00,N,Not at Intersection,N,Non-Junction,None,,,         ,William,McDaniel,Clear,Angle,no,no,no,yes,yes,False
101671772,METROPOLITAN NASHVILLE POLICE DEPT,20170516644,Davidson,Nashville,6/12/2017 4:21:00 PM,2,0,0,36.149640,-86.761010,CLAIBORNE ST,,,,457.00,Feet,North,LAFAYETTE ST,,,,0.00,N,Not at Intersection, ,,None,,,         ,John,Daugherty,,,no,no,no,no,no,False
101671792,Nashville Airport Police,2017-01926,Davidson,Nashville,6/12/2017 12:00:00 AM,2,1,0,36.137170,-86.664870,SATELLITE WAY,,,,0.00,,,SATELLITE WAY ENT RAMP,,,,0.00,Y,Y-Intersection,Y,Intersection,None,,,         ,Jacob,Bennett,Clear,Angle,no,no,no,no,no,False
101671817,METROPOLITAN NASHVILLE POLICE DEPT,20170517653,Davidson,Nashville,6/13/2017 12:40:00 AM,2,0,0,36.140340,-86.789920,14TH AVS,,,,39.00,Feet,North,HORTON AV,,,,0.00,N,Not at Intersection,N,Non-Junction,None,,,         ,Brian,Birch,Clear,Front to Rear,no,no,no,no,yes,False
101671830,METROPOLITAN NASHVILLE POLICE DEPT,20170517580,Davidson,Nashville,6/13/2017 12:05:00 AM,2,0,0,36.219620,-86.727430,ARDEE AV,,,,0.00,Feet,,GALLATIN PKE,,,,0.00,Y,T-Intersection, ,Intersection-Related,None,,,         ,Douglas,Smith,Clear,Angle,no,no,no,no,no,False
101671842,METROPOLITAN NASHVILLE POLICE DEPT,20170517582,Davidson,Nashville,6/12/2017 9:00:00 PM,2,0,0,36.083100,-86.707100,LARGO DR,,,,69.00,Feet,West,SHERMAN OAKS DR,,,,0.00,N,Not at Intersection,N,Non-Junction,None,,,         ,Autumn,Manning,Clear,"Sideswipe, Same Direction",no,no,no,yes,yes,False
101671847,GOODLETTSVILLE POLICE DEPT,17-20547,Davidson,Goodlettsville,6/9/2017 10:10:00 PM,3,0,0,36.318385,-86.700470,CONFERENCE,DR,,,0.00,,,NORTHCREEK,BLVD,,,0.00,Y,Four-Way, ,Intersection,None,,,         ,Shane,Farrell,Clear,HeadOn,no,no,no,no,no,False
101671850,METROPOLITAN NASHVILLE POLICE DEPT,20170517624,Davidson,Nashville,6/13/2017 12:35:00 AM,5,0,0,36.146210,-86.742340,I 40,,,,0.00,,,,,,,212.15,N,Not at Intersection, ,Non-Junction,Unknown,,,         ,Ian,Swander,Clear,Front to Rear,no,no,no,no,no,False
101671855,METROPOLITAN NASHVILLE POLICE DEPT,2017-0517422,Davidson,Nashville,6/12/2017 10:35:00 PM,1,0,0,36.106540,-86.764560,POWELL AV,,,,0.00,,,POWELL PL,,,,0.00,Y,OTHER,N,Non-Junction,None,,,         ,Frank,Walker,Clear,Not Collision with Motor Vehicle in Transport,no,no,no,yes,yes,False
101671912,METROPOLITAN NASHVILLE POLICE DEPT,20170518263,Davidson,Not in City Limit,6/13/2017 6:00:00 AM,1,1,0,36.290040,-86.886800,EATONS CREEK RD,,,,0.00,,,,,,,0.00,,,N,Non-Junction,None,,,         ,Bryant,Presley,Clear,Not Collision with Motor Vehicle in Transport,no,no,no,no,no,False
101671915,THP District 9 - Administrative,317034207,Davidson,Nashville,6/9/2017 5:02:00 PM,2,0,0,36.151290,-86.690860,BRILEY PKWYS,,,,181.00,Feet,South,BRILEY PKWYN,,,,0.00,N,Not at Intersection, ,Non-Junction,None,,,         ,Brian,Carmouche,Clear,Front to Rear,no,no,no,no,no,False
101671917,METROPOLITAN NASHVILLE POLICE DEPT,20170518301,Davidson,Nashville,6/13/2017 6:30:00 AM,2,0,0,36.103190,-86.753060,ARMORY DR,,,,587.00,Feet,South,NORRIS AV,,,,0.00,N,Not at Intersection, ,"Driveway, Alley Access, etc",None,,,         ,Nathan,Kemp,Clear,Angle,no,no,no,no,no,False
101671927,METROPOLITAN NASHVILLE POLICE DEPT,20170518316,Davidson,Nashville,6/13/2017 6:44:00 AM,1,0,0,36.145920,-86.645270,I 40,,,,0.00,,,,,,,217.10,N,Not at Intersection,N,Non-Junction,None,,,         ,James,Curtis,Clear,Not Collision with Motor Vehicle in Transport,no,no,no,no,no,False
101671930,METROPOLITAN NASHVILLE POLICE DEPT,20170518234,Davidson,Antioch,6/13/2017 5:44:00 AM,2,3,0,36.058573,-86.597752,HOBSON PIKE,PIKE,,,0.00,,,HAMILTON CHURCH RD,RD,,,0.00,Y,Four-Way,N,Intersection,None,,,         ,William,Coy,Clear,Angle,no,no,no,no,no,False
101671940,METROPOLITAN NASHVILLE POLICE DEPT,20170518351,Davidson,Nashville,6/13/2017 5:25:00 AM,2,0,0,36.156350,-86.760300,I 24,,,,0.00,,,I40 E ENT RAMP,,,,0.00,Y,OTHER, ,OtherLocation,None,,,         ,Johnathan,Carlisle,Clear,"Sideswipe, Same Direction",no,no,no,no,yes,False
101671945,METROPOLITAN NASHVILLE POLICE DEPT,20170518354,Davidson,Nashville,6/13/2017 7:11:00 AM,2,1,0,36.179740,-86.762870,ELLINGTON PKWYS,,,,1198.00,Feet,South,ELLINGTON PKWY S ENT RAMP,,,,0.00,N,Not at Intersection,N,Non-Junction,None,,,         ,Richard,Conger,Clear,Front to Rear,no,no,no,no,no,False
101671952,BERRY HILL POLICE DEPT,17-1947,Davidson,Berry Hill,6/13/2017 6:10:00 AM,2,0,0,36.128590,-86.777890,FRANKLIN PKE,,,,0.00,,,8TH AVS,,,,0.00,Y,Four-Way,N,Intersection,None,,,         ,Rick,Willliams,Clear,Angle,no,no,no,no,yes,False
101671957,METROPOLITAN NASHVILLE POLICE DEPT,20170518471,Davidson,Nashville,6/13/2017 7:59:00 AM,2,0,0,36.171140,-86.749940,SHELBY AV,,,,150.00,Feet,West,S 12TH ST,,,,0.00,N,Not at Intersection, ,Non-Junction,None,,,         ,Richard,Conger,Clear,Front to Rear,no,no,no,no,no,False
101671968,METROPOLITAN NASHVILLE POLICE DEPT,20170518426,Davidson,Nashville,6/13/2017 7:41:00 AM,2,0,0,36.178340,-86.613750,DODSON CHAPEL RD,,,,109.00,Feet,North,JAMES KAY LN,,,,0.00,N,Not at Intersection, ,Non-Junction,None,,,         ,James,Curtis,Clear,Front to Rear,no,no,no,no,no,False
101671972,METROPOLITAN NASHVILLE POLICE DEPT,2017-0518390,Davidson,Nashville,6/13/2017 7:25:00 AM,3,0,0,36.079640,-86.632230,BELL RD,,,,141.00,Feet,East,EDGE O LAKE DR,,,,0.00,N,Not at Intersection, ,Non-Junction,None,,,         ,Calvin,Graham,Clear,Front to Rear,no,no,no,no,no,False
101671977,METROPOLITAN NASHVILLE POLICE DEPT,20170518448,Davidson,Nashville,6/13/2017 7:45:00 AM,2,0,0,36.158420,-86.824470,TORBETT ST,,,,208.00,Feet,West,32ND AVN,,,,0.00,N,Not at Intersection, ,,None,,,         ,Isaac,Wood,,,no,no,no,no,no,False
101671989,METROPOLITAN NASHVILLE POLICE DEPT,20170518394,Davidson,Nashville,6/13/2017 7:20:00 AM,2,0,0,36.114640,-86.724640,I 24,,,,0.00,,,,,,,53.30,N,Not at Intersection, ,,None,,,         ,James,Thomas,,,no,no,no,no,no,False
101671997,METROPOLITAN NASHVILLE POLICE DEPT,20170518554,Davidson,Nashville,6/13/2017 8:29:00 AM,2,0,0,36.124240,-86.812460,I 440,,,,0.00,,,,,,,2.50,N,Not at Intersection,N,Non-Junction,None,,,         ,Nathan,Kemp,Clear,Front to Rear,no,no,no,no,yes,False
101672004,METROPOLITAN NASHVILLE POLICE DEPT,20170518536,Davidson,Nashville,6/13/2017 8:20:00 AM,2,0,0,36.160760,-86.793690,CHARLOTTE AV,,,,0.00,,,14TH AVN,,,,0.00,Y,Four-Way, ,Intersection,None,,,         ,Garren,Hoskins,Clear,"Sideswipe, Same Direction",no,no,no,no,no,False
101672007,METROPOLITAN NASHVILLE POLICE DEPT,20170518339,Davidson,Nashville,6/13/2017 7:00:00 AM,2,1,0,36.131700,-86.706310,PATRICIA DR,,,,171.00,Feet,North,HAROLD DR,,,,0.00,N,Not at Intersection,N,Non-Junction,None,,,         ,Brian,Ewing,Clear,Angle,no,no,no,no,no,False
101672009,METROPOLITAN NASHVILLE POLICE DEPT,20170500810,Davidson,Nashville,6/7/2017 5:38:00 AM,1,5,1,36.195330,-86.775570,I 65,,,,0.00,,,,,,,86.55,N,Not at Intersection,N,Non-Junction,None,,,17-0386  ,Donald,Davidson,Clear,Not Collision with Motor Vehicle in Transport,no,no,no,no,no,False
101672011,METROPOLITAN NASHVILLE POLICE DEPT,20170518520,Davidson,Nashville,6/13/2017 8:20:00 AM,2,2,0,36.152540,-86.682520,ELM HILL PKE,,,,281.00,Feet,East,MCGAVOCK PKE,,,,0.00,N,Not at Intersection,N,Non-Junction,Work Zone,Work On Shoulder Or Median,Unknown,         ,Scott,Toney,Clear,Angle,no,no,no,no,no,False
101672025,METROPOLITAN NASHVILLE POLICE DEPT,20170518309,Davidson,Nashville,6/13/2017 6:32:00 AM,2,0,0,36.141990,-86.712510,I 40,,,,0.00,,,,,,,214.05,N,Not at Intersection,N,Non-Junction,None,,,         ,Tyler,Adcock,Clear,Front to Rear,no,no,no,no,no,False
101672034,METROPOLITAN NASHVILLE POLICE DEPT,20170518613,Davidson,Nashville,6/13/2017 8:57:00 AM,3,1,0,36.172090,-86.764100,WOODLAND ST,,,,217.00,Feet,East,S 5TH ST,,,,0.00,N,Not at Intersection,N,Non-Junction,None,,,         ,Richard,Conger,Clear,Front to Rear,no,no,no,no,no,False
101672043,METROPOLITAN NASHVILLE POLICE DEPT,20170518612,Davidson,Nashville,6/13/2017 6:30:00 AM,1,0,0,36.177570,-86.787020,MONROE ST,,,,176.00,Feet,West,3RD AVN,,,,0.00,N,Not at Intersection,N,Non-Junction,None,,,         ,Jeanine,Sarno,Clear,Not Collision with Motor Vehicle in Transport,no,no,no,no,no,False
101672044,METROPOLITAN NASHVILLE POLICE DEPT,20170518770,Davidson,Nashville,6/13/2017 9:16:00 AM,2,0,0,36.143160,-86.736790,I 40,,,,0.00,,,,,,,212.70,N,Not at Intersection,N,Non-Junction,None,,,         ,Michael,Dance,Clear,Front to Rear,no,no,no,no,no,False
101672047,METROPOLITAN NASHVILLE POLICE DEPT,20170518453,Davidson,Nashville,6/13/2017 7:52:00 AM,3,1,0,36.040210,-86.650470,I 24,,,,0.00,,,,,,,60.00,N,Not at Intersection,N,Non-Junction,None,,,         ,Roy,McElwee,Clear,Front to Rear,no,no,no,no,no,False
101672054,METROPOLITAN NASHVILLE POLICE DEPT,2017-0518293,Davidson,Not in City Limit,6/13/2017 6:35:00 AM,2,2,0,35.991190,-86.667420,BURKITT RD,,,,383.00,Feet,West,WESTCOTT LN,,,,0.00,N,Not at Intersection,N,Non-Junction,None,,,         ,William,Whitworth,Clear,"Sideswipe, Opposite Direction",no,no,no,no,no,False
101672064,METROPOLITAN NASHVILLE POLICE DEPT,20170518867,Davidson,Nashville,6/13/2017 10:25:00 AM,2,0,0,36.041700,-86.748620,OLD HICKORY BLVD,,,,0.00,,,COPPERFIELD WAY,,,,0.00,Y,T-Intersection, ,Intersection-Related,None,,,         ,Earl,Davis,Clear,Front to Rear,no,no,no,no,no,False
101672084,METROPOLITAN NASHVILLE POLICE DEPT,20170518954,Davidson,Nashville,6/13/2017 11:01:00 AM,2,0,0,36.153570,-86.788410,14TH AVS,,,,0.00,,,DEMONBREUN ST,,,,0.00,Y,Four-Way,N,Intersection,None,,,         ,Nathan,Kemp,Clear,"Sideswipe, Same Direction",no,no,no,no,yes,False
101672085,METROPOLITAN NASHVILLE POLICE DEPT,20170519030,Davidson,Nashville,6/13/2017 11:43:00 AM,2,0,0,36.039190,-86.783690,I65 S EXT RAMP,,,,0.00,Feet,East,I 65,,,,0.00,N,Not at Intersection, ,Non-Junction,None,,,         ,Nathan,Kemp,Clear,Front to Rear,no,no,no,no,no,False
101672092,METROPOLITAN NASHVILLE POLICE DEPT,20170511235,Davidson,Nashville,6/10/2017 12:15:00 PM,2,0,0,36.163800,-86.779820,ARCADE ALY,,,,152.00,Feet,North,CHURCH ST,,,,0.00,N,Not at Intersection, ,"Driveway, Alley Access, etc",None,,,         ,Shawn,Taylor,Clear,"Sideswipe, Same Direction",no,no,no,no,no,False
101672093,METROPOLITAN NASHVILLE POLICE DEPT,20170519029,Davidson,Nashville,6/13/2017 11:42:00 AM,1,0,0,36.194230,-86.764560,STAINBACK AV,,,,184.00,Feet,North,DOUGLAS AV,,,,0.00,N,Not at Intersection, ,Non-Junction,None,,,         ,Richard,Conger,Clear,Not Collision with Motor Vehicle in Transport,no,no,no,no,no,False
101672108,METROPOLITAN NASHVILLE POLICE DEPT,20170518986,Davidson,Hermitage,6/13/2017 11:20:00 AM,2,1,0,36.173630,-86.572420,CENTRAL PKE,,,,75.00,Feet,West,MELVIN RD,,,,0.00,N,Not at Intersection,N,Non-Junction,None,,,         ,James,Curtis,Clear,Angle,no,no,no,no,no,False
101672122,METROPOLITAN NASHVILLE POLICE DEPT,20170518512,Davidson,Nashville,6/13/2017 8:14:00 AM,2,1,0,36.174070,-86.605350,CENTRAL PKE ENT RAMP,,,,0.00,,,CENTRAL PKE,,,,0.00,Y,T-Intersection,N,Intersection,None,,,         ,James,Curtis,Clear,Angle,no,no,no,no,no,False
101672123,METROPOLITAN NASHVILLE POLICE DEPT,20170519142,Davidson,Nashville,6/13/2017 12:20:00 PM,2,0,0,36.073540,-86.673450,OAKWOOD TERRACE DR,,,,252.00,Feet,East,HAWAIIAN VIEW,,,,0.00,N,Not at Intersection,N,Non-Junction,None,,,         ,Jessie,Meadows,Clear,"Sideswipe, Same Direction",no,no,no,no,yes,False
101672124,METROPOLITAN NASHVILLE POLICE DEPT,20170519148,Davidson,Not in City Limit,6/12/2017 6:00:00 PM,2,0,0,36.074620,-86.935110,CROSS TIMBERS DR,,,,159.00,Feet,South,CAVALIER RD,,,,0.00,N,Not at Intersection, ,Non-Junction,None,,,         ,Curtis,Rich,Clear,Not Collision with Motor Vehicle in Transport,no,no,no,no,no,False
101672143,METROPOLITAN NASHVILLE POLICE DEPT,20170519203,Davidson,Nashville,6/13/2017 12:51:00 PM,2,0,0,36.082480,-86.766110,I65 S ENT RAMP,,,,0.00,Feet,East,I 65,,,,0.00,N,Not at Intersection,N,Non-Junction,None,,,         ,Nathan,Kemp,Clear,Front to Rear,no,no,no,no,no,False
101672164,METROPOLITAN NASHVILLE POLICE DEPT,2017-0516216,Davidson,Nashville,6/12/2017 1:48:00 PM,4,2,0,36.135750,-86.800990,ACKLEN AV,,,,0.00,,,21ST AVS,,,,0.00,Y,T-Intersection,N,Intersection,None,,,         ,Allen,Bates,Clear,Angle,no,no,no,no,no,Campus
101672169,METROPOLITAN NASHVILLE POLICE DEPT,20170519186,Davidson,Nashville,6/13/2017 12:40:00 PM,2,0,0,36.150860,-86.779240,8TH AVS,,,,0.00,,,FOGG ST,,,,0.00,Y,T-Intersection,N,Intersection,None,,,         ,Shawn,Taylor,Clear,Angle,no,no,no,no,no,False
101672174,METROPOLITAN NASHVILLE POLICE DEPT,20170518731,Davidson,Nashville,6/13/2017 9:25:00 AM,2,0,0,36.143210,-86.722340,SPENCE LN,,,,281.00,Feet,South,ELM HILL PKE,,,,0.00,N,Not at Intersection, ,Non-Junction,None,,,         ,Cody,O'Quinn,Clear,Angle,no,no,no,no,no,False
101672175,METROPOLITAN NASHVILLE POLICE DEPT,20170519096,Davidson,Nashville,6/13/2017 12:10:00 PM,1,1,0,36.236020,-86.707350,BRILEY PKWYW,,,,704.00,Feet,West,BRILEY PKWYE,,,,0.00,N,Not at Intersection,N,Non-Junction,None,,,         ,Scott,Toney,Clear,Not Collision with Motor Vehicle in Transport,no,no,no,no,no,False
101672176,METROPOLITAN NASHVILLE POLICE DEPT,20170519273,Davidson,Nashville,6/13/2017 12:00:00 AM,2,0,0,36.158480,-86.640250,STEWARTS FERRY PKE,,,,0.00,,,HICKORY BEND DR,,,,0.00,Y,T-Intersection, ,Intersection,None,,,         ,James,Curtis,Clear,"Sideswipe, Opposite Direction",no,no,no,no,yes,False
101672179,METROPOLITAN NASHVILLE POLICE DEPT,2017519236,Davidson,Nashville,6/13/2017 1:04:00 PM,2,0,0,36.086580,-86.771650,HARDING PL,,,,92.00,Feet,East,FRANKLIN PKE,,,,0.00,N,Not at Intersection, ,Non-Junction,None,,,         ,Erik,Wagner,Clear,Front to Rear,no,no,no,no,no,False
101672180,METROPOLITAN NASHVILLE POLICE DEPT,20170519162,Davidson,Nashville,6/13/2017 12:35:00 PM,2,0,0,36.111080,-86.788440,WOODMONT BLVD,,,,272.00,Feet,West,LEALAND LN,,,,0.00,N,Not at Intersection, ,Non-Junction,None,,,         ,Nathan,Smith,Clear,Front to Rear,no,no,no,no,no,False
101672186,METROPOLITAN NASHVILLE POLICE DEPT,20170519289,Davidson,Nashville,6/13/2017 1:40:00 PM,1,0,0,36.066100,-86.686240,I 24,,,,0.00,,,,,,,57.30,N,Not at Intersection,N,Non-Junction,None,,,         ,Jessie,Meadows,Clear,Not Collision with Motor Vehicle in Transport,no,no,no,no,no,False
101672188,METROPOLITAN NASHVILLE POLICE DEPT,20170519337,Davidson,Nashville,6/13/2017 1:45:00 PM,2,1,0,36.184020,-86.748280,GALLATIN AV,,,,77.00,Feet,North,EASTLAND AV,,,,0.00,N,Not at Intersection,N,Non-Junction,None,,,         ,Richard,Conger,Clear,Front to Rear,no,no,no,no,no,False
101672192,BRENTWOOD POLICE DEPT,201700020831,Davidson,Nashville,6/13/2017 1:34:00 PM,2,0,0,36.029380,-86.790900,FRANKLIN RD,,,,306.00,Feet,South,EXECUTIVE CENTER DR,,,,0.00,N,Not at Intersection, ,Non-Junction,None,,,         ,Benjamin,Townsend,Clear,Front to Rear,no,no,no,no,no,False
101672196,METROPOLITAN NASHVILLE POLICE DEPT,20170519132,Davidson,Nashville,6/13/2017 12:00:00 PM,2,0,0,36.149750,-86.797020,DIVISION ST,,,,103.00,Feet,West,LYLE AV,,,,0.00,N,Not at Intersection, ,Non-Junction,None,,,         ,James,Kerrigan,Clear,Front to Rear,no,no,no,no,yes,False
101672204,METROPOLITAN NASHVILLE POLICE DEPT,20170519359,Davidson,Nashville,6/13/2017 2:00:00 PM,2,2,0,36.109320,-86.813440,CRESTMOOR RD,,,,454.00,Feet,West,HILLSBORO PKE,,,,0.00,N,Not at Intersection,N,Non-Junction,None,,,         ,Curtis,Rich,Clear,Front to Rear,no,no,no,no,no,False
101672259,METROPOLITAN NASHVILLE POLICE DEPT,20170519455,Davidson,Nashville,6/13/2017 2:41:00 PM,2,0,0,36.102980,-86.714330,I 24,,,,0.00,,,,,,,54.35,N,Not at Intersection,N,Non-Junction,None,,,         ,Alyson,Cook,Clear,Front to Rear,no,no,no,no,yes,False
101672281,METROPOLITAN NASHVILLE POLICE DEPT,20170519442,Davidson,Nashville,6/13/2017 2:43:00 PM,2,1,0,36.171050,-86.767640,I 24,,,,0.00,,,,,,,48.60,N,Not at Intersection,N,Non-Junction,None,,,         ,Christopher,Valdez,Clear,Front to Rear,no,no,no,no,yes,False
101672285,METROPOLITAN NASHVILLE POLICE DEPT,20170519583,Davidson,Nashville,6/13/2017 3:40:00 PM,2,1,0,36.152000,-86.771860,LAFAYETTE ST,,,,119.00,Feet,East,ASH ST,,,,0.00,N,Not at Intersection,N,Non-Junction,None,,,         ,Pedro,Rivera Chaparro,Clear,Front to Rear,no,no,no,no,no,False
101672298,METROPOLITAN NASHVILLE POLICE DEPT,2017-0519555,Davidson,Nashville,6/13/2017 2:51:00 PM,2,0,0,36.120700,-86.807970,LOMBARDY AV,,,,0.00,,,HILLSBORO PKE,,,,0.00,Y,Four-Way,N,Intersection,None,,,         ,Ryan,Allen,Clear,Angle,no,no,no,no,yes,False
101672312,METROPOLITAN NASHVILLE POLICE DEPT,20170519468,Davidson,Nashville,6/13/2017 2:54:00 PM,2,0,0,36.076620,-86.640780,MURFREESBORO PKE,,,,274.00,Feet,East,LAKEVILLA DR,,,,0.00,N,Not at Intersection,N,Non-Junction,None,,,         ,Michael,Apsey,Clear,Front to Rear,no,no,no,no,no,False
101672313,METROPOLITAN NASHVILLE POLICE DEPT,20170519521,Davidson,Nashville,6/13/2017 3:17:00 PM,2,1,0,36.076700,-86.640880,MURFREESBORO PKE,,,,235.00,Feet,East,LAKEVILLA DR,,,,0.00,N,Not at Intersection,N,Non-Junction,None,,,         ,Michael,Apsey,Clear,Front to Rear,no,no,no,no,no,False
101672319,METROPOLITAN NASHVILLE POLICE DEPT,20170519611,Davidson,Not in City Limit,6/13/2017 3:45:00 PM,2,0,0,36.032140,-86.991770,HIGHWAY 100,,,,0.00,,,OLD HARDING PKE,,,,0.00,Y,Y-Intersection, ,Intersection,None,,,         ,Adam,Reese,Clear,Angle,no,no,no,no,no,False
101672324,METROPOLITAN NASHVILLE POLICE DEPT,20170519544,Davidson,Nashville,6/13/2017 3:20:00 PM,2,0,0,36.149490,-86.867550,EASTBORO DR,,,,163.00,Feet,South,OBRIEN AV,,,,0.00,N,Not at Intersection,N,Non-Junction,None,,,         ,Barrett,Teague,Clear,Front to Rear,no,no,no,no,no,False