master_record_number,agency,agency_tracking_number,county,city,collision_date,vehicles_involved,number_injured,number_dead,latitude,longitude,roadway_name,roadway_suffix,roadway_number,roadway_local_id,distance_from_reference,miles-feet_indicator,direction_from_reference,intersection_road_name,intersection_road_name_suffix,intersection_road_number,intersection_local_id,mile_marker,intersection_indicator,intersect_type,interchange_related_indicator,relation_to_junction,work_zone_type,construction_maintenance_zone,construction_maintenance_zone_location,fatal_case_number,officer_first_name,officer_last_name,weather_condition(s),manner_of_crash,pedestrian,bicycle,scooter,parking,hitrun,mou
101673500,METROPOLITAN NASHVILLE POLICE DEPT,20170523776,Davidson,Nashville,6/14/2017 7:36:00 PM,2,0,0,36.170400,-86.768450,INTERSTATE DR,,,,0.00,,,WOODLAND ST,,,,0.00,Y,Four-Way,N,Intersection,None,,,         ,Jason,Hogan,Clear,Angle,no,no,no,no,no,False
101673503,METROPOLITAN NASHVILLE POLICE DEPT,20170522979,Davidson,Nashville,6/14/2017 12:00:00 AM,5,2,0,36.115890,-86.784850,I 440,,,,0.00,,,,,,,4.25,N,Not at Intersection,N,Non-Junction,None,,,         ,Akira,McSwain,Clear,Front to Rear,no,no,no,no,no,False
101673512,METROPOLITAN NASHVILLE POLICE DEPT,20170524331,Davidson,Nashville,6/14/2017 11:09:00 PM,2,1,0,36.077290,-86.766420,I 65,,,,0.00,,,,,,,77.50,N,Not at Intersection,N,Non-Junction,None,,,         ,Joshua,Billotte,Clear,"Sideswipe, Same Direction",no,no,no,no,yes,False
101673514,METROPOLITAN NASHVILLE POLICE DEPT,20170524270,Davidson,Nashville,6/14/2017 10:38:00 PM,2,0,0,36.237770,-86.757170,I 65,,,,0.00,,,,,,,90.00,N,Not at Intersection,N,Non-Junction,None,,,         ,Harris,Smith,Clear,Other,no,no,no,no,yes,False
101673521,METROPOLITAN NASHVILLE POLICE DEPT,20170524379,Davidson,Nashville,6/14/2017 11:28:00 PM,2,0,0,36.077310,-86.766400,I 65,,,,0.00,,,,,,,77.50,N,Not at Intersection,N,Non-Junction,None,,,         ,Joshua,Billotte,Clear,Front to Rear,no,no,no,no,no,False
101673529,METROPOLITAN NASHVILLE POLICE DEPT,20170524579,Davidson,Not in City Limit,6/15/2017 12:38:00 AM,2,0,0,36.067570,-86.924820,HICKS RD,,,,298.00,Feet,East,PATTEN LN,,,,0.00,N,Not at Intersection,N,OtherLocation,None,,,         ,Andrew,Brazee,Clear,Angle,no,no,no,no,no,False
101673563,METROPOLITAN NASHVILLE POLICE DEPT,20170524717,Davidson,Nashville,6/15/2017 2:25:00 AM,2,1,0,36.207590,-86.587320,HIDDEN HILL DR,,,,586.00,Feet,North,SHADOWLAWN DR,,,,0.00,N,Not at Intersection,N,Unknown,None,,,         ,Gregory,Dixon,Clear,Not Collision with Motor Vehicle in Transport,no,no,no,no,no,False
101673613,METROPOLITAN NASHVILLE POLICE DEPT,20170525109,Davidson,Nashville,6/15/2017 6:28:00 AM,2,3,0,36.153400,-86.800840,20TH AVN,,,,0.00,,,CHURCH ST,,,,0.00,Y,Four-Way,N,Intersection,None,,,         ,Nathan,Kemp,Clear,Angle,no,no,no,no,no,Campus
101673634,GOODLETTSVILLE POLICE DEPT,17-21121,Davidson,Goodlettsville,6/14/2017 4:36:00 PM,2,0,0,36.309460,-86.695790,CONFERENCE DR,,,,40.00,Feet,West,VIETNAM VETERANS BLVD SB ENT R,,,,0.00,N,Not at Intersection, ,Non-Junction,None,,,         ,Timothy,Williams,Clear,Angle,no,no,no,no,no,False
101673643,METROPOLITAN NASHVILLE POLICE DEPT,20170525061,Davidson,Nashville,6/15/2017 5:58:00 AM,2,0,0,36.142010,-86.678200,I 40,,,,0.00,,,,,,,215.95,N,Not at Intersection,N,Non-Junction,None,,,         ,Curtis,Fisher,Rain,Not Collision with Motor Vehicle in Transport,no,no,no,no,no,False
101673663,METROPOLITAN NASHVILLE POLICE DEPT,20170525129,Davidson,Nashville,6/15/2017 6:05:00 AM,2,0,0,36.162380,-86.778080,4TH AVN,,,,0.00,,,COMMERCE ST,,,,0.00,Y,Four-Way, ,Intersection,None,,,         ,Frank,Campbell,Cloudy,Angle,no,no,no,no,no,False
101673683,METROPOLITAN NASHVILLE POLICE DEPT,20170525256,Davidson,Nashville,6/15/2017 8:00:00 AM,2,0,0,36.130010,-86.900990,CHARLOTTE PKE,,,,66.00,Feet,West,CABOT DR,,,,0.00,N,Not at Intersection, ,,None,,,         ,Curtis,Rich,,,no,no,no,no,no,False
101673689,METROPOLITAN NASHVILLE POLICE DEPT,2017-0525167,Davidson,Nashville,6/15/2017 7:11:00 AM,2,2,0,36.082180,-86.697520,I 24,,,,0.00,,,,,,,56.00,N,Not at Intersection,N,Non-Junction,None,,,         ,William,Whitworth,Cloudy,Front to Rear,no,no,no,no,no,False
101673692,METROPOLITAN NASHVILLE POLICE DEPT,20170525219,Davidson,Nashville,6/15/2017 7:40:00 AM,2,0,0,36.146560,-86.662600,AIRPORT CENTER DR,,,,231.00,Feet,South,ELM HILL PKE,,,,0.00,N,Not at Intersection, ,Non-Junction,None,,,         ,Gerry,Hutcheson,Clear,Angle,no,no,no,no,no,False
101673707,METROPOLITAN NASHVILLE POLICE DEPT,20170525286,Davidson,Nashville,6/15/2017 8:05:00 AM,2,0,0,36.039950,-86.780930,OLD HICKORY BLVD,,,,0.00,,,I65 N EXT RAMP,,,,0.00,Y,Four-Way, ,Intersection-Related,None,,,         ,Kevin,Crawford,Clear,"Sideswipe, Same Direction",no,no,no,no,no,False
101673709,METROPOLITAN NASHVILLE POLICE DEPT,20170525295,Davidson,Nashville,6/15/2017 7:55:00 AM,2,0,0,36.147230,-86.743640,I 40,,,,0.00,,,,,,,212.00,N,Not at Intersection, ,,None,,,         ,Charles,Coe,,,no,no,no,no,no,False
101673710,METROPOLITAN NASHVILLE POLICE DEPT,20170525359,Davidson,Nashville,6/15/2017 12:00:00 AM,1,0,0,36.167920,-86.796250,I 40,,,,0.00,,,,,,,208.20,N,Not at Intersection,N,Non-Junction,None,,,         ,Julie,Nabors,Clear,Not Collision with Motor Vehicle in Transport,no,no,no,no,no,False
101673712,METROPOLITAN NASHVILLE POLICE DEPT,20170525202,Davidson,Nashville,6/15/2017 7:34:00 AM,2,1,0,36.155510,-86.628560,STEWARTS FERRY PKE,,,,466.00,Feet,West,I40 E ENT RAMP,,,,0.00,N,Not at Intersection,N,Non-Junction,None,,,         ,Michael,Dance,Clear,Front to Rear,no,no,no,no,no,False
101673713,METROPOLITAN NASHVILLE POLICE DEPT,20170525287,Davidson,Nashville,6/15/2017 8:05:00 AM,2,0,0,36.141390,-86.716210,I 40,,,,0.00,,,,,,,213.85,N,Not at Intersection,N,Non-Junction,None,,,         ,Michael,Dance,Clear,Front to Rear,no,no,no,no,no,False
101673722,METROPOLITAN NASHVILLE POLICE DEPT,20170525336,Davidson,Nashville,6/15/2017 8:31:00 AM,2,1,0,36.230770,-86.749210,ELLINGTON PKWY S ENT RAMP,,,,0.00,,,BROADMOOR DR,,,,0.00,Y,Y-Intersection,N,Intersection-Related,None,,,         ,Richard,Conger,Clear,Angle,no,no,no,no,no,False
101673727,METROPOLITAN NASHVILLE POLICE DEPT,20170525513,Davidson,Nashville,6/15/2017 9:39:00 AM,2,1,0,36.081920,-86.761210,HARDING PL,,,,160.00,Feet,East,SIDCO DR,,,,0.00,N,Not at Intersection,N,Non-Junction,None,,,         ,Nathan,Kemp,Clear,Front to Rear,no,no,no,no,no,False
101673734,METROPOLITAN NASHVILLE POLICE DEPT,20170525424,Davidson,Goodlettsville,6/15/2017 8:59:00 AM,2,2,0,36.300770,-86.694820,SHEPHERD HILLS DR,,,,0.00,,,GALLATIN PKEN,,,,0.00,Y,Four-Way,Y,Intersection,None,,,         ,Brandon,Wood,Clear,Angle,no,no,no,no,no,False
101673741,METROPOLITAN NASHVILLE POLICE DEPT,20170525336,Davidson,Nashville,6/15/2017 8:26:00 AM,2,0,0,36.200180,-86.769890,GATEWOOD AV,,,,0.00,,,DICKERSON PKE,,,,0.00,Y,T-Intersection, ,Non-Junction,None,,,         ,Alex,Moore,Clear,Rear to Side,no,no,no,no,no,False
101673759,METROPOLITAN NASHVILLE POLICE DEPT,20170525222,Davidson,Not in City Limit,6/15/2017 6:45:00 AM,2,2,0,36.007690,-86.665430,OLD HICKORY BLVD,,,,150.00,Feet,East,PETTUS RD,,,,0.00,N,Not at Intersection,N,Non-Junction,None,,,         ,Randall,Combs,Clear,Angle,no,no,no,no,no,False
101673760,METROPOLITAN NASHVILLE POLICE DEPT,20170525512,Davidson,Nashville,6/15/2017 9:25:00 AM,2,0,0,36.161580,-86.783890,ROSA L PARKS BLVD,,,,0.00,,,CHURCH ST,,,,0.00,Y,Four-Way, ,Intersection,None,,,         ,Charles,Coe,Cloudy,HeadOn,no,no,no,no,no,False
101673762,METROPOLITAN NASHVILLE POLICE DEPT,20170525403,Davidson,Nashville,6/15/2017 8:45:00 AM,2,1,0,36.107460,-86.719700,I24 W EXT RAMP,,,,0.00,,,I 24,,,,0.00,Y,Y-Intersection,Y,Entrance/Exit Ramp Related,None,,,         ,Todd,Watson,Clear,"Sideswipe, Same Direction",no,no,no,no,no,False
101673765,METROPOLITAN NASHVILLE POLICE DEPT,20170525309,Davidson,Nashville,6/15/2017 8:11:00 AM,2,0,0,36.220770,-86.774760,I65 S ENT RAMP,,,,0.00,Feet,East,I 65,,,,0.00,N,Not at Intersection, ,,None,,,         ,Michael,McCord,,,no,no,no,no,no,False
101673766,METROPOLITAN NASHVILLE POLICE DEPT,20170525559,Davidson,Nashville,6/15/2017 9:52:00 AM,2,0,0,36.146600,-86.742670,I 40,,,,0.00,,,,,,,212.10,N,Not at Intersection, ,Non-Junction,None,,,         ,Michael,Dance,Clear,Front to Rear,no,no,no,no,no,False
101673767,METROPOLITAN NASHVILLE POLICE DEPT,20170525398,Davidson,Nashville,6/15/2017 9:04:00 AM,3,1,0,36.163890,-86.793900,I 40,,,,0.00,,,,,,,208.55,N,Not at Intersection,N,Non-Junction,None,,,         ,James,Jarvis,Clear,Front to Rear,no,no,no,no,no,False
101673770,METROPOLITAN NASHVILLE POLICE DEPT,20170525584,Davidson,Nashville,6/15/2017 10:28:00 AM,1,1,0,36.155330,-86.829610,I 40,,,,0.00,,,,,,,205.50,N,Not at Intersection,N,Non-Junction,None,,,         ,Curtis,Rich,Cloudy,Not Collision with Motor Vehicle in Transport,no,no,no,no,no,False
101673776,METROPOLITAN NASHVILLE POLICE DEPT,20170525673,Davidson,Nashville,6/15/2017 10:46:00 AM,2,0,0,36.141240,-86.814470,31ST AVS,,,,0.00,,,VANDERBILT PL,,,,0.00,Y,Four-Way, ,Intersection,None,,,         ,Nathan,Kemp,Clear,"Sideswipe, Opposite Direction",no,no,no,no,no,Campus
101673784,METROPOLITAN NASHVILLE POLICE DEPT,20170525442,Davidson,Nashville,6/15/2017 8:58:00 AM,2,0,0,36.136160,-86.788670,WEDGEWOOD AV,,,,0.00,Feet,,12TH AVS,,,,0.00,Y,Four-Way, ,Non-Junction,None,,,         ,Phillip,Murphy,Clear,Front to Rear,no,no,no,no,no,False
101673785,METROPOLITAN NASHVILLE POLICE DEPT,20170525489,Davidson,Nashville,6/15/2017 9:30:00 AM,2,0,0,36.081100,-86.758360,HARDING PL,,,,0.00,,,TROUSDALE DR,,,,0.00,Y,Four-Way, ,Intersection,None,,,         ,Shedie,Herbert III,Clear,Front to Rear,no,no,no,no,no,False
101673796,METROPOLITAN NASHVILLE POLICE DEPT,20170525517,Davidson,Nashville,6/15/2017 9:30:00 AM,2,0,0,36.130110,-86.816850,I 440,,,,0.00,,,,,,,2.00,N,Not at Intersection, ,Non-Junction,None,,,         ,Charles,Griffin,Clear,Front to Rear,no,no,no,no,no,False
101673799,METROPOLITAN NASHVILLE POLICE DEPT,20170525644,Davidson,Nashville,6/15/2017 10:41:00 AM,1,1,0,36.206620,-86.777900,BRICK CHURCH PKE,,,,0.00,,,W TRINITY LN,,,,0.00,Y,Four-Way,N,Intersection,None,,,         ,YUNUS,ADAK,Rain,Not Collision with Motor Vehicle in Transport,no,yes,no,no,no,False
101673806,METROPOLITAN NASHVILLE POLICE DEPT,20170525675,Davidson,Nashville,6/15/2017 10:45:00 AM,2,0,0,36.161700,-86.808010,21ST AVN,,,,40.00,Feet,North,BATAVIA ST,,,,0.00,N,Not at Intersection, ,Non-Junction,None,,,         ,Isaac,Wood,Rain,"Sideswipe, Same Direction",no,no,no,no,no,False
101673812,METROPOLITAN NASHVILLE POLICE DEPT,20170525748,Davidson,Nashville,6/15/2017 11:22:00 AM,2,1,0,36.154000,-86.835970,I 40,,,,0.00,,,,,,,205.15,N,Not at Intersection,N,Non-Junction,None,,,         ,Curtis,Rich,Rain,Front to Rear,no,no,no,no,no,False
101673823,METROPOLITAN NASHVILLE POLICE DEPT,20170525606,Davidson,Madison,6/15/2017 10:03:00 AM,2,0,0,36.262830,-86.680970,RIO VISTA DR,,,,3.00,Feet,North,STATE RT 45,,,,0.00,N,Not at Intersection, ,Non-Junction,None,,,         ,Torrance,Bennett,Clear,"Sideswipe, Same Direction",no,no,no,no,yes,False
101673825,METROPOLITAN NASHVILLE POLICE DEPT,20170525773,Davidson,Not in City Limit,6/15/2017 11:45:00 AM,1,0,0,36.077600,-87.014560,NEWSOM STATION RD,,,,768.00,Feet,West,MCCRORY LN,,,,0.00,N,Not at Intersection,N,Non-Junction,None,,,         ,Wesley,Tilley,Rain,Not Collision with Motor Vehicle in Transport,no,no,no,no,no,False
101673826,Nashville Airport Police,2017-01753,Davidson,Nashville,5/30/2017 1:44:00 PM,2,0,0,36.131687,-86.668823,TERMINAL DRIVE,DR,SR1,,0.00,Miles,North,TERMINAL DRIVE,DR,SR,,0.00,N,Not at Intersection, ,Non-Junction,Construction Zone,,,         ,Robbie,Keeler,Rain,"Sideswipe, Same Direction",no,no,no,yes,no,False
101673828,METROPOLITAN NASHVILLE POLICE DEPT,20170519422,Davidson,Nashville,6/13/2017 2:11:00 PM,2,1,0,36.194930,-86.776160,I 65,,,,0.00,,,,,,,86.50,N,Not at Intersection,N,Non-Junction,None,,,         ,Charles,Holmes,Clear,Front to Rear,no,no,no,no,no,False
101673830,METROPOLITAN NASHVILLE POLICE DEPT,20170525758,Davidson,Nashville,6/15/2017 11:34:00 AM,1,0,0,36.126310,-86.665170,DONELSON PKE,,,,1034.00,Feet,South,DONELSON PKE S ENT RAMP,,,,0.00,N,Not at Intersection,N,Non-Junction,None,,,         ,Michael,Dance,Rain,Not Collision with Motor Vehicle in Transport,no,no,no,no,no,False
101673860,METROPOLITAN NASHVILLE POLICE DEPT,20170525821,Davidson,Nashville,6/15/2017 12:11:00 PM,1,0,0,36.239710,-86.775290,BRILEY PKWYW,,,,332.00,Feet,North,BRILEY PKWYE,,,,0.00,N,Not at Intersection, ,Non-Junction,None,,,         ,Ronald,Bright,Rain,Not Collision with Motor Vehicle in Transport,no,no,no,no,no,False
101673863,METROPOLITAN NASHVILLE POLICE DEPT,2017-0525616,Davidson,Nashville,6/15/2017 10:16:00 AM,2,0,0,36.044770,-86.650540,CROSSINGS BLVD,,,,166.00,Feet,East,HICKORY HOLLOW PKWY,,,,0.00,N,Not at Intersection, ,Non-Junction,None,,,         ,William,Whitworth,Clear,"Sideswipe, Same Direction",no,no,no,no,no,False
101673864,METROPOLITAN NASHVILLE POLICE DEPT,2017-0525785,Davidson,Nashville,6/15/2017 11:51:00 AM,2,1,0,36.070030,-86.698800,HAYWOOD LN,,,,0.00,,,EAST RIDGE DR,,,,0.00,Y,Four-Way,N,Intersection,None,,,         ,William,Whitworth,Rain,Front to Rear,no,no,no,no,no,False
101673874,METROPOLITAN NASHVILLE POLICE DEPT,20170525874,Davidson,Nashville,6/15/2017 12:15:00 PM,2,0,0,36.049820,-86.650070,BELL RD,,,,178.00,Feet,West,MT VIEW RD,,,,0.00,N,Not at Intersection, ,Non-Junction,None,,,         ,Rickie,Corman,Rain,Front to Rear,no,no,no,no,no,False
101673876,METROPOLITAN NASHVILLE POLICE DEPT,20170525781,Davidson,Nashville,6/15/2017 11:35:00 AM,2,0,0,36.155650,-86.789720,BROADWAY,,,,0.00,,,14TH AVS,,,,0.00,Y,Four-Way,N,Intersection,None,,,         ,Darrell,Osment,Rain,"Sideswipe, Same Direction",no,no,no,no,yes,False
101673897,METROPOLITAN NASHVILLE POLICE DEPT,20170525751,Davidson,Nashville,6/15/2017 11:26:00 AM,2,0,0,36.150700,-86.785690,I 40,,,,0.00,,,,,,,209.50,N,Not at Intersection,N,Non-Junction,None,,,         ,Shedie,Herbert III,Rain,"Sideswipe, Same Direction",no,no,no,no,no,False
101673903,METROPOLITAN NASHVILLE POLICE DEPT,20170525903,Davidson,Nashville,6/15/2017 12:44:00 PM,2,0,0,36.150460,-86.856670,CHARLOTTE PKE,,,,216.00,Feet,East,ORLANDO AV,,,,0.00,N,Not at Intersection, ,Non-Junction,None,,,         ,Curtis,Rich,Rain,Front to Rear,no,no,no,no,yes,False
101673904,METROPOLITAN NASHVILLE POLICE DEPT,20170525908,Davidson,Nashville,6/15/2017 12:48:00 PM,2,2,0,36.154890,-86.797830,CHURCH ST,,,,106.00,Feet,West,18TH AVN,,,,0.00,N,Not at Intersection,N,Non-Junction,None,,,         ,Nathan,Kemp,Rain,Front to Rear,no,no,no,no,no,False
101673908,METROPOLITAN NASHVILLE POLICE DEPT,20170525871,Davidson,Nashville,6/15/2017 11:40:00 AM,2,1,0,36.183860,-86.798000,I65 N ENT RAMP,,,,0.00,,,I 65,,,,0.00,Y,OTHER,Y,Intersection,None,,,         ,James,Jarvis,Rain,Front to Rear,no,no,no,no,no,False
101673920,METROPOLITAN NASHVILLE POLICE DEPT,20170525775,Davidson,Nashville,6/15/2017 12:00:00 AM,2,0,0,36.156910,-86.823710,I 40,,,,0.00,,,,,,,205.85,N,Not at Intersection, ,Non-Junction,None,,,         ,Julie,Nabors,Rain,Angle,no,no,no,no,no,False
101673928,METROPOLITAN NASHVILLE POLICE DEPT,20170525980,Davidson,Nashville,6/15/2017 1:20:00 PM,2,0,0,36.171440,-86.752330,S 10TH ST,,,,27.00,Feet,North,SHELBY AV,,,,0.00,N,Not at Intersection, ,Non-Junction,None,,,         ,Richard,Conger,Cloudy,Front to Rear,no,no,no,no,no,False
101673932,METROPOLITAN NASHVILLE POLICE DEPT,20170525807,Davidson,Nashville,6/15/2017 11:56:00 AM,2,0,0,36.103620,-86.666480,OLD MURFREESBORO PKE,,,,0.00,,,FAIRCLOTH LN,,,,0.00,Y,Four-Way, ,Intersection-Related,None,,,         ,James,Curtis,Rain,Front to Rear,no,no,no,no,no,False
101673933,METROPOLITAN NASHVILLE POLICE DEPT,20170525731,Davidson,Nashville,6/15/2017 11:05:00 AM,1,1,0,36.145620,-86.881690,THUNDERBIRD DR,,,,200.00,Feet,South,STARLINER DR,,,,0.00,N,Not at Intersection,N,Non-Junction,None,,,         ,Michael,Brickman,Rain,Not Collision with Motor Vehicle in Transport,no,no,no,no,no,False
101673944,METROPOLITAN NASHVILLE POLICE DEPT,20170525402,Davidson,Nashville,6/15/2017 8:48:00 AM,2,0,0,36.153960,-86.757350,I 40,,,,0.00,,,,,,,211.15,N,Not at Intersection, ,,None,,,         ,James,Curtis,,,no,no,no,no,no,False
101673946,METROPOLITAN NASHVILLE POLICE DEPT,20170525933,Davidson,Nashville,6/15/2017 12:57:00 PM,2,1,0,36.165120,-86.602780,BELL RD,,,,0.00,,,MILLS RD,,,,0.00,Y,T-Intersection,N,Intersection,None,,,         ,Cody,O'Quinn,Rain,Front to Rear,no,no,no,no,no,False
101673949,METROPOLITAN NASHVILLE POLICE DEPT,20170525743,Davidson,Nashville,6/14/2017 7:26:00 PM,4,0,0,36.194690,-86.772300,DICKERSON PKE,,,,107.00,Feet,North,DOUGLAS AV,,,,0.00,N,Not at Intersection,N,Non-Junction,None,,,         ,Christopher,Dickerson,Clear,Not Collision with Motor Vehicle in Transport,no,no,no,yes,yes,False
101673958,METROPOLITAN NASHVILLE POLICE DEPT,20170526025,Davidson,Nashville,6/15/2017 1:38:00 PM,2,1,0,36.174030,-86.605940,CENTRAL PKE,,,,0.00,,,I40 E EXT RAMP,,,,0.00,Y,T-Intersection,N,Entrance/Exit Ramp Related,None,,,         ,Michael,Dance,Rain,Front to Rear,no,no,no,no,yes,False
101673964,Nashville Airport Police,17-01936,Davidson,Nashville,6/15/2017 12:00:00 AM,2,0,0,36.129140,-86.665380,DONELSON PKE,,,,0.00,,,DONELSON PKE S ENT RAMP,,,,0.00,Y,T-Intersection, ,,None,,,         ,Mark,Lawrence,,,no,no,no,no,no,False
101673970,METROPOLITAN NASHVILLE POLICE DEPT,20170525955,Davidson,Nashville,6/15/2017 12:45:00 PM,2,0,0,36.154630,-86.779160,8TH AVS,,,,0.00,,,LAFAYETTE ST,,,,0.00,Y,Roundabout,N,Intersection,None,,,         ,Charles,Coe,Rain,Angle,no,no,no,no,no,False
101673971,METROPOLITAN NASHVILLE POLICE DEPT,20170525661,Davidson,Nashville,6/15/2017 10:43:00 AM,2,1,0,36.156580,-86.787480,12TH AVS,,,,0.00,,,BROADWAY,,,,0.00,Y,Four-Way,N,Intersection-Related,None,,,         ,Frank,Campbell,Cloudy,Angle,no,no,no,no,no,False
101673979,THP District 9 - Administrative,317035280,Davidson,Nashville,6/14/2017 5:45:00 PM,2,0,0,36.144290,-86.695230,I 40,,,,0.00,,,,,,,215.00,N,Not at Intersection,N,Non-Junction,None,,,         ,Steve,Sakarapanee,Clear,"Sideswipe, Same Direction",no,no,no,no,no,False
101673986,METROPOLITAN NASHVILLE POLICE DEPT,20170525115,Davidson,Nashville,6/15/2017 5:58:00 AM,2,2,0,36.142040,-86.678610,I 40,,,,0.00,,,,,,,215.95,N,Not at Intersection,N,Non-Junction,None,,,         ,James,Curtis,Rain,Front to Rear,no,no,no,no,no,False
101673987,METROPOLITAN NASHVILLE POLICE DEPT,20170525922,Davidson,Nashville,6/15/2017 11:59:00 AM,2,1,0,36.059440,-86.668680,MOSS RD,,,,28.00,Feet,East,UNA ANTIOCH PKE,,,,0.00,N,Not at Intersection,N,Non-Junction,None,,,         ,Je-Marc,Sears,Cloudy,Front to Rear,no,no,no,no,no,False
101674014,METROPOLITAN NASHVILLE POLICE DEPT,20170525804,Davidson,Nashville,6/15/2017 12:00:00 PM,2,0,0,36.248210,-86.720220,GALLATIN PKES,,,,66.00,Feet,North,DUE WEST AVE,,,,0.00,N,Not at Intersection, ,Non-Junction,None,,,         ,Peter,Lynch,Rain,"Sideswipe, Same Direction",no,no,no,no,no,False
101674028,METROPOLITAN NASHVILLE POLICE DEPT,20170525175,Davidson,Not in City Limit,6/15/2017 7:10:00 AM,1,0,0,36.274590,-86.735510,I 65,,,,0.00,,,,,,,93.00,N,Not at Intersection,N,Non-Junction,None,,,         ,Terrence,Bradley,Clear,Not Collision with Motor Vehicle in Transport,no,no,no,no,no,False
101674077,METROPOLITAN NASHVILLE POLICE DEPT,20170511151,Davidson,Nashville,6/10/2017 2:36:00 PM,2,1,0,36.042240,-86.712930,NOLENSVILLE PKE,,,,75.00,Feet,South,SWISS AV,,,,0.00,N,Not at Intersection,N,Non-Junction,None,,,         ,Willie,Reaves,Clear,Angle,no,no,no,no,no,False
101674078,METROPOLITAN NASHVILLE POLICE DEPT,2017-0526062,Davidson,Nashville,6/15/2017 2:02:00 PM,2,2,0,36.081390,-86.698700,LINBAR DR,,,,930.00,Feet,West,LUNA DR,,,,0.00,N,Not at Intersection,N,Non-Junction,None,,,         ,William,Whitworth,Cloudy,Angle,no,no,no,no,no,False
101674095,METROPOLITAN NASHVILLE POLICE DEPT,20170526244,Davidson,Nashville,6/15/2017 3:30:00 PM,2,0,0,36.154340,-86.778410,LAFAYETTE ST,,,,177.00,Feet,West,7TH AVS,,,,0.00,N,Not at Intersection, ,,None,,,         ,Jason,Hogan,,,no,no,no,no,no,False
101674112,METROPOLITAN NASHVILLE POLICE DEPT,2017-0526081,Davidson,Nashville,6/15/2017 2:14:00 PM,2,1,0,36.085280,-86.699480,I 24,,,,0.00,,,,,,,55.80,N,Not at Intersection,N,Non-Junction,None,,,         ,Todd,Watson,Clear,Front to Rear,no,no,no,no,no,False
101674116,METROPOLITAN NASHVILLE POLICE DEPT,20170526177,Davidson,Nashville,6/15/2017 2:01:00 PM,1,0,0,36.055680,-86.677140,TOMARAND CT,,,,28.00,Feet,East,SHIHMEN DR,,,,0.00,N,Not at Intersection, ,Non-Junction,None,,,         ,Pamela,Caulder,Rain,Not Collision with Motor Vehicle in Transport,no,no,no,no,yes,False
101674128,METROPOLITAN NASHVILLE POLICE DEPT,20170526211,Davidson,Nashville,6/15/2017 2:11:00 PM,2,0,0,36.174850,-86.771330,I 24,,,,0.00,,,,,,,48.10,N,Not at Intersection, ,,None,,,         ,Chad,Wilkinson,,,no,no,no,no,no,False
101674141,METROPOLITAN NASHVILLE POLICE DEPT,20170526216,Davidson,Nashville,6/15/2017 12:00:00 AM,2,0,0,36.115720,-86.781180,I65 ENT RAMP,,,,0.00,Feet,East,I 440,,,,0.00,N,Not at Intersection,N,Non-Junction,None,,,         ,Akira,McSwain,Clear,Front to Rear,no,no,no,no,no,False
101674145,METROPOLITAN NASHVILLE POLICE DEPT,20170526150,Davidson,Nashville,6/15/2017 2:50:00 PM,2,1,0,36.166100,-86.766100,SHELBY AV,,,,75.00,Feet,West,I24 E ENT RAMP,,,,0.00,N,Not at Intersection,N,"Driveway, Alley Access, etc",None,,,         ,Joshua,Reece,Clear,Angle,no,no,no,no,no,False
101674152,METROPOLITAN NASHVILLE POLICE DEPT,20170526213,Davidson,Nashville,6/15/2017 3:10:00 PM,2,1,0,36.050220,-86.646620,BELL FORGE LNE,,,,207.00,Feet,South,BELL RD,,,,0.00,N,Not at Intersection,N,Non-Junction,None,,,         ,Mary,Williams,Cloudy,Front to Rear,no,no,no,no,no,False
101674154,METROPOLITAN NASHVILLE POLICE DEPT,20170526295,Davidson,Nashville,6/15/2017 3:43:00 PM,2,0,0,36.153280,-86.842670,ALABAMA AV,,,,122.00,Feet,West,46TH AVN,,,,0.00,N,Not at Intersection,N,Non-Junction,None,,,         ,Jeremy,Huffine,Cloudy,Front to Rear,no,no,no,no,yes,False
101674155,METROPOLITAN NASHVILLE POLICE DEPT,20170526301,Davidson,Nashville,6/15/2017 3:33:00 PM,3,0,0,36.200760,-86.740040,GALLATIN PKE,,,,75.00,Feet,South,BURCHWOOD AV,,,,0.00,N,Not at Intersection, ,Non-Junction,None,,,         ,Erik,Nash,Cloudy,Front to Rear,no,no,no,no,no,False
101674160,METROPOLITAN NASHVILLE POLICE DEPT,20170526393,Davidson,Nashville,6/15/2017 4:25:00 PM,2,0,0,36.102370,-86.626950,BELL RD,,,,1943.00,Feet,South,NED SHELTON RD,,,,0.00,N,Not at Intersection,N,Non-Junction,None,,,         ,MIchael,Mihajlov,Clear,Front to Rear,no,no,no,no,no,False
101674162,METROPOLITAN NASHVILLE POLICE DEPT,20170526294,Davidson,Nashville,6/15/2017 3:13:00 PM,2,3,0,36.205890,-86.768610,E TRINITY LN,,,,0.00,,,DICKERSON PKE,,,,0.00,Y,T-Intersection,Y,Intersection,None,,,         ,Jonathan,Hadley,Cloudy,Angle,no,no,no,no,no,False
101674181,METROPOLITAN NASHVILLE POLICE DEPT,2017-0526425,Davidson,Nashville,6/15/2017 4:45:00 PM,2,0,0,36.056620,-86.924740,HIGHWAY 100,,,,619.00,Feet,South,NOTTINGHAM PL,,,,0.00,N,Not at Intersection, ,,None,,,         ,Michael,Rogers,,,no,no,no,no,no,False