master_record_number,agency,agency_tracking_number,county,city,collision_date,vehicles_involved,number_injured,number_dead,latitude,longitude,roadway_name,roadway_suffix,roadway_number,roadway_local_id,distance_from_reference,miles-feet_indicator,direction_from_reference,intersection_road_name,intersection_road_name_suffix,intersection_road_number,intersection_local_id,mile_marker,intersection_indicator,intersect_type,interchange_related_indicator,relation_to_junction,work_zone_type,construction_maintenance_zone,construction_maintenance_zone_location,fatal_case_number,officer_first_name,officer_last_name,weather_condition(s),manner_of_crash,pedestrian,bicycle,scooter,parking,hitrun,mou
101675490,METROPOLITAN NASHVILLE POLICE DEPT,2017530034,Davidson,Nashville,6/16/2017 6:00:00 PM,2,1,0,36.141320,-86.739870,MURFREESBORO PKE,,,,215.00,Feet,East,FOSTER AV,,,,0.00,N,Not at Intersection,N,Non-Junction,None,,,         ,Andrew,Mullen,Clear,Angle,no,no,no,no,no,False
101675496,VANDERBILT UNIVERSITY POLICE,2017-0530285,Davidson,Nashville,6/16/2017 7:30:00 PM,2,0,0,36.110090,-86.766000,POWELL AV,,,,0.00,,,,,,,0.00,,, ,OtherLocation,None,,,         ,Allan,Sullivan,Clear,"Sideswipe, Same Direction",no,no,no,yes,yes,OHO
101675498,METROPOLITAN NASHVILLE POLICE DEPT,20170530541,Davidson,Not in City Limit,6/16/2017 8:50:00 PM,3,0,0,36.272780,-86.710160,GALLATIN PKEN,,,,0.00,,,NESBITT LN,,,,0.00,Y,T-Intersection,N,Intersection-Related,None,,,         ,Samuel,Miller,Clear,Front to Rear,no,no,no,no,yes,False
101675507,METROPOLITAN NASHVILLE POLICE DEPT,20170530228,Davidson,Nashville,6/16/2017 6:00:00 PM,2,0,0,36.060720,-86.740780,EDMONDSON PKE,,,,251.00,Feet,North,EDMONSON CIR,,,,0.00,N,Not at Intersection,N,Non-Junction,None,,,         ,David,Robberson,Clear,Front to Rear,no,no,no,no,no,False
101675512,METROPOLITAN NASHVILLE POLICE DEPT,20170530114,Davidson,Goodlettsville,6/16/2017 4:52:00 PM,2,0,0,36.296770,-86.699290,GALLATIN PKEN,,,,70.00,Feet,South,RIVERGATE PKWY,,,,0.00,N,Not at Intersection, ,Non-Junction,None,,,         ,Samuel,Miller,Clear,Front to Rear,no,no,no,no,no,False
101675524,METROPOLITAN NASHVILLE POLICE DEPT,20170530193,Davidson,Goodlettsville,6/16/2017 5:46:00 PM,2,0,0,36.287760,-86.693150,MYATT DR,,,,0.00,,,EDENWOLD RD CNCTR,,,,0.00,Y,T-Intersection,Y,Intersection-Related,None,,,         ,Samuel,Miller,Clear,Front to Rear,no,no,no,no,yes,False
101675525,METROPOLITAN NASHVILLE POLICE DEPT,20170529826,Davidson,Nashville,6/16/2017 4:45:00 PM,2,0,0,36.170820,-86.601550,OLD HICKORY BLVD,,,,0.00,,,I40 W EXT RAMP,,,,0.00,Y,Four-Way,N,Entrance/Exit Ramp Related,None,,,         ,Jefferson,Hughes,Clear,Front to Rear,no,no,no,no,no,False
101675527,METROPOLITAN NASHVILLE POLICE DEPT,20170530680,Davidson,Not in City Limit,6/16/2017 9:23:00 PM,2,0,0,36.056580,-86.965660,POPLAR CREEK RD,,,,1000.00,Feet,East,ROLLING RIVER PKWY,,,,0.00,N,Not at Intersection,N,Non-Junction,None,,,         ,Walter,Gray II,Clear,Not Collision with Motor Vehicle in Transport,no,no,no,no,yes,False
101675535,METROPOLITAN NASHVILLE POLICE DEPT,20170530037,Davidson,Nashville,6/16/2017 5:51:00 PM,2,0,0,36.244230,-86.780570,BRICK CHURCH LN,,,,70.00,Feet,West,BRICK CHURCH PKE,,,,0.00,N,Not at Intersection, ,Non-Junction,None,,,         ,Samuel,Miller,Clear,Front to Rear,no,no,no,no,no,False
101675543,METROPOLITAN NASHVILLE POLICE DEPT,20170530528,Davidson,Nashville,6/16/2017 9:04:00 PM,3,1,0,36.176880,-86.774080,SPRING ST,,,,50.00,Feet,East,I24 E ENT RAMP,,,,0.00,N,Not at Intersection,N,Non-Junction,Construction Zone,Laneclosure,Unknown,         ,Joshua,Reece,Clear,Front to Rear,no,no,no,no,no,False
101675559,METROPOLITAN NASHVILLE POLICE DEPT,20170530754,Davidson,Nashville,6/16/2017 9:50:00 PM,2,1,0,36.181800,-86.641570,JACKSON DOWNS BLVD,,,,0.00,,,LEBANON PKE,,,,0.00,Y,Four-Way,N,Non-Junction,None,,,         ,Jaby,Djabbarov,Clear,Angle,no,no,no,no,no,False
101675561,METROPOLITAN NASHVILLE POLICE DEPT,20170530787,Davidson,Nashville,6/16/2017 9:35:00 PM,2,0,0,36.156810,-86.771900,PEABODY ST,,,,0.00,,,2ND AVS,,,,0.00,Y,Four-Way, ,Non-Junction,None,,,         ,Jason,King,Clear,"Sideswipe, Same Direction",no,no,no,no,no,False
101675575,METROPOLITAN NASHVILLE POLICE DEPT,20170530761,Davidson,Nashville,6/16/2017 9:29:00 PM,1,0,0,36.052750,-86.644380,BELL RD,,,,253.00,Feet,North,EAGLE VIEW BLVD,,,,0.00,N,Not at Intersection, ,Non-Junction,None,,,         ,William,McDaniel,Clear,Not Collision with Motor Vehicle in Transport,no,no,no,no,no,False
101675602,METROPOLITAN NASHVILLE POLICE DEPT,2017-0540943,Davidson,Nashville,6/16/2017 10:20:00 PM,3,0,0,36.128750,-86.754130,NOLENSVILLE PKE,,,,206.00,Feet,North,CARSON ST,,,,0.00,N,Not at Intersection,N,Non-Junction,None,,,         ,William,Whitworth,Clear,"Sideswipe, Same Direction",no,no,no,no,yes,False
101675605,METROPOLITAN NASHVILLE POLICE DEPT,20170530842,Davidson,Nashville,6/16/2017 10:21:00 PM,1,0,0,36.040210,-86.650470,I 24,,,,0.00,,,,,,,60.00,N,Not at Intersection,N,Non-Junction,None,,,         ,Pamela,Caulder,Cloudy,Not Collision with Motor Vehicle in Transport,no,no,no,no,yes,False
101675607,METROPOLITAN NASHVILLE POLICE DEPT,20170530959,Davidson,Nashville,6/16/2017 12:00:00 AM,2,0,0,36.090510,-86.703430,I 24,,,,0.00,,,,,,,55.35,N,Not at Intersection,N,Non-Junction,None,,,         ,Brian,Mclarty,Clear,"Sideswipe, Same Direction",no,no,no,no,no,False
101675615,METROPOLITAN NASHVILLE POLICE DEPT,20170531014,Davidson,Nashville,6/16/2017 10:00:00 PM,2,0,0,36.198190,-86.620230,OLD HICKORY BLVD,,,,90.00,Feet,South,LEBANON PKE,,,,0.00,N,Not at Intersection,N,Non-Junction,None,,,         ,Tyler,Manivong,Clear,"Sideswipe, Same Direction",no,no,no,no,yes,False
101675624,METROPOLITAN NASHVILLE POLICE DEPT,20170530930,Davidson,Nashville,6/16/2017 11:00:00 PM,2,0,0,36.160640,-86.778060,BROADWAY,,,,127.00,Feet,East,5TH AVS,,,,0.00,N,Not at Intersection, ,,None,,,         ,Jeremy,King,,,no,no,no,no,no,False
101675625,METROPOLITAN NASHVILLE POLICE DEPT,20170531117,Davidson,Nashville,6/17/2017 12:03:00 AM,2,0,0,36.150540,-86.766650,1ST AVS,,,,0.00,,,,,,,0.00,,, ,Non-Junction,None,,,         ,Mekisha,Page,Clear,Angle,no,no,no,yes,yes,False
101675626,METROPOLITAN NASHVILLE POLICE DEPT,20170531053,Davidson,Nashville,6/16/2017 11:00:00 PM,2,1,0,36.045430,-86.703610,OLD HICKORY BLVD,,,,0.00,Feet,,EULALA DR,,,,0.00,Y,Four-Way,N,Intersection-Related,None,,,         ,Autumn,Manning,Clear,Front to Rear,no,no,no,no,yes,False
101675682,METROPOLITAN NASHVILLE POLICE DEPT,20170531314,Davidson,Nashville,6/17/2017 12:00:00 AM,2,2,0,36.134020,-86.722560,MURFREESBORO PKE,,,,0.00,Feet,West,PLUS PARK BLVD,,,,0.00,N,Not at Intersection,N,Non-Junction,None,,,         ,Brian,Mclarty,Clear,Angle,no,no,no,no,no,False
101675685,METROPOLITAN NASHVILLE POLICE DEPT,20170531316,Davidson,Nashville,6/17/2017 1:52:00 AM,2,0,0,36.049210,-86.652010,BELL RD,,,,92.00,Feet,West,HICKORY HOLLOW MALL PVTDR PL,,,,0.00,N,Not at Intersection,N,Non-Junction,None,,,         ,David,Moser,Clear,Front to Rear,no,no,no,yes,yes,False
101675689,METROPOLITAN NASHVILLE POLICE DEPT,20170531395,Davidson,Nashville,6/17/2017 12:00:00 AM,1,0,0,36.143710,-86.697680,BRILEY PKWYN,,,,27.00,Feet,North,I40 E EXT RAMP,,,,0.00,N,Not at Intersection,N,Entrance/Exit Ramp Related,None,,,         ,Johan,Kinberg,Cloudy,Unknown,no,no,no,no,yes,False
101675693,METROPOLITAN NASHVILLE POLICE DEPT,20170531551,Davidson,Nashville,6/17/2017 2:36:00 AM,2,0,0,36.170090,-86.779840,2ND AVN,,,,0.00,,,,,,,0.00,,Not at Intersection, ,Non-Junction,None,,,         ,Bryant,Presley,Clear,Rear to Rear,no,no,no,yes,no,False
101675697,METROPOLITAN NASHVILLE POLICE DEPT,20170531356,Davidson,Nashville,6/17/2017 2:12:00 AM,2,0,0,36.174930,-86.761160,N 7TH ST,,,,208.00,Feet,North,MAIN ST,,,,0.00,N,Not at Intersection,N,Non-Junction,None,,,         ,Brandon,Hughes,Clear,"Sideswipe, Same Direction",no,no,no,yes,yes,False
101675699,METROPOLITAN NASHVILLE POLICE DEPT,20170531463,Davidson,Nashville,6/17/2017 3:06:00 AM,2,0,0,36.183840,-86.754570,MCFERRIN AV,,,,174.00,Feet,South,W EASTLAND AV,,,,0.00,N,Not at Intersection,N,Non-Junction,None,,,         ,Brandon,Hughes,Clear,"Sideswipe, Same Direction",no,no,no,no,no,False
101675704,THP District 3 - Nashville,317035029,Davidson,Nashville,6/12/2017 12:00:00 AM,2,0,0,36.221000,-86.773920,I 65,,,,0.00,,,,,,,88.35,N,Not at Intersection, ,Entrance/Exit Ramp Related,None,,,         ,Michael,Lowe,Clear,"Sideswipe, Same Direction",no,no,no,no,yes,False
101675705,METROPOLITAN NASHVILLE POLICE DEPT,20170531617,Davidson,Not in City Limit,6/17/2017 4:13:00 AM,1,1,0,36.265690,-86.830890,OLD HICKORY BLVD,,,,0.00,,,WHITES CREEK PKE,,,,0.00,Y,Four-Way,Y,Intersection-Related,Construction Zone,Laneclosure,Termination Area,         ,Bryant,Presley,Clear,Not Collision with Motor Vehicle in Transport,no,no,no,no,no,False
101675725,METROPOLITAN NASHVILLE POLICE DEPT,20170531525,Davidson,Nashville,6/17/2017 3:20:00 AM,2,0,0,36.183670,-86.754590,MCFERRIN AV,,,,235.00,Feet,South,W EASTLAND AV,,,,0.00,N,Not at Intersection, ,Non-Junction,None,,,         ,Brandon,Hughes,Clear,Front to Rear,no,no,no,no,no,False
101675765,METROPOLITAN NASHVILLE POLICE DEPT,20170531618,Davidson,Nashville,6/17/2017 3:35:00 AM,2,0,0,36.072950,-86.692140,I 24,,,,0.00,,,,,,,56.70,N,Not at Intersection,N,Non-Junction,None,,,         ,Douglas,Sykes,Clear,"Sideswipe, Same Direction",no,no,no,no,yes,False
101675792,METROPOLITAN NASHVILLE POLICE DEPT,2017-0531806,Davidson,Nashville,6/17/2017 6:37:00 AM,1,1,0,36.134580,-86.801160,21ST AVS,,,,0.00,Feet,West,MAGNOLIA BLVD,,,,0.00,N,Not at Intersection,N,Non-Junction,None,,,         ,Timothy,Edwards,Clear,Not Collision with Motor Vehicle in Transport,no,no,no,no,no,Campus
101675799,METROPOLITAN NASHVILLE POLICE DEPT,20170531817,Davidson,Nashville,6/17/2017 6:50:00 AM,2,0,0,36.216840,-86.775200,I 65,,,,0.00,,,,,,,88.10,N,Not at Intersection, ,Non-Junction,None,,,         ,Royce,McLester,Cloudy,Front to Rear,no,no,no,no,no,False
101675815,METROPOLITAN NASHVILLE POLICE DEPT,20170531837,Davidson,Nashville,6/17/2017 5:29:00 AM,2,0,0,36.084760,-86.703950,HARDING PL,,,,162.00,Feet,West,TRAVELERS INN DR,,,,0.00,N,Not at Intersection,N,Non-Junction,None,,,         ,Peter,Vaught,Clear,Front to Rear,no,no,no,no,yes,False
101675818,METROPOLITAN NASHVILLE POLICE DEPT,20170531867,Davidson,Nashville,6/17/2017 7:30:00 AM,2,0,0,36.152450,-86.834860,CHARLOTTE AV,,,,0.00,,,40TH AVN,,,,0.00,Y,Four-Way,N,Intersection,None,,,         ,Christopher,Royer,Clear,Angle,no,no,no,no,no,False
101675849,GOODLETTSVILLE POLICE DEPT,17-21402,Davidson,Goodlettsville,6/17/2017 8:55:00 AM,2,0,0,36.309480,-86.695660,CONFERENCE DR,,,,0.00,,,VIETNAM VETERANS BLVD SB EXT R,,,,0.00,Y,OTHER, ,Entrance/Exit Ramp Related,None,,,         ,Timothy,Preston,Clear,Front to Rear,no,no,no,no,no,False
101675855,METROPOLITAN NASHVILLE POLICE DEPT,20170532042,Davidson,Nashville,6/17/2017 9:10:00 AM,2,0,0,36.171430,-86.769040,JAMES ROBERTSON PKWY,,,,0.00,,,INTERSTATE DR,,,,0.00,Y,Four-Way, ,Intersection,None,,,         ,Steven,Folliard,Clear,Angle,no,no,no,no,no,False
101675872,METROPOLITAN NASHVILLE POLICE DEPT,20170532115,Davidson,Nashville,6/17/2017 9:45:00 AM,2,0,0,36.150150,-86.857950,CHARLOTTE PKE,,,,0.00,,,WHITE BRIDGE PKE,,,,0.00,Y,Four-Way, ,Intersection-Related,None,,,         ,Michael,Phelps,Clear,Angle,no,no,no,no,no,False
101675874,METROPOLITAN NASHVILLE POLICE DEPT,20170531859,Davidson,Not in City Limit,6/17/2017 12:00:00 AM,2,0,0,36.265850,-86.681210,N DUPONT AV,,,,183.00,Feet,West,RIO VISTA DR,,,,0.00,N,Not at Intersection,N,Non-Junction,None,,,         ,Michael,Agee,Unknown,Angle,no,no,no,no,yes,False
101675875,METROPOLITAN NASHVILLE POLICE DEPT,20170531960,Davidson,Nashville,6/17/2017 8:37:00 AM,2,1,0,36.139710,-86.734960,MURFREESBORO PKE,,,,551.00,Feet,West,ARLINGTON AV,,,,0.00,N,Not at Intersection,N,Non-Junction,None,,,         ,FELIKS,ABRAHAMYAN,Clear,Front to Rear,no,no,no,no,no,False
101675876,METROPOLITAN NASHVILLE POLICE DEPT,20170532146,Davidson,Goodlettsville,6/17/2017 10:20:00 AM,2,2,0,36.298340,-86.698000,GALLATIN PKEN,,,,550.00,Feet,East,RIVERGATE PKWY,,,,0.00,N,Not at Intersection,N,Non-Junction,None,,,         ,Brandon,Wood,Clear,Front to Rear,no,no,no,no,no,False
101675884,METROPOLITAN NASHVILLE POLICE DEPT,20170532153,Davidson,Nashville,6/17/2017 10:22:00 AM,2,0,0,36.150700,-86.770500,4TH AVS,,,,84.00,Feet,South,I40 W EXT RAMP,,,,0.00,N,Not at Intersection, ,Non-Junction,None,,,         ,Seth,Quiles,Clear,Angle,no,no,no,no,no,False
101675900,METROPOLITAN NASHVILLE POLICE DEPT,20170532236,Davidson,Nashville,6/17/2017 11:20:00 AM,2,0,0,36.033710,-86.670060,SHIRE DR,,,,54.00,Feet,West,ANDUIN AV,,,,0.00,N,Not at Intersection,Y,Non-Junction,None,,,         ,Steven,Williams,Clear,Angle,no,no,no,no,no,False
101675912,METROPOLITAN NASHVILLE POLICE DEPT,2017-0532194,Davidson,Nashville,6/17/2017 10:50:00 AM,2,1,0,36.103420,-86.862540,LEAKE AV,,,,27.00,Feet,East,LAFAYETTE CT,,,,0.00,N,Not at Intersection,N,Non-Junction,None,,,         ,Paul,Junkmann,Cloudy,Angle,no,no,no,no,no,False
101675914,METROPOLITAN NASHVILLE POLICE DEPT,20170532243,Davidson,Nashville,6/17/2017 11:30:00 AM,2,0,0,36.195340,-86.773350,FERN AV,,,,0.00,,,ELMHURST AV,,,,0.00,Y,T-Intersection,Y,Intersection,None,,,         ,Michael,Thompson,Clear,Angle,no,no,no,no,no,False
101675920,METROPOLITAN NASHVILLE POLICE DEPT,20170532192,Davidson,Nashville,6/17/2017 10:45:00 AM,2,0,0,36.181660,-86.748910,CALVIN AV,,,,105.00,Feet,East,GALLATIN AV,,,,0.00,N,Not at Intersection, ,Non-Junction,None,,,         ,Christopher,Dickerson,Clear,Rear to Side,no,no,no,no,no,False
101675938,METROPOLITAN NASHVILLE POLICE DEPT,2017-0532140,Davidson,Nashville,6/17/2017 9:33:00 AM,2,0,0,36.071160,-86.636440,BELL RD,,,,271.00,Feet,South,MURFREESBORO PKE,,,,0.00,N,Not at Intersection, ,Non-Junction,None,,,         ,Roderic,Williams,Clear,Front to Rear,no,no,no,no,no,False
101675941,METROPOLITAN NASHVILLE POLICE DEPT,20170532000,Davidson,Nashville,6/17/2017 8:48:00 AM,2,1,0,36.045410,-86.658930,I 24,,,,0.00,,,,,,,59.40,N,Not at Intersection,N,Non-Junction,None,,,         ,Jason,Dudley,Clear,"Sideswipe, Same Direction",no,no,no,no,no,False
101675949,METROPOLITAN NASHVILLE POLICE DEPT,20170532279,Davidson,Nashville,6/17/2017 11:35:00 AM,2,0,0,36.075050,-86.662490,UNA ANTIOCH PKE,,,,21.00,Feet,East,BILLINGSGATE RD,,,,0.00,N,Not at Intersection,N,Non-Junction,None,,,         ,Sara,Lober,Clear,Front to Rear,no,no,no,no,yes,False
101675954,METROPOLITAN NASHVILLE POLICE DEPT,20170532217,Davidson,Nashville,6/17/2017 11:14:00 AM,1,1,0,36.175440,-86.756930,S 9TH ST,,,,204.00,Feet,North,WOODLAND ST,,,,0.00,N,Not at Intersection,N,Non-Junction,None,,,         ,Erik,Nash,Clear,Not Collision with Motor Vehicle in Transport,yes,no,no,no,no,False
101675974,METROPOLITAN NASHVILLE POLICE DEPT,20170532163,Davidson,Nashville,6/17/2017 10:32:00 AM,2,1,0,36.203550,-86.738530,GALLATIN PKE,,,,0.00,,,E TRINITY LN,,,,0.00,Y,T-Intersection,Y,Intersection,None,,,         ,Daniel,Wadham,Clear,Angle,no,no,no,no,no,False
101675989,METROPOLITAN NASHVILLE POLICE DEPT,20170532216,Davidson,Nashville,6/17/2017 11:08:00 AM,2,0,0,36.082100,-86.761700,I65 N EXT RAMP,,,,0.00,,,HARDING PL,,,,0.00,Y,Four-Way, ,Entrance/Exit Ramp Related,None,,,         ,Darrell,Osment,Clear,Front to Rear,no,no,no,no,no,False
101675993,METROPOLITAN NASHVILLE POLICE DEPT,20170532261,Davidson,Madison,6/17/2017 11:22:00 AM,2,0,0,36.284190,-86.731200,APPLE VALLEY RD,,,,124.00,Feet,East,W CAMPBELL RD,,,,0.00,N,Not at Intersection, ,Non-Junction,None,,,         ,Zachariah,Bush,Clear,"Sideswipe, Same Direction",no,no,no,no,no,False
101675994,VANDERBILT UNIVERSITY POLICE,2017-0525724,Davidson,Nashville,6/15/2017 11:00:00 AM,2,0,0,36.138840,-86.800590,21ST AVS,,,,56.00,Feet,East,CAPERS AV,,,,0.00,N,Not at Intersection, ,Non-Junction,None,,,         ,Anthony,Jones,Rain,Rear to Rear,no,no,no,yes,no,Campus
101676028,METROPOLITAN NASHVILLE POLICE DEPT,20170532379,Davidson,Not in City Limit,6/17/2017 1:00:00 PM,2,0,0,36.067890,-86.994010,NUNNERY LN,,,,157.00,Feet,West,DONCASTER LN,,,,0.00,N,Not at Intersection, ,,None,,,         ,Wesley,Tilley,,,no,no,no,no,no,False
101676030,METROPOLITAN NASHVILLE POLICE DEPT,20170532356,Davidson,Nashville,6/17/2017 1:08:00 PM,2,0,0,36.069190,-86.683480,RICHARDS RD,,,,110.00,Feet,East,ANTIOCH PKE,,,,0.00,N,Not at Intersection,N,Non-Junction,None,,,         ,Sara,Lober,Clear,Front to Rear,no,no,no,no,yes,False
101676032,METROPOLITAN NASHVILLE POLICE DEPT,20170532339,Davidson,Not in City Limit,6/17/2017 1:00:00 PM,2,1,0,36.320050,-86.897010,CLARKSVILLE PKE,,,,0.00,,,OLD CLARKSVILLE PKE,,,,0.00,Y,T-Intersection,N,Intersection,None,,,         ,Michael,Parman,Clear,Front to Rear,no,no,no,no,no,False
101676033,METROPOLITAN NASHVILLE POLICE DEPT,20170532352,Davidson,Nashville,6/17/2017 1:10:00 PM,2,0,0,36.124110,-86.743340,I 440,,,,0.00,,,,,,,6.65,N,Not at Intersection, ,Non-Junction,None,,,         ,James,Thomas,Clear,Angle,no,no,no,no,no,False
101676034,METROPOLITAN NASHVILLE POLICE DEPT,20170532303,Davidson,Nashville,6/17/2017 12:31:00 PM,2,0,0,36.171340,-86.769290,JAMES ROBERTSON PKWY,,,,29.00,Feet,East,MAIN ST,,,,0.00,N,Not at Intersection, ,Non-Junction,None,,,         ,Kevin,Johnson,Clear,Front to Rear,no,no,no,no,no,False
101676050,METROPOLITAN NASHVILLE POLICE DEPT,2017-0532221,Davidson,Nashville,6/17/2017 11:00:00 AM,2,1,0,36.025980,-86.712970,NOLENSVILLE PKE,,,,188.00,Feet,North,LENOX VILLAGE DR,,,,0.00,N,Not at Intersection,N,Non-Junction,None,,,         ,Sean,Williams,Clear,Front to Rear,no,no,no,no,yes,False
101676068,METROPOLITAN NASHVILLE POLICE DEPT,20170532454,Davidson,Nashville,6/17/2017 12:00:00 AM,2,0,0,36.165720,-86.776200,BANK ST,,,,0.00,,,GAY ST,,,,0.00,Y,OTHER, ,Non-Junction,None,,,         ,Kendra,Cowper,Clear,"Sideswipe, Same Direction",no,no,no,no,no,False
101676111,METROPOLITAN NASHVILLE POLICE DEPT,2017-0532333,Davidson,Nashville,6/17/2017 1:02:00 PM,2,1,0,36.079610,-86.726320,NOLENSVILLE PKE,,,,2.00,Feet,North,HARDING PL,,,,0.00,N,Not at Intersection,N,Non-Junction,None,,,         ,Sean,Williams,Clear,HeadOn,no,no,no,no,no,False
101676112,METROPOLITAN NASHVILLE POLICE DEPT,20170532405,Davidson,Nashville,6/17/2017 2:05:00 PM,2,0,0,36.154490,-86.779350,8TH AVS,,,,0.00,,,LAFAYETTE ST,,,,0.00,Y,T-Intersection, ,,None,,,         ,Chad,Wilkinson,,,no,no,no,no,no,False
101676126,METROPOLITAN NASHVILLE POLICE DEPT,20170532489,Davidson,Nashville,6/17/2017 3:15:00 PM,2,0,0,36.150940,-86.804550,LOUISE AV,,,,0.00,,,ELLISTON PL,,,,0.00,Y,Four-Way, ,Intersection,None,,,         ,Bradley,Pope,Cloudy,Angle,no,no,no,no,no,Campus
101676156,METROPOLITAN NASHVILLE POLICE DEPT,20170532535,Davidson,Nashville,6/17/2017 3:07:00 PM,2,0,0,36.232770,-86.724800,GALLATIN PKE,,,,60.00,Feet,North,GALLATIN PKE NB EXT RAMP,,,,0.00,N,Not at Intersection, ,Non-Junction,None,,,         ,Joshua,Lackey,Clear,Front to Rear,no,no,no,no,no,False
101676167,METROPOLITAN NASHVILLE POLICE DEPT,20170532591,Davidson,Nashville,6/17/2017 2:42:00 PM,2,0,0,36.160030,-86.760110,I 24,,,,0.00,,,,,,,49.50,N,Not at Intersection, ,Non-Junction,None,,,         ,Steven,Frazier Jr.,Clear,"Sideswipe, Same Direction",no,no,no,no,no,False
101676178,METROPOLITAN NASHVILLE POLICE DEPT,20170532497,Davidson,Not in City Limit,6/17/2017 3:24:00 PM,2,0,0,36.265490,-86.739870,OLD HICKORY BLVDW,,,,0.00,,,I65 S EXT RAMP,,,,0.00,Y,Y-Intersection,N,Entrance/Exit Ramp Related,None,,,         ,Johnathon,Birdwell,Clear,"Sideswipe, Same Direction",no,no,no,no,no,False
101676185,METROPOLITAN NASHVILLE POLICE DEPT,20170532640,Davidson,Nashville,6/17/2017 4:24:00 PM,2,0,0,36.191870,-86.780970,I 65,,,,0.00,,,,,,,86.25,N,Not at Intersection, ,Entrance/Exit Ramp Related,None,,,         ,David,Snowden,Clear,"Sideswipe, Same Direction",no,no,no,no,yes,False
101676187,METROPOLITAN NASHVILLE POLICE DEPT,20170532658,Davidson,Nashville,6/17/2017 2:40:00 PM,2,0,0,36.197140,-86.689290,OPRY MILLS DR,,,,0.00,,,BRILEY PKWY S EXT RAMP,,,,0.00,Y,Y-Intersection,Y,Entrance/Exit Ramp Related,None,,,         ,John,Kelley,Clear,"Sideswipe, Same Direction",no,no,no,yes,yes,False
101676189,METROPOLITAN NASHVILLE POLICE DEPT,20170532600,Davidson,Nashville,6/17/2017 12:00:00 AM,2,1,0,36.184750,-86.834120,HORNBUCKLE LN,,,,103.00,Feet,East,HYDES FERRY RD,,,,0.00,N,Not at Intersection,N,Non-Junction,None,,,         ,Melvin,Taylor,Clear,Angle,no,no,no,no,no,False
101676190,METROPOLITAN NASHVILLE POLICE DEPT,20170532564,Davidson,Nashville,6/17/2017 3:40:00 PM,2,0,0,36.045370,-86.713260,NOLENSVILLE PKE,,,,0.00,Feet,,OLD HICKORY BLVD,,,,0.00,Y,Four-Way, ,Intersection,None,,,         ,David,Robberson,Clear,Front to Rear,no,no,no,no,no,False
101676191,METROPOLITAN NASHVILLE POLICE DEPT,20170532675,Davidson,Nashville,6/17/2017 4:00:00 PM,2,0,0,36.176600,-86.750010,S 11TH ST,,,,135.00,Feet,North,HOLLY ST,,,,0.00,N,Not at Intersection, ,Non-Junction,None,,,         ,James,Smith,Clear,"Sideswipe, Same Direction",no,no,no,no,no,False
101676200,METROPOLITAN NASHVILLE POLICE DEPT,20170532430,Davidson,Nashville,6/17/2017 12:46:00 PM,2,0,0,36.230630,-86.775020,EWING DR,,,,300.00,Feet,West,RICHMOND HILL DR,,,,0.00,N,Not at Intersection,N,Non-Junction,None,,,         ,Christopher,Littles,Clear,Front to Rear,no,no,no,no,no,False
101676201,METROPOLITAN NASHVILLE POLICE DEPT,20170532635,Davidson,Not in City Limit,6/17/2017 4:35:00 PM,2,1,0,36.051760,-86.933910,HIGHWAY 100,,,,2185.00,Feet,East,TRACE CREEK DR,,,,0.00,N,Not at Intersection,N,Non-Junction,None,,,         ,Adam,Reese,Clear,Front to Rear,no,no,no,no,no,False
101676204,METROPOLITAN NASHVILLE POLICE DEPT,20170532734,Davidson,Nashville,6/17/2017 3:58:00 PM,2,0,0,36.102590,-86.603960,ANDERSON RD,,,,7.00,Feet,South,PRIEST LAKE DR,,,,0.00,N,Not at Intersection,N,Non-Junction,None,,,         ,Tyler,Maupin,Clear,Front to Rear,no,no,no,no,no,False
101676205,METROPOLITAN NASHVILLE POLICE DEPT,20170532443,Davidson,Nashville,6/17/2017 2:54:00 PM,3,1,0,36.255610,-86.714710,GALLATIN PKES,,,,231.00,Feet,South,NEELYS BEND RD,,,,0.00,N,Not at Intersection,N,Non-Junction,None,,,         ,Harold,Willmore IV,Clear,Front to Rear,no,no,no,no,no,False
101676217,METROPOLITAN NASHVILLE POLICE DEPT,20170532811,Davidson,Nashville,6/17/2017 12:00:00 AM,2,0,0,36.199140,-86.715150,PINEHURST DR,,,,534.00,Feet,East,STRATFORD AV,,,,0.00,N,Not at Intersection,N,Non-Junction,None,,,         ,James,Smith,Clear,"Sideswipe, Same Direction",no,no,no,no,yes,False
101676245,METROPOLITAN NASHVILLE POLICE DEPT,20170532805,Davidson,Nashville,6/17/2017 12:00:00 AM,2,0,0,36.214490,-86.775470,I 65,,,,0.00,,,,,,,87.90,N,Not at Intersection, ,Non-Junction,None,,,         ,Melvin,Taylor,Clear,Front to Rear,no,no,no,no,no,False
101676257,METROPOLITAN NASHVILLE POLICE DEPT,20170532752,Davidson,Nashville,6/17/2017 5:31:00 PM,2,0,0,36.151760,-86.768630,2ND AVS,,,,0.00,Feet,,I40 W EXT RAMP,,,,0.00,Y,T-Intersection, ,Intersection,None,,,         ,Brian,Woodard,Clear,Angle,no,no,no,no,no,False