master_record_number,agency,agency_tracking_number,county,city,collision_date,vehicles_involved,number_injured,number_dead,latitude,longitude,roadway_name,roadway_suffix,roadway_number,roadway_local_id,distance_from_reference,miles-feet_indicator,direction_from_reference,intersection_road_name,intersection_road_name_suffix,intersection_road_number,intersection_local_id,mile_marker,intersection_indicator,intersect_type,interchange_related_indicator,relation_to_junction,work_zone_type,construction_maintenance_zone,construction_maintenance_zone_location,fatal_case_number,officer_first_name,officer_last_name,weather_condition(s),manner_of_crash,pedestrian,bicycle,scooter,parking,hitrun,mou
101676284,METROPOLITAN NASHVILLE POLICE DEPT,20170532881,Davidson,Not in City Limit,6/17/2017 6:02:00 PM,2,0,0,36.074030,-86.935310,COLICE JEANNE RD,,,,0.00,,,CROSS TIMBERS DR,,,,0.00,Y,Four-Way, ,Intersection,None,,,         ,Regina,Lewis,Clear,Front to Rear,no,no,no,no,no,False
101676285,METROPOLITAN NASHVILLE POLICE DEPT,20170532978,Davidson,Nashville,6/17/2017 12:00:00 AM,2,0,0,36.160820,-86.814040,BOOKER ST,,,,41.00,Feet,East,25TH AVN,,,,0.00,N,Not at Intersection, ,Non-Junction,None,,,         ,Melvin,Taylor,Clear,"Sideswipe, Opposite Direction",no,no,no,no,yes,False
101676289,METROPOLITAN NASHVILLE POLICE DEPT,20170532842,Davidson,Nashville,6/17/2017 6:08:00 PM,2,0,0,36.147460,-86.744290,I 40,,,,0.00,,,,,,,212.00,N,Not at Intersection, ,Entrance/Exit Ramp Related,None,,,         ,Jonathan,Cavezza,Clear,Angle,no,no,no,no,no,False
101676310,METROPOLITAN NASHVILLE POLICE DEPT,20170532919,Davidson,Nashville,6/17/2017 12:00:00 AM,2,0,0,36.154390,-86.773750,LEA AV,,,,207.00,Feet,East,5TH AVS,,,,0.00,N,Not at Intersection,N,Non-Junction,None,,,         ,Brian,Woodard,Clear,Unknown,no,no,no,yes,yes,False
101676324,METROPOLITAN NASHVILLE POLICE DEPT,20170532893,Davidson,Nashville,6/17/2017 6:25:00 PM,2,0,0,36.140570,-86.722520,I 40,,,,0.00,,,,,,,213.50,N,Not at Intersection,N,Non-Junction,None,,,         ,John,Kelley,Clear,"Sideswipe, Same Direction",no,no,no,no,no,False
101676330,METROPOLITAN NASHVILLE POLICE DEPT,20170533023,Davidson,Nashville,6/17/2017 5:07:00 PM,2,0,0,36.237770,-86.787170,I24 E EXT RAMP,,,,0.00,,,I 24,,,,0.00,Y,Y-Intersection, ,Entrance/Exit Ramp Related,None,,,         ,Christopher,Littles,Clear,Front to Rear,no,no,no,no,no,False
101676331,METROPOLITAN NASHVILLE POLICE DEPT,20170533024,Davidson,Nashville,6/17/2017 7:16:00 PM,2,1,0,36.155960,-86.773920,4TH AVS,,,,0.00,,,PEABODY ST,,,,0.00,Y,Four-Way,N,Intersection,None,,,         ,Chad,Wilkinson,Clear,Front to Rear,no,no,no,no,yes,False
101676359,METROPOLITAN NASHVILLE POLICE DEPT,20170532899,Davidson,Nashville,6/17/2017 6:25:00 PM,2,1,0,36.153410,-86.763870,I 40,,,,0.00,,,,,,,210.75,N,Not at Intersection,Y,Entrance/Exit Ramp Related,None,,,         ,Brent,Hedgcoth,Clear,Angle,no,no,no,no,no,False
101676379,METROPOLITAN NASHVILLE POLICE DEPT,20170533017,Davidson,Nashville,6/17/2017 12:54:00 PM,2,1,0,36.183650,-86.610660,OLD HICKORY BLVD,,,,0.00,Feet,,ANDREW JACKSON PKWY,,,,0.00,Y,Four-Way,N,Intersection,None,,,         ,Noah,Melton,Clear,Front to Rear,no,no,no,no,yes,False
101676381,METROPOLITAN NASHVILLE POLICE DEPT,20170533156,Davidson,Nashville,6/17/2017 12:00:00 AM,2,0,0,36.182120,-86.797370,ROSA L PARKS BLVD,,,,103.00,Feet,South,BUCHANAN ST,,,,0.00,N,Not at Intersection, ,Non-Junction,None,,,         ,Melvin,Taylor,Clear,Front to Rear,no,no,no,no,no,False
101676419,METROPOLITAN NASHVILLE POLICE DEPT,20170533300,Davidson,Nashville,6/17/2017 12:00:00 AM,2,2,0,36.176300,-86.801180,I40 E ENT RAMP,,,,0.00,Feet,East,I65 N ENT RAMP,,,,0.00,N,Not at Intersection,N,Non-Junction,None,,,         ,Melvin,Taylor,Cloudy,Front to Rear,no,no,no,no,yes,False
101676428,METROPOLITAN NASHVILLE POLICE DEPT,20170533077,Davidson,Nashville,6/17/2017 7:37:00 PM,1,0,0,36.160680,-86.859150,59TH AVN,,,,150.00,Feet,South,MORROW RD,,,,0.00,N,Not at Intersection,N,Non-Junction,None,,,         ,Ethan,Usherwood,Clear,Not Collision with Motor Vehicle in Transport,no,no,no,yes,yes,False
101676435,METROPOLITAN NASHVILLE POLICE DEPT,20170533174,Davidson,Not in City Limit,6/17/2017 5:09:00 PM,2,0,0,36.264450,-86.732280,OLD HICKORY BLVDW,,,,0.00,,,N GRAYCROFT AV,,,,0.00,Y,Four-Way,N,Intersection-Related,None,,,         ,Joseph,Jakes,Clear,Front to Rear,no,no,no,no,yes,False
101676441,METROPOLITAN NASHVILLE POLICE DEPT,20170533386,Davidson,Nashville,6/17/2017 7:35:00 PM,2,0,0,36.149920,-86.796740,DIVISION ST,,,,0.00,,,LYLE AV,,,,0.00,Y,T-Intersection, ,Intersection,None,,,         ,David,Collins,Clear,Angle,no,no,no,no,yes,False
101676448,METROPOLITAN NASHVILLE POLICE DEPT,20170533331,Davidson,Nashville,6/17/2017 7:59:00 PM,2,0,0,36.145800,-86.871090,CHARLOTTE PKE,,,,152.00,Feet,West,WESTBORO DR,,,,0.00,N,Not at Intersection,N,Non-Junction,None,,,         ,Barrett,Teague,Clear,Front to Rear,no,no,no,no,yes,False
101676458,METROPOLITAN NASHVILLE POLICE DEPT,20170533342,Davidson,Nashville,6/17/2017 9:13:00 PM,3,1,0,36.177130,-86.747990,WOODLAND ST,,,,149.00,Feet,East,N 12TH ST,,,,0.00,N,Not at Intersection,N,Non-Junction,None,,,         ,James,Smith,Clear,Front to Rear,no,no,no,no,no,False
101676465,METROPOLITAN NASHVILLE POLICE DEPT,20170533489,Davidson,Nashville,6/17/2017 10:36:00 PM,1,2,0,36.118320,-86.725970,I 24,,,,0.00,,,,,,,53.00,N,Not at Intersection,N,Non-Junction,None,,,         ,Andrew,Mullen,Clear,Not Collision with Motor Vehicle in Transport,no,no,no,no,no,False
101676480,METROPOLITAN NASHVILLE POLICE DEPT,20170532479,Davidson,Nashville,6/17/2017 1:50:00 PM,2,0,0,36.089350,-86.802940,BATTERY LN,,,,0.00,,,HARDING PL,,,,0.00,Y,Four-Way,Y,Intersection,None,,,         ,Trenton,Searcy,Clear,Angle,no,no,no,no,no,False
101676481,METROPOLITAN NASHVILLE POLICE DEPT,20170533254,Davidson,Nashville,6/17/2017 8:23:00 PM,2,0,0,36.161540,-86.775970,3RD AVS,,,,0.00,,,BROADWAY,,,,0.00,Y,Four-Way, ,,None,,,         ,Michael,Osuna,,,no,no,no,no,no,False
101676502,GOODLETTSVILLE POLICE DEPT,17-21482,Davidson,Goodlettsville,6/17/2017 9:40:00 PM,2,0,0,36.298140,-86.699850,RIVERGATE PKWY,,,,0.00,,,GLEAVES ST,,,,0.00,Y,T-Intersection, ,Intersection,None,,,         ,William,Hunter,Clear,Angle,no,no,no,no,no,False
101676503,Metro Park Police,2017--0532969,Davidson,Nashville,6/17/2017 6:45:00 PM,2,0,0,36.148510,-86.810190,CENTENNIAL PARK PVTDR,,,,239.00,Feet,South,25TH AVN,,,,0.00,N,Not at Intersection, ,Non-Junction,None,,,         ,Brian,Thompson,Clear,Other,no,no,no,yes,no,False
101676506,METROPOLITAN NASHVILLE POLICE DEPT,20170533317,Davidson,Nashville,6/17/2017 8:55:00 PM,2,0,0,36.180660,-86.749690,ORDWAY PL,,,,0.00,,,GALLATIN AV,,,,0.00,Y,Four-Way,N,Intersection-Related,None,,,         ,Alexander,Georgeson,Clear,Front to Rear,no,no,no,no,yes,False
101676530,METROPOLITAN NASHVILLE POLICE DEPT,20170533287,Davidson,Nashville,6/17/2017 8:37:00 PM,2,0,0,36.221390,-86.761790,DICKERSON PKE,,,,57.00,Feet,North,PINE RIDGE DR,,,,0.00,N,Not at Intersection,N,Non-Junction,None,,,         ,Joshua,Lackey,Clear,Not Collision with Motor Vehicle in Transport,no,no,no,no,no,False
101676547,METROPOLITAN NASHVILLE POLICE DEPT,20170533743,Davidson,Nashville,6/18/2017 12:50:00 AM,2,0,0,36.050580,-86.614340,MURFREESBORO,PIKE,,,0.00,,,PIN HOOK,RD,,,0.00,Y,Four-Way,N,Intersection,None,,,         ,Kevin,Breeding,Clear,Angle,no,no,no,no,yes,False
101676556,METROPOLITAN NASHVILLE POLICE DEPT,20170533717,Davidson,Nashville,6/17/2017 10:12:00 PM,2,0,0,36.059950,-86.741090,EDMONDSON PKE,,,,2253.00,Feet,North,MCMURRAY DR,,,,0.00,N,Not at Intersection,N,Non-Junction,None,,,         ,Jacob,West,Clear,Front to Rear,no,no,no,no,no,False
101676587,METROPOLITAN NASHVILLE POLICE DEPT,20170533905,Davidson,Nashville,6/18/2017 2:10:00 AM,2,0,0,36.226290,-86.626790,BROADWAY,,,,112.00,Feet,South,CAPITAL ST,,,,0.00,N,Not at Intersection, ,Non-Junction,None,,,         ,Katelin,Ehrhardt,Clear,Front to Rear,no,no,no,no,no,False
101676588,METROPOLITAN NASHVILLE POLICE DEPT,20170533901,Davidson,Nashville,6/18/2017 12:00:00 AM,1,0,0,36.190760,-86.615310,OLD HICKORY BLVD,,,,29.00,Feet,South,OLD LEBANON DIRT RD,,,,0.00,N,Not at Intersection,N,Non-Junction,None,,,         ,Leonard,Spadavecchia,Clear,Not Collision with Motor Vehicle in Transport,no,no,no,yes,no,False
101676589,METROPOLITAN NASHVILLE POLICE DEPT,20170533931,Davidson,Not in City Limit,6/18/2017 2:14:00 AM,1,0,0,36.084250,-86.970830,HIGHWAY 70S,,,,1252.00,Feet,West,SADDLE RIDGE CT,,,,0.00,N,Not at Intersection,N,Non-Junction,None,,,         ,Albert,Wilson,Clear,Not Collision with Motor Vehicle in Transport,no,no,no,no,no,False
101676598,METROPOLITAN NASHVILLE POLICE DEPT,20170533574,Davidson,Antioch,6/17/2017 11:23:00 PM,2,3,0,36.054240,-86.618910,MURFREESBORO,PIKE,SR1,,0.00,,,MT VIEW,RD,SR2,,0.00,Y,Four-Way,N,Intersection,None,,,         ,Autumn,Manning,Clear,Angle,no,no,no,no,no,False
101676601,METROPOLITAN NASHVILLE POLICE DEPT,20170533715,Davidson,Nashville,6/17/2017 10:30:00 PM,2,1,0,36.246170,-86.779250,BRICK CHURCH PKE,,,,10.00,Feet,North,CHESAPEAKE DR,,,,0.00,N,Not at Intersection,N,Non-Junction,None,,,         ,Rudy,Basaldua,Clear,Angle,no,no,no,no,yes,False
101676603,METROPOLITAN NASHVILLE POLICE DEPT,20170533947,Davidson,Nashville,6/18/2017 2:22:00 AM,2,0,0,36.098630,-86.739640,RAYMOND ST,,,,186.00,Feet,West,NOLENSVILLE PKE,,,,0.00,N,Not at Intersection,N,Non-Junction,None,,,         ,Joshua,Dickall,Clear,"Sideswipe, Same Direction",no,no,no,no,yes,False
101676604,METROPOLITAN NASHVILLE POLICE DEPT,2017-0534031,Davidson,Nashville,6/18/2017 12:00:00 AM,2,0,0,36.070080,-86.699280,HAYWOOD LN,,,,145.00,Feet,West,EAST RIDGE DR,,,,0.00,N,Not at Intersection,N,Non-Junction,None,,,         ,Michael,Willis Jr.,Clear,Unknown,no,no,no,no,yes,False
101676606,METROPOLITAN NASHVILLE POLICE DEPT,20170534152,Davidson,Nashville,6/18/2017 4:30:00 AM,2,0,0,36.045430,-86.703610,OLD HICKORY BLVD,,,,0.00,,,EULALA DR,,,,0.00,Y,Four-Way,N,Intersection,None,,,         ,Kevin,Breeding,Clear,Front to Rear,no,no,no,no,yes,False
101676608,METROPOLITAN NASHVILLE POLICE DEPT,20170534139,Davidson,Nashville,6/18/2017 4:13:00 AM,2,0,0,36.117530,-86.798940,GALE LN,,,,91.00,Feet,West,OAKLAND AV,,,,0.00,N,Not at Intersection, ,Non-Junction,None,,,         ,Eugene,Martino,Clear,"Sideswipe, Opposite Direction",no,no,no,no,no,False
101676625,METROPOLITAN NASHVILLE POLICE DEPT,20170533667,Davidson,Nashville,6/18/2017 12:09:00 AM,2,2,0,36.113050,-86.800000,WOODMONT BLVD,,,,7.00,Feet,East,BELMONT BLVD,,,,0.00,N,Not at Intersection,N,Non-Junction,None,,,         ,Cody,Jaworski,Clear,Angle,no,no,no,no,no,False
101676660,METROPOLITAN NASHVILLE POLICE DEPT,2017-0532223,Davidson,Nashville,6/17/2017 11:18:00 AM,2,0,0,36.154630,-86.779160,LAFAYETTE ST,,,,0.00,,,8TH AVS,,,,0.00,Y,Roundabout, ,,None,,,         ,Christian,Martin,,,no,no,no,no,no,False
101676702,METROPOLITAN NASHVILLE POLICE DEPT,20170531608,Davidson,Nashville,6/17/2017 3:50:00 AM,1,0,0,36.045490,-86.661510,CANE RIDGE RD,,,,0.00,,,,,,,0.00,,,N,Non-Junction,None,,,         ,Dezmond,Hughes,Clear,Not Collision with Motor Vehicle in Transport,no,no,no,no,no,False
101676703,METROPOLITAN NASHVILLE POLICE DEPT,20170534040,Davidson,Nashville,6/18/2017 3:39:00 AM,2,2,0,36.070120,-86.699710,HAYWOOD LN,,,,311.00,Feet,East,WEST VALLEY DR,,,,0.00,N,Not at Intersection,N,Non-Junction,None,,,         ,Dezmond,Hughes,Clear,HeadOn,no,no,no,no,no,False
101676723,METROPOLITAN NASHVILLE POLICE DEPT,20170534370,Davidson,Nashville,6/18/2017 7:40:00 AM,1,1,0,36.051180,-86.624180,MT VIEW RD,,,,445.00,Feet,West,MT VIEW CIR,,,,0.00,N,Not at Intersection,N,Non-Junction,None,,,         ,Jason,Dudley,Clear,Not Collision with Motor Vehicle in Transport,no,no,no,no,no,False
101676741,METROPOLITAN NASHVILLE POLICE DEPT,20170534385,Davidson,Not in City Limit,6/18/2017 5:15:00 AM,2,0,0,36.263400,-86.712360,OLD TIME VILLAGE PVTDR,,,,0.00,,,OLD HICKORY BLVDW,,,,0.00,,Not at Intersection,N,Non-Junction,None,,,         ,Zachariah,Bush,Clear,Rear to Rear,no,no,no,yes,yes,False
101676760,METROPOLITAN NASHVILLE POLICE DEPT,20170534556,Davidson,Nashville,6/18/2017 9:25:00 AM,2,0,0,36.147350,-86.758720,LEWIS ST,,,,74.00,Feet,South,LAFAYETTE ST,,,,0.00,N,Not at Intersection, ,Non-Junction,None,,,         ,FELIKS,ABRAHAMYAN,Clear,Angle,no,no,no,no,no,False
101676764,METROPOLITAN NASHVILLE POLICE DEPT,20170534462,Davidson,Nashville,6/18/2017 8:28:00 AM,1,1,0,36.232180,-86.868070,EATONS CREEK RD,,,,1346.00,Feet,North,SULPHUR CREEK RD,,,,0.00,N,Not at Intersection,N,Non-Junction,None,,,         ,YUNUS,ADAK,Clear,Not Collision with Motor Vehicle in Transport,no,no,no,no,no,False
101676767,METROPOLITAN NASHVILLE POLICE DEPT,20170534551,Davidson,Nashville,6/18/2017 9:21:00 AM,2,0,0,36.087130,-86.692970,HARDING PL,,,,250.00,Feet,West,ANTIOCH PKE,,,,0.00,N,Not at Intersection,N,Non-Junction,None,,,         ,Kevin,Crawford,Clear,Rear to Side,no,no,no,no,yes,False
101676771,METROPOLITAN NASHVILLE POLICE DEPT,20170534630,Davidson,Nashville,6/18/2017 10:00:00 AM,2,0,0,36.044180,-86.649960,CROSSINGS PL,,,,191.00,Feet,East,HICKORY HOLLOW PKWY,,,,0.00,N,Not at Intersection, ,Non-Junction,None,,,         ,Jason,Dudley,Clear,"Sideswipe, Same Direction",no,no,no,no,no,False
101676788,METROPOLITAN NASHVILLE POLICE DEPT,20170534702,Davidson,Nashville,6/18/2017 9:15:00 AM,2,0,0,36.058070,-86.716080,NOLENSVILLE PKE,,,,430.00,Feet,South,TUSCULUM RD,,,,0.00,N,Not at Intersection,N,Non-Junction,None,,,         ,Earl,Davis,Clear,"Sideswipe, Opposite Direction",no,no,no,yes,yes,False
101676790,METROPOLITAN NASHVILLE POLICE DEPT,20170534567,Davidson,Nashville,6/18/2017 9:23:00 AM,2,0,0,36.098970,-86.732650,MCCALL ST,,,,0.00,,,SABRE DR,,,,0.00,Y,T-Intersection,N,Intersection-Related,None,,,         ,David,Simmonds,Clear,"Sideswipe, Same Direction",no,no,no,no,yes,False
101676800,METROPOLITAN NASHVILLE POLICE DEPT,20170534601,Davidson,Nashville,6/18/2017 9:45:00 AM,2,0,0,36.140630,-86.666470,DONELSON PKE,,,,95.00,Feet,North,I40 E EXT RAMP,,,,0.00,N,Not at Intersection, ,Non-Junction,None,,,         ,Gerry,Hutcheson,Clear,Angle,no,no,no,no,no,False
101676803,METROPOLITAN NASHVILLE POLICE DEPT,20170534537,Davidson,Nashville,6/18/2017 12:00:00 AM,2,1,0,36.148480,-86.793490,CHET ATKINS PL,,,,0.00,,,MUSIC SQW,,,,0.00,Y,Four-Way,N,Non-Junction,None,,,         ,Shedie,Herbert III,Clear,Angle,no,no,no,no,no,False
101676810,METROPOLITAN NASHVILLE POLICE DEPT,20170534760,Davidson,Nashville,6/18/2017 11:25:00 AM,2,0,0,36.183650,-86.610660,OLD HICKORY BLVD,,,,0.00,Feet,,ANDREW JACKSON PKWY,,,,0.00,Y,Four-Way,N,Intersection-Related,None,,,         ,Gregory,Lindstrom,Cloudy,Front to Rear,no,no,no,no,no,False
101676812,METROPOLITAN NASHVILLE POLICE DEPT,20170534667,Davidson,Nashville,6/18/2017 10:20:00 AM,2,1,0,36.163440,-86.787640,CHARLOTTE AV,,,,0.00,,,ROSA L PARKS BLVD,,,,0.00,Y,Y-Intersection,N,Intersection,None,,,         ,William,Gibbs,Clear,Front to Rear,no,no,no,no,no,False
101676830,METROPOLITAN NASHVILLE POLICE DEPT,20170534757,Davidson,Nashville,6/18/2017 11:20:00 AM,2,0,0,36.251400,-86.691310,NEELYS BEND RD,,,,87.00,Feet,East,TAHLENA AV,,,,0.00,N,Not at Intersection, ,Non-Junction,None,,,         ,Coleman,McKellar,Cloudy,Front to Rear,no,no,no,no,no,False
101676879,METROPOLITAN NASHVILLE POLICE DEPT,20170534816,Davidson,Nashville,6/18/2017 12:12:00 PM,1,1,0,36.248510,-86.746890,OLD DUE WEST AV,,,,515.00,Feet,East,SKYLINE MEMORIAL CT,,,,0.00,N,Not at Intersection,N,Non-Junction,None,,,         ,Zachariah,Bush,Clear,Not Collision with Motor Vehicle in Transport,no,no,no,no,no,False
101676880,METROPOLITAN NASHVILLE POLICE DEPT,20170534733,Davidson,Nashville,6/18/2017 10:50:00 AM,2,0,0,36.110790,-86.742960,THOMPSON LN,,,,0.00,,,FOSTER AV,,,,0.00,Y,T-Intersection,N,Intersection,None,,,         ,David,Simmonds,Clear,Angle,no,no,no,no,yes,False
101676891,METROPOLITAN NASHVILLE POLICE DEPT,20170534866,Davidson,Nashville,6/18/2017 12:48:00 PM,1,0,0,36.089420,-86.642990,NASHBORO BLVD,,,,51.00,Feet,East,NASHBORO VILLAGE PVTDR,,,,0.00,N,Not at Intersection, ,Non-Junction,None,,,         ,MIchael,Mihajlov,Rain,Not Collision with Motor Vehicle in Transport,no,no,no,no,no,False
101676905,BELLE MEADE POLICE DEPT,17-0174,Davidson,Belle Meade,6/17/2017 10:18:00 AM,2,0,0,36.122310,-86.851320,HARDING PKE,,,,0.00,,,LYNNWOOD BLVD,,,,0.00,Y,Four-Way, ,Intersection-Related,None,,,         ,Norm,Shelton,Clear,"Sideswipe, Same Direction",no,no,no,no,no,False
101676908,METROPOLITAN NASHVILLE POLICE DEPT,20170534908,Davidson,Not in City Limit,6/18/2017 1:26:00 PM,1,0,0,36.257320,-86.787580,I 24,,,,0.00,,,,,,,42.05,N,Not at Intersection, ,Non-Junction,None,,,         ,YUNUS,ADAK,Rain,Not Collision with Motor Vehicle in Transport,no,no,no,no,no,False
101676914,METROPOLITAN NASHVILLE POLICE DEPT,20170534929,Davidson,Not in City Limit,6/18/2017 1:35:00 PM,1,0,0,36.103550,-86.932800,I 40,,,,0.00,,,,,,,198.45,N,Not at Intersection,N,Non-Junction,None,,,         ,Douglas,Atwood,Rain,Not Collision with Motor Vehicle in Transport,no,no,no,no,no,False
101676931,METROPOLITAN NASHVILLE POLICE DEPT,20170534777,Davidson,Nashville,6/18/2017 11:15:00 AM,2,0,0,36.135800,-86.725040,I24 W EXT RAMP,,,,0.00,Feet,,SPENCE LN,,,,0.00,Y,Four-Way,N,Intersection-Related,None,,,         ,Lee,Davis,Clear,Angle,no,no,no,no,yes,False
101676940,METROPOLITAN NASHVILLE POLICE DEPT,20170534934,Davidson,Nashville,6/18/2017 1:35:00 PM,1,0,0,36.153820,-86.845260,I 40,,,,0.00,,,,,,,204.65,N,Not at Intersection,N,Non-Junction,None,,,         ,Michael,Phelps,Rain,Not Collision with Motor Vehicle in Transport,no,no,no,no,no,False
101676941,METROPOLITAN NASHVILLE POLICE DEPT,20170534916,Davidson,Nashville,6/18/2017 1:27:00 PM,2,1,0,36.151270,-86.636230,I 40,,,,0.00,,,,,,,218.50,N,Not at Intersection,N,Non-Junction,None,,,         ,Michael,Brooks,Rain,"Sideswipe, Same Direction",no,no,no,no,no,False
101676944,METROPOLITAN NASHVILLE POLICE DEPT,20170534941,Davidson,Nashville,6/18/2017 1:43:00 PM,2,1,0,36.157540,-86.617280,BELL RD,,,,2435.00,Feet,South,BELL RD PVTDR,,,,0.00,N,Not at Intersection,N,Non-Junction,None,,,         ,MIchael,Mihajlov,Rain,Front to Rear,no,no,no,no,no,False
101676950,METROPOLITAN NASHVILLE POLICE DEPT,20170534888,Davidson,Nashville,6/18/2017 1:00:00 PM,3,0,0,36.165740,-86.764420,I 24,,,,0.00,,,,,,,49.00,N,Not at Intersection,N,Non-Junction,None,,,         ,Daniel,Russett,Rain,Front to Rear,no,no,no,no,yes,False
101676955,METROPOLITAN NASHVILLE POLICE DEPT,20170534858,Davidson,Nashville,6/18/2017 12:42:00 PM,2,1,0,36.082100,-86.761700,HARDING PL,,,,0.00,,,SIDCO DR,,,,0.00,Y,Four-Way,N,Intersection,None,,,         ,Nathan,Smith,Rain,Angle,no,no,no,no,no,False
101676959,METROPOLITAN NASHVILLE POLICE DEPT,2017-0534875,Davidson,Nashville,6/18/2017 12:38:00 PM,2,0,0,36.130010,-86.816790,I 440,,,,0.00,,,,,,,2.00,N,Not at Intersection, ,,None,,,         ,Allen,Bates,,,no,no,no,no,no,False
101676967,METROPOLITAN NASHVILLE POLICE DEPT,20170534324,Davidson,Nashville,6/18/2017 12:00:00 AM,1,0,0,36.220860,-86.828860,BOYD DR,,,,51.00,Feet,South,BRAY DR,,,,0.00,N,Not at Intersection, ,,None,,,         ,Carlos,angulo,,,no,no,no,no,no,False
101676968,METROPOLITAN NASHVILLE POLICE DEPT,20170534945,Davidson,Nashville,6/18/2017 1:23:00 PM,3,0,0,36.156950,-86.618030,BELL RD,,,,1811.00,Feet,East,BELL RD PVTDR,,,,0.00,N,Not at Intersection, ,Non-Junction,None,,,         ,FELIKS,ABRAHAMYAN,Rain,Front to Rear,no,no,no,no,yes,False
101676973,METROPOLITAN NASHVILLE POLICE DEPT,20170534917,Davidson,Nashville,6/18/2017 1:34:00 PM,2,0,0,36.063010,-86.682720,I 24,,,,0.00,,,,,,,57.60,N,Not at Intersection, ,Non-Junction,None,,,         ,David,Simmonds,Rain,Front to Rear,no,no,no,no,no,False
101676974,METROPOLITAN NASHVILLE POLICE DEPT,20170534953,Davidson,Nashville,6/18/2017 2:00:00 PM,2,0,0,36.169470,-86.806620,DR D B TODD JR BLVD,,,,0.00,,,JEFFERSON ST,,,,0.00,Y,Four-Way,N,Intersection-Related,None,,,         ,Garren,Hoskins,Rain,Front to Rear,no,no,no,no,no,False
101676995,METROPOLITAN NASHVILLE POLICE DEPT,20170534985,Davidson,Nashville,6/18/2017 2:30:00 PM,2,0,0,36.151240,-86.779240,8TH AVS,,,,138.00,Feet,North,FOGG ST,,,,0.00,N,Not at Intersection,Y,Non-Junction,None,,,         ,Wesley,Feinstein,Rain,Angle,no,no,no,no,no,False
101676996,METROPOLITAN NASHVILLE POLICE DEPT,2017-0534592,Davidson,Nashville,6/18/2017 9:38:00 AM,2,1,0,36.058560,-86.735110,META DR,,,,32.00,Feet,South,ELLENWOOD DR,,,,0.00,N,Not at Intersection,N,Non-Junction,None,,,         ,Sean,Williams,Clear,Front to Rear,no,no,no,no,no,False
101677010,METROPOLITAN NASHVILLE POLICE DEPT,20170535002,Davidson,Nashville,6/18/2017 2:42:00 PM,2,0,0,36.151760,-86.768630,2ND AVS,,,,0.00,,,I40 W EXT RAMP,,,,0.00,Y,Four-Way, ,Intersection,None,,,         ,Chad,Wilkinson,Rain,"Sideswipe, Same Direction",no,no,no,no,no,False
101677014,METROPOLITAN NASHVILLE POLICE DEPT,20170535005,Davidson,Nashville,6/18/2017 12:00:00 AM,1,0,0,36.124000,-86.747070,I 440,,,,0.00,,,,,,,6.55,N,Not at Intersection,N,Non-Junction,None,,,         ,Austin,Kendrick,Rain,Not Collision with Motor Vehicle in Transport,no,no,no,no,yes,False
101677030,METROPOLITAN NASHVILLE POLICE DEPT,20170535087,Davidson,Nashville,6/18/2017 3:40:00 PM,2,0,0,36.153600,-86.847520,I 40,,,,0.00,,,,,,,204.50,N,Not at Intersection, ,Non-Junction,None,,,         ,Justin,Coyle,Rain,Not Collision with Motor Vehicle in Transport,no,no,no,no,yes,False
101677040,METROPOLITAN NASHVILLE POLICE DEPT,20170535144,Davidson,Nashville,6/18/2017 2:46:00 PM,2,0,0,36.087740,-86.607190,SMITH SPRINGS RD,,,,0.00,,,ANDERSON RD,,,,0.00,Y,Four-Way, ,Non-Junction,None,,,         ,Michael,Apsey,Rain,Angle,no,no,no,no,no,False
101677044,METROPOLITAN NASHVILLE POLICE DEPT,20170535060,Davidson,Nashville,6/18/2017 3:17:00 PM,2,0,0,36.188950,-86.775390,I 24,,,,0.00,,,,,,,47.05,N,Not at Intersection, ,Non-Junction,None,,,         ,Amanda,Fox,Rain,Front to Rear,no,no,no,no,no,False
101677047,METROPOLITAN NASHVILLE POLICE DEPT,20170535168,Davidson,Nashville,6/18/2017 4:25:00 PM,1,0,0,36.231850,-86.827200,BRILEY PKWYW,,,,647.00,Feet,West,BRILEY PKWYE,,,,0.00,N,Not at Intersection, ,Non-Junction,None,,,         ,Melvin,Taylor,Rain,Not Collision with Motor Vehicle in Transport,no,no,no,no,no,False
101677051,METROPOLITAN NASHVILLE POLICE DEPT,20170535004,Davidson,Nashville,6/18/2017 2:49:00 PM,2,0,0,36.227870,-86.759070,DICKERSON PKE,,,,553.00,Feet,South,BROADMOOR DR,,,,0.00,N,Not at Intersection,N,Non-Junction,None,,,         ,Joshua,Lackey,Rain,Front to Rear,no,no,no,yes,yes,False
101677052,METROPOLITAN NASHVILLE POLICE DEPT,20170535186,Davidson,Nashville,6/18/2017 4:39:00 PM,1,2,0,36.206250,-86.738730,ELVIRA AV,,,,331.00,Feet,East,ANDERSON PL,,,,0.00,N,Not at Intersection,N,Non-Junction,None,,,         ,Christopher,Valdez,Rain,Not Collision with Motor Vehicle in Transport,no,no,no,no,no,False
101677053,METROPOLITAN NASHVILLE POLICE DEPT,20170535015,Davidson,Nashville,6/18/2017 2:20:00 PM,2,0,0,36.082970,-86.698270,I24 E ENT RAMP,,,,0.00,Feet,East,I 24,,,,0.00,N,Not at Intersection,N,Non-Junction,None,,,         ,Richard,Olive,Rain,Front to Rear,no,no,no,no,no,False
101677065,METROPOLITAN NASHVILLE POLICE DEPT,20170535212,Davidson,Nashville,6/18/2017 4:53:00 PM,2,0,0,36.171430,-86.769040,JAMES ROBERTSON PKWY,,,,0.00,Feet,West,INTERSTATE DR,,,,0.00,N,Not at Intersection, ,,None,,,         ,Joshua,Hausman,,,no,no,no,no,no,False