master_record_number,agency,agency_tracking_number,county,city,collision_date,vehicles_involved,number_injured,number_dead,latitude,longitude,roadway_name,roadway_suffix,roadway_number,roadway_local_id,distance_from_reference,miles-feet_indicator,direction_from_reference,intersection_road_name,intersection_road_name_suffix,intersection_road_number,intersection_local_id,mile_marker,intersection_indicator,intersect_type,interchange_related_indicator,relation_to_junction,work_zone_type,construction_maintenance_zone,construction_maintenance_zone_location,fatal_case_number,officer_first_name,officer_last_name,weather_condition(s),manner_of_crash,pedestrian,bicycle,scooter,parking,hitrun,mou
101679287,METROPOLITAN NASHVILLE POLICE DEPT,20170544625,Davidson,Nashville,6/21/2017 9:46:00 AM,2,0,0,36.179560,-86.842220,SNELL BLVD,,,,47.00,Feet,East,HOLLAND LN,,,,0.00,N,Not at Intersection, ,Non-Junction,Work Zone,,,         ,Michael,Parman,Cloudy,Angle,no,no,no,no,no,False
101679291,METROPOLITAN NASHVILLE POLICE DEPT,20170544330,Davidson,Nashville,6/21/2017 8:10:00 AM,2,1,0,36.124270,-86.806080,I440 W EXT RAMP,,,,0.00,Feet,East,HILLSBORO PKE,,,,0.00,N,Not at Intersection,Y,Entrance/Exit Ramp Related,None,,,         ,Charles,Griffin,Clear,Front to Rear,no,no,no,no,no,False
101679293,METROPOLITAN NASHVILLE POLICE DEPT,20170544680,Davidson,Nashville,6/21/2017 10:00:00 AM,2,0,0,36.149620,-86.625490,BELL RD,,,,838.00,Feet,North,TRAILS CIR,,,,0.00,N,Not at Intersection, ,Non-Junction,None,,,         ,Scott,Toney,Cloudy,"Sideswipe, Same Direction",no,no,no,no,no,False
101679301,METROPOLITAN NASHVILLE POLICE DEPT,20170544713,Davidson,Nashville,6/21/2017 10:10:00 AM,2,0,0,36.173350,-86.789950,7TH AVN,,,,98.00,Feet,South,JEFFERSON ST,,,,0.00,N,Not at Intersection, ,"Driveway, Alley Access, etc",None,,,         ,Alex,Marchak,Clear,Front to Rear,no,no,no,no,no,False
101679310,METROPOLITAN NASHVILLE POLICE DEPT,20170544865,Davidson,Nashville,6/21/2017 10:30:00 AM,1,0,0,36.239390,-86.776500,BRILEY PKWYW,,,,507.00,Feet,East,DOVERSIDE DR,,,,0.00,N,Not at Intersection, ,Non-Junction,None,,,         ,Thomas,Odom,Clear,Not Collision with Motor Vehicle in Transport,no,no,no,no,no,False
101679312,METROPOLITAN NASHVILLE POLICE DEPT,20170544767,Davidson,Nashville,6/21/2017 10:32:00 AM,2,0,0,36.159840,-86.849010,KENTUCKY AV,,,,0.00,,,51ST AVN,,,,0.00,Y,Four-Way, ,Intersection-Related,Work Zone,,,         ,Gregory,McDaniel,Cloudy,Front to Rear,no,no,no,no,no,False
101679333,METROPOLITAN NASHVILLE POLICE DEPT,20170544273,Davidson,Nashville,6/21/2017 7:48:00 AM,2,0,0,36.115910,-86.785360,I 440,,,,0.00,,,,,,,4.25,N,Not at Intersection, ,Non-Junction,None,,,         ,Carey,Steel,Clear,Front to Rear,no,no,no,no,no,False
101679335,METROPOLITAN NASHVILLE POLICE DEPT,2017-0544199,Davidson,Nashville,6/21/2017 7:10:00 AM,2,0,0,36.137570,-86.800760,WEDGEWOOD AV,,,,0.00,,,21ST AVS,,,,0.00,Y,Four-Way, ,,None,,,         ,Allen,Bates,,,no,no,no,no,no,Campus
101679348,METROPOLITAN NASHVILLE POLICE DEPT,20170544948,Davidson,Nashville,6/21/2017 11:48:00 AM,2,0,0,36.233730,-86.724810,GALLATIN PKE,,,,62.00,Feet,North,JOYCE LN,,,,0.00,N,Not at Intersection, ,Non-Junction,None,,,         ,Thomas,Odom,Clear,"Sideswipe, Same Direction",no,no,no,no,no,False
101679352,METROPOLITAN NASHVILLE POLICE DEPT,20170544838,Davidson,Nashville,6/21/2017 10:30:00 AM,1,0,0,36.161350,-86.776570,BROADWAY,,,,75.00,Feet,East,4TH AVENUE,,,,0.00,N,Not at Intersection, ,,None,,,         ,William,Vincion,,,no,no,no,no,no,False
101679376,METROPOLITAN NASHVILLE POLICE DEPT,2017544910,Davidson,Nashville,6/21/2017 11:33:00 AM,2,2,0,36.128880,-86.786000,LAWRENCE AV,,,,0.00,,,10TH AVS,,,,0.00,Y,Four-Way,N,Intersection,None,,,         ,Erik,Wagner,Cloudy,Angle,no,no,no,no,no,False
101679393,THP District 9 - Administrative,317036582,Davidson,Nashville,6/21/2017 6:52:00 AM,2,0,0,36.141520,-86.732660,I 40,,,,0.00,,,,,,,212.95,N,Not at Intersection,Y,Non-Junction,None,,,         ,Steve,Sakarapanee,Clear,"Sideswipe, Same Direction",no,no,no,no,no,False
101679404,METROPOLITAN NASHVILLE POLICE DEPT,20170544945,Davidson,Nashville,6/21/2017 11:44:00 AM,3,1,0,36.192890,-86.744280,GALLATIN AV,,,,71.00,Feet,North,DOUGLAS AV,,,,0.00,N,Not at Intersection,N,Non-Junction,None,,,         ,Erik,Nash,Clear,Front to Rear,no,no,no,no,no,False
101679416,METROPOLITAN NASHVILLE POLICE DEPT,17-0544934,Davidson,Nashville,6/21/2017 11:41:00 AM,2,0,0,36.151880,-86.767940,I 40,,,,0.00,,,,,,,210.50,N,Not at Intersection,N,OtherLocation,None,,,         ,Frank,Campbell,Clear,Front to Rear,no,no,no,no,no,False
101679434,METROPOLITAN NASHVILLE POLICE DEPT,20170545256,Davidson,Nashville,6/21/2017 1:40:00 PM,2,0,0,36.155480,-86.765810,HERMITAGE AV,,,,110.00,Feet,East,ACADEMY PL,,,,0.00,N,Not at Intersection, ,,None,,,         ,Christian,Martin,,,no,no,no,no,no,False
101679446,METROPOLITAN NASHVILLE POLICE DEPT,20170546713,Davidson,Nashville,6/21/2017 10:50:00 PM,2,0,0,36.107830,-86.765460,POWELL AV,,,,539.00,Feet,North,POWELL PL,,,,0.00,N,Not at Intersection,N,Non-Junction,None,,,         ,Steven,Wiser,Cloudy,"Sideswipe, Opposite Direction",no,no,no,no,no,False
101679448,METROPOLITAN NASHVILLE POLICE DEPT,20170546614,Davidson,Nashville,6/21/2017 9:53:00 PM,2,0,0,36.098610,-86.659380,MURFREESBORO PKE,,,,0.00,,,HARDING PL,,,,0.00,Y,T-Intersection,N,Intersection,None,,,         ,Justin,McCormick,Clear,Angle,no,no,no,no,no,False
101679449,METROPOLITAN NASHVILLE POLICE DEPT,20170546851,Davidson,Nashville,6/21/2017 11:27:00 PM,2,2,0,36.249280,-86.741800,I 65,,,,0.00,,,,,,,91.15,N,Not at Intersection,Y,Entrance/Exit Ramp Related,Construction Zone,Lane Shift-Crossover,Transition Area,         ,Patrick,McGinnis,Clear,Front to Rear,no,no,no,no,no,False
101679450,METROPOLITAN NASHVILLE POLICE DEPT,20170546748,Davidson,Not in City Limit,6/21/2017 9:54:00 PM,1,0,0,36.263690,-86.736200,I65 N EXT RAMP,,,,0.00,,,I65 N ENT RAMP,,,,0.00,Y,T-Intersection,N,Entrance/Exit Ramp Related,None,,,         ,Craig,Amabile,Clear,Not Collision with Motor Vehicle in Transport,no,no,no,no,yes,False
101679469,METROPOLITAN NASHVILLE POLICE DEPT,20170547132,Davidson,Nashville,6/22/2017 12:45:00 AM,1,0,0,36.132350,-86.779190,8TH AVS,,,,58.00,Feet,South,BENTON AV,,,,0.00,N,Not at Intersection, ,Non-Junction,None,,,         ,Stephen,Waterman,Clear,Not Collision with Motor Vehicle in Transport,no,no,no,yes,yes,False
101679481,GOODLETTSVILLE POLICE DEPT,17-21963,Davidson,Goodlettsville,6/22/2017 1:09:00 AM,3,0,0,36.349551,-86.717915,,,I65,,0.00,,,,,,,98.10,N,Not at Intersection,N,Non-Junction,None,,,         ,Shane,Farrell,Cloudy,Front to Rear,no,no,no,no,no,False
101679488,METROPOLITAN NASHVILLE POLICE DEPT,20170547194,Davidson,Nashville,6/22/2017 12:07:00 AM,3,0,0,36.156350,-86.836030,41ST AVN,,,,192.00,Feet,South,INDIANA AV,,,,0.00,N,Not at Intersection,N,Non-Junction,None,,,         ,Benjamin,Fisher,Clear,"Sideswipe, Same Direction",no,no,no,no,yes,False
101679491,METROPOLITAN NASHVILLE POLICE DEPT,20170547103,Davidson,Nashville,6/22/2017 12:20:00 AM,2,0,0,36.134650,-86.727110,I 24,,,,0.00,,,,,,,52.15,N,Not at Intersection,N,Non-Junction,None,,,         ,Sandra,Fly,Clear,Front to Rear,no,no,no,no,no,False
101679493,METROPOLITAN NASHVILLE POLICE DEPT,20170545140,Davidson,Nashville,6/21/2017 12:55:00 PM,2,0,0,36.092570,-86.833000,LINDAWOOD DR,,,,0.00,,,CHARLESTON PLACE CIR,,,,0.00,Y,T-Intersection, ,Intersection,None,,,         ,Curtis,Rich,Cloudy,Angle,no,no,no,no,no,False
101679495,METROPOLITAN NASHVILLE POLICE DEPT,20170547057,Davidson,Nashville,6/22/2017 12:05:00 AM,1,1,0,36.142380,-86.666620,DONELSON PKE,,,,0.00,,,I40 W ENT RAMP,,,,0.00,Y,Four-Way,N,Entrance/Exit Ramp Related,None,,,         ,Austin,Childress,Clear,Not Collision with Motor Vehicle in Transport,no,no,no,no,yes,False
101679510,METROPOLITAN NASHVILLE POLICE DEPT,20170545279,Davidson,Nashville,6/21/2017 11:00:00 AM,2,0,0,36.130200,-86.801100,BLAIR BLVD,,,,213.00,Feet,West,20TH AVS,,,,0.00,N,Not at Intersection, ,OtherLocation,None,,,         ,Charles,Griffin,Clear,Other,no,no,no,yes,yes,False
101679515,METROPOLITAN NASHVILLE POLICE DEPT,20170547333,Davidson,Nashville,6/22/2017 2:40:00 AM,2,0,0,36.191780,-86.784710,I 65,,,,0.00,,,,,,,86.05,N,Not at Intersection,N,Non-Junction,None,,,         ,Troy,Loewen,Clear,Front to Rear,no,no,no,no,no,False
101679516,METROPOLITAN NASHVILLE POLICE DEPT,20170545258,Davidson,Nashville,6/21/2017 1:33:00 PM,2,0,0,36.037710,-86.784820,OLD HICKORY BLVD,,,,0.00,,,I65 S EXT RAMP,,,,0.00,Y,Y-Intersection, ,Intersection-Related,None,,,         ,Kevin,Crawford,Clear,"Sideswipe, Same Direction",no,no,no,no,no,False
101679517,METROPOLITAN NASHVILLE POLICE DEPT,20170541215,Davidson,Nashville,6/21/2017 11:30:00 AM,2,0,0,36.250240,-86.757200,DICKERSON PKE,,,,214.00,Feet,North,OLD DUE WEST AV,,,,0.00,N,Not at Intersection,N,Non-Junction,None,,,         ,Peter,Lynch,Clear,Angle,no,no,no,yes,yes,False
101679520,METROPOLITAN NASHVILLE POLICE DEPT,20170547548,Davidson,Nashville,6/22/2017 5:18:00 AM,2,0,0,36.098610,-86.659380,MURFREESBORO PKE,,,,0.00,,,HARDING PL,,,,0.00,Y,T-Intersection,N,Intersection,Utility Zone,Laneclosure,Activity Area,         ,Autumn,Manning,Cloudy,Angle,no,no,no,no,no,False
101679525,METROPOLITAN NASHVILLE POLICE DEPT,20170545293,Davidson,Nashville,6/21/2017 1:55:00 PM,2,1,0,36.112490,-86.897530,BROWNLEE DR,,,,144.00,Feet,West,CURRYWOOD DR,,,,0.00,N,Not at Intersection,N,Non-Junction,None,,,         ,Curtis,Rich,Cloudy,Other,no,no,no,no,no,False
101679555,METROPOLITAN NASHVILLE POLICE DEPT,2017-0545238,Davidson,Nashville,6/21/2017 1:25:00 PM,2,0,0,36.050830,-86.714170,NOLENSVILLE PKE,,,,255.00,Feet,South,OCALA DR,,,,0.00,N,Not at Intersection,N,Non-Junction,None,,,         ,Stanley,Collins,Clear,Front to Rear,no,no,no,no,no,False
101679558,METROPOLITAN NASHVILLE POLICE DEPT,20170547624,Davidson,Nashville,6/22/2017 6:11:00 AM,2,1,0,36.133620,-86.726760,I 24,,,,0.00,,,,,,,52.05,N,Not at Intersection,N,Non-Junction,None,,,         ,Austin,Childress,Rain,Front to Rear,no,no,no,no,no,False
101679559,METROPOLITAN NASHVILLE POLICE DEPT,2017-0534433,Davidson,Nashville,6/18/2017 12:00:00 AM,2,1,0,36.148480,-86.793490,CHET ATKINS PL,,,,0.00,,,MUSIC SQW,,,,0.00,Y,Four-Way,N,Non-Junction,None,,,         ,Shedie,Herbert III,Clear,Angle,no,no,no,no,no,False
101679564,METROPOLITAN NASHVILLE POLICE DEPT,20170547668,Davidson,Nashville,6/22/2017 6:32:00 AM,1,0,0,36.111260,-86.756240,THOMPSON LN,,,,301.00,Feet,West,SIDCO DR,,,,0.00,N,Not at Intersection,N,Non-Junction,None,,,         ,Erik,Wagner,Rain,Not Collision with Motor Vehicle in Transport,no,no,no,no,no,False
101679567,METROPOLITAN NASHVILLE POLICE DEPT,2017-0547711,Davidson,Nashville,6/22/2017 7:10:00 AM,2,0,0,36.117350,-86.799820,I 440,,,,0.00,,,,,,,3.25,N,Not at Intersection, ,Non-Junction,None,,,         ,Jonathan,Seidl,Rain,Front to Rear,no,no,no,no,no,False
101679568,METROPOLITAN NASHVILLE POLICE DEPT,20170547727,Davidson,Nashville,6/22/2017 7:16:00 AM,2,0,0,36.079220,-86.727430,HARDING PL,,,,357.00,Feet,West,NOLENSVILLE PKE,,,,0.00,N,Not at Intersection, ,Non-Junction,None,,,         ,Darrell,Osment,Rain,Front to Rear,no,no,no,no,no,False
101679586,METROPOLITAN NASHVILLE POLICE DEPT,20170547805,Davidson,Nashville,6/22/2017 7:49:00 AM,1,0,0,36.228470,-86.852760,BRILEY PKWYW,,,,835.00,Feet,West,BRILEY PKWYE,,,,0.00,N,Not at Intersection, ,Non-Junction,None,,,         ,Michael,Parman,Rain,Not Collision with Motor Vehicle in Transport,no,no,no,no,no,False
101679587,METROPOLITAN NASHVILLE POLICE DEPT,20170547729,Davidson,Nashville,6/22/2017 7:21:00 AM,2,0,0,36.142500,-86.776760,I 65,,,,0.00,,,,,,,82.00,N,Not at Intersection, ,Non-Junction,None,,,         ,Kevin,Crawford,Rain,Front to Rear,no,no,no,no,no,False
101679588,METROPOLITAN NASHVILLE POLICE DEPT,20170545205,Davidson,Not in City Limit,6/21/2017 12:00:00 AM,1,0,0,36.324000,-86.916500,OLD CLARKSVILLE PKE,,,,309.00,Feet,West,HARPER RD,,,,0.00,N,Not at Intersection,N,Non-Junction,None,,,         ,Michael,Parman,Unknown,Not Collision with Motor Vehicle in Transport,no,no,no,no,yes,False
101679589,METROPOLITAN NASHVILLE POLICE DEPT,2017-0544498,Davidson,Nashville,6/21/2017 8:44:00 AM,2,0,0,36.136890,-86.800840,21ST AVS,,,,0.00,,,BELCOURT AV,,,,0.00,Y,T-Intersection, ,Intersection-Related,None,,,         ,Allen,Bates,Clear,Angle,no,no,no,no,no,Campus
101679592,METROPOLITAN NASHVILLE POLICE DEPT,20170547837,Davidson,Nashville,6/22/2017 8:09:00 AM,2,0,0,36.113820,-86.809210,WOODMONT BLVD,,,,0.00,,,GOLF CLUB LN,,,,0.00,Y,Four-Way, ,Non-Junction,None,,,         ,Erik,Wagner,Rain,Angle,no,no,no,no,no,False
101679598,METROPOLITAN NASHVILLE POLICE DEPT,20170547785,Davidson,Nashville,6/22/2017 7:35:00 AM,2,0,0,36.110620,-86.770630,I440 ENT RAMP,,,,0.00,Feet,East,I 65,,,,0.00,N,Not at Intersection, ,,None,,,         ,Brent,Bauer,,,no,no,no,no,no,False
101679603,METROPOLITAN NASHVILLE POLICE DEPT,20170547768,Davidson,Nashville,6/22/2017 7:30:00 AM,2,1,0,36.166670,-86.764800,I 24,,,,0.00,,,,,,,48.95,N,Not at Intersection,N,Entrance/Exit Ramp Related,None,,,         ,Charles,Coe,Rain,Front to Rear,no,no,no,no,no,False
101679612,METROPOLITAN NASHVILLE POLICE DEPT,20170547924,Davidson,Nashville,6/22/2017 8:17:00 AM,2,0,0,36.153890,-86.757200,I 40,,,,0.00,,,,,,,211.15,N,Not at Intersection, ,Non-Junction,None,,,         ,Michael,Dance,Rain,Front to Rear,no,no,no,no,no,False
101679629,METROPOLITAN NASHVILLE POLICE DEPT,2017-0547683,Davidson,Nashville,6/22/2017 6:55:00 AM,2,0,0,36.079570,-86.695930,I 24,,,,0.00,,,,,,,56.25,N,Not at Intersection,N,Non-Junction,None,,,         ,William,Whitworth,Rain,"Sideswipe, Same Direction",no,no,no,no,no,False
101679630,METROPOLITAN NASHVILLE POLICE DEPT,20170545244,Davidson,Nashville,6/21/2017 1:45:00 PM,1,0,0,36.078170,-86.642850,MURFREESBORO PKE,,,,71.00,Feet,East,MARTWAY DR,,,,0.00,N,Not at Intersection, ,Non-Junction,None,,,         ,Jessie,Meadows,Clear,Not Collision with Motor Vehicle in Transport,no,no,no,no,no,False
101679631,METROPOLITAN NASHVILLE POLICE DEPT,20170545032,Davidson,Nashville,6/21/2017 11:30:00 AM,2,0,0,36.046310,-86.674080,BLUE HOLE RD,,,,222.00,Feet,North,BELL RD,,,,0.00,N,Not at Intersection,N,Non-Junction,None,,,         ,Jessie,Meadows,Clear,Rear to Rear,no,no,no,yes,yes,False
101679632,METROPOLITAN NASHVILLE POLICE DEPT,20170547946,Davidson,Nashville,6/22/2017 8:41:00 AM,2,0,0,36.082020,-86.653070,ORCHARD MOUNTAIN CT,,,,276.00,Feet,West,PICCADILLY ROW,,,,0.00,N,Not at Intersection, ,Non-Junction,None,,,         ,Brandon,O'Guin,Rain,Rear to Rear,no,no,no,no,no,False
101679635,METROPOLITAN NASHVILLE POLICE DEPT,20170547831,Davidson,Nashville,6/22/2017 7:35:00 AM,2,0,0,36.105590,-86.767290,I 65,,,,0.00,,,,,,,79.45,N,Not at Intersection,N,Non-Junction,None,,,         ,Brent,Bauer,Rain,"Sideswipe, Same Direction",no,no,no,no,yes,False
101679641,METROPOLITAN NASHVILLE POLICE DEPT,20170547897,Davidson,Nashville,6/22/2017 8:11:00 AM,2,1,0,36.170110,-86.806760,I 40,,,,0.00,,,,,,,207.30,N,Not at Intersection,N,Non-Junction,None,,,         ,William,Caillouette,Rain,Front to Rear,no,no,no,no,no,False
101679651,METROPOLITAN NASHVILLE POLICE DEPT,20170547994,Davidson,Nashville,6/22/2017 9:02:00 AM,1,0,0,36.164070,-86.793650,I40 W ENT RAMP,,,,0.00,Feet,East,I 40,,,,0.00,N,Not at Intersection,N,Non-Junction,None,,,         ,Isaac,Wood,Rain,Not Collision with Motor Vehicle in Transport,no,no,no,no,no,False
101679652,METROPOLITAN NASHVILLE POLICE DEPT,2017-0547974,Davidson,Nashville,6/22/2017 8:58:00 AM,1,0,0,36.068580,-86.687470,I24 W EXT RAMP,,,,0.00,Feet,East,I 24,,,,0.00,N,Not at Intersection, ,,None,,,         ,Stanley,Collins,,,no,no,no,no,no,False
101679653,METROPOLITAN NASHVILLE POLICE DEPT,20170547854,Davidson,Nashville,6/22/2017 8:10:00 AM,3,0,0,36.110720,-86.770800,I 65,,,,0.00,,,,,,,79.80,N,Not at Intersection, ,Non-Junction,None,,,         ,Charles,Griffin,Rain,Front to Rear,no,no,no,no,yes,False
101679654,METROPOLITAN NASHVILLE POLICE DEPT,20170547912,Davidson,Nashville,6/22/2017 7:39:00 AM,3,0,0,36.157360,-86.789970,I40 W EXT RAMP,,,,0.00,,,I 40,,,,0.00,Y,OTHER, ,Entrance/Exit Ramp Related,None,,,         ,Shawn,Taylor,Rain,Front to Rear,no,no,no,no,yes,False
101679660,METROPOLITAN NASHVILLE POLICE DEPT,2017547976,Davidson,Nashville,6/22/2017 8:57:00 AM,1,1,0,36.153790,-86.794410,WEST END AV,,,,0.00,,,17TH AVN,,,,0.00,Y,Four-Way,N,Intersection,None,,,         ,Erik,Wagner,Rain,Not Collision with Motor Vehicle in Transport,yes,no,no,no,no,False
101679668,METROPOLITAN NASHVILLE POLICE DEPT,20170547937,Davidson,Not in City Limit,6/22/2017 8:39:00 AM,2,1,0,36.302500,-86.812420,I 24,,,,0.00,,,,,,,38.60,N,Not at Intersection,N,Non-Junction,None,,,         ,Michael,Parman,Rain,Angle,no,no,no,no,no,False
101679669,METROPOLITAN NASHVILLE POLICE DEPT,20170547944,Davidson,Nashville,6/22/2017 8:30:00 AM,1,0,0,36.116150,-86.796990,I 440,,,,0.00,,,,,,,3.60,N,Not at Intersection,N,Non-Junction,None,,,         ,Brent,Bauer,Rain,Not Collision with Motor Vehicle in Transport,no,no,no,no,no,False
101679674,METROPOLITAN NASHVILLE POLICE DEPT,20170545177,Davidson,Nashville,6/21/2017 1:06:00 PM,1,0,0,36.158460,-86.692570,BRILEY PKWYS,,,,1356.00,Feet,North,BRILEY PKWY S EXT RAMP,,,,0.00,N,Not at Intersection, ,Non-Junction,None,,,         ,William,Waters,Clear,Not Collision with Motor Vehicle in Transport,no,no,no,no,no,False
101679679,METROPOLITAN NASHVILLE POLICE DEPT,20170548125,Davidson,Not in City Limit,6/22/2017 9:55:00 AM,1,1,0,36.103040,-86.933010,I 40,,,,0.00,,,,,,,198.40,N,Not at Intersection,N,Non-Junction,None,,,         ,Curtis,Rich,Rain,Not Collision with Motor Vehicle in Transport,no,no,no,no,no,False
101679689,BERRY HILL POLICE DEPT,17-2064,Davidson,Berry Hill,6/22/2017 8:45:00 AM,2,0,0,36.120620,-86.763800,MELROSE AV,,,,0.00,,,FOUR FORTY CENTER PVTDR,,,,0.00,Y,OTHER,N,OtherLocation,None,,,         ,Larry,Carter,Rain,Angle,no,no,no,no,yes,False
101679693,METROPOLITAN NASHVILLE POLICE DEPT,20170548015,Davidson,Nashville,6/22/2017 9:15:00 AM,3,0,0,36.164110,-86.762750,I 24,,,,0.00,,,,,,,49.15,N,Not at Intersection, ,Non-Junction,None,,,         ,Charles,Coe,Rain,Front to Rear,no,no,no,no,no,False
101679695,METROPOLITAN NASHVILLE POLICE DEPT,20170548079,Davidson,Nashville,6/22/2017 9:35:00 AM,2,0,0,36.110020,-86.770290,I 65,,,,0.00,,,,,,,79.75,N,Not at Intersection, ,Non-Junction,None,,,         ,Brent,Bauer,Rain,Front to Rear,no,no,no,no,no,False
101679697,METROPOLITAN NASHVILLE POLICE DEPT,20170548026,Davidson,Not in City Limit,6/22/2017 9:20:00 AM,2,1,0,36.008230,-86.665910,OLD HICKORY BLVD,,,,100.00,Feet,North,PETTUS RD,,,,0.00,N,Not at Intersection,N,Non-Junction,None,,,         ,Randall,Combs,Rain,"Sideswipe, Opposite Direction",no,no,no,no,no,False
101679698,METROPOLITAN NASHVILLE POLICE DEPT,20170545722,Davidson,Nashville,6/21/2017 4:04:00 PM,2,0,0,36.148660,-86.807040,ELLISTON PL,,,,0.00,,,24TH AVN,,,,0.00,Y,Four-Way, ,Intersection,None,,,         ,Russell,Freeman,Clear,Angle,no,no,no,no,no,Campus
101679732,BELLE MEADE POLICE DEPT,17-0176,Davidson,Belle Meade,6/22/2017 9:58:00 AM,2,0,0,36.097090,-86.847130,LYNNWOOD BLVD,,,,0.00,,,IROQUOIS AV,,,,0.00,Y,Four-Way, ,Intersection,None,,,         ,Charles,Williams,Rain,Front to Rear,no,no,no,no,no,False
101679733,METROPOLITAN NASHVILLE POLICE DEPT,20170547994,Davidson,Nashville,6/22/2017 9:02:00 AM,2,0,0,36.181520,-86.800020,I 65,,,,0.00,,,,,,,85.10,N,Not at Intersection, ,Non-Junction,None,,,         ,Isaac,Wood,Rain,"Sideswipe, Same Direction",no,no,no,no,no,False
101679737,METROPOLITAN NASHVILLE POLICE DEPT,20170545924,Davidson,Nashville,6/21/2017 5:00:00 PM,2,1,0,36.132560,-86.726870,I24E,,,,827.00,Feet,North,I24 W EXT RAMP,,,,0.00,N,Not at Intersection,N,Non-Junction,None,,,         ,Jessie,Meadows,Clear,Front to Rear,no,no,no,no,no,False
101679751,METROPOLITAN NASHVILLE POLICE DEPT,20170548062,Davidson,Nashville,6/22/2017 9:39:00 AM,2,0,0,36.109050,-86.769640,I 65,,,,0.00,,,,,,,79.65,N,Not at Intersection,N,Non-Junction,None,,,         ,Kevin,Crawford,Rain,Front to Rear,no,no,no,no,no,False
101679768,METROPOLITAN NASHVILLE POLICE DEPT,20170548122,Davidson,Nashville,6/22/2017 10:00:00 AM,2,0,0,36.118150,-86.841340,WOODMONT BLVD,,,,0.00,,,VALLEY FORGE,,,,0.00,Y,T-Intersection,N,Intersection,None,,,         ,Curtis,Rich,Rain,Front to Rear,no,no,no,no,no,False
101679777,METROPOLITAN NASHVILLE POLICE DEPT,20170548245,Davidson,Nashville,6/22/2017 11:18:00 AM,2,1,0,36.115250,-86.862780,DAVIDSON RD,,,,0.00,,,POST RD,,,,0.00,Y,Four-Way,N,Intersection,None,,,         ,Benjamin,Cantrell,Rain,Angle,no,no,no,no,no,False
101679778,METROPOLITAN NASHVILLE POLICE DEPT,20170548299,Davidson,Nashville,6/22/2017 11:50:00 AM,2,0,0,36.142460,-86.630490,ELM HILL PKE,,,,0.00,,,WEMBERTON DR,,,,0.00,Y,T-Intersection,N,Intersection,None,,,         ,Wesley,Young,Rain,Front to Rear,no,no,no,no,no,False
101679780,METROPOLITAN NASHVILLE POLICE DEPT,20170548254,Davidson,Nashville,6/22/2017 11:23:00 AM,1,0,0,36.224650,-86.774540,I 65,,,,0.00,,,,,,,88.60,N,Not at Intersection,N,Non-Junction,None,,,         ,Michael,Parman,Rain,Not Collision with Motor Vehicle in Transport,no,no,no,no,no,False
101679785,METROPOLITAN NASHVILLE POLICE DEPT,20170548144,Davidson,Nashville,6/22/2017 10:23:00 AM,2,2,0,36.073140,-86.691990,I 24,,,,0.00,,,,,,,56.70,N,Not at Intersection,N,Non-Junction,None,,,         ,Brandon,O'Guin,Rain,Angle,no,no,no,no,no,False
101679787,METROPOLITAN NASHVILLE POLICE DEPT,20170548158,Davidson,Nashville,6/22/2017 9:26:00 AM,3,1,0,36.212090,-86.775770,I 65,,,,0.00,,,,,,,87.75,N,Not at Intersection,N,Non-Junction,None,,,         ,Michael,McCord,Rain,Front to Rear,no,no,no,no,no,False
101679788,METROPOLITAN NASHVILLE POLICE DEPT,20170548266,Davidson,Nashville,6/22/2017 10:59:00 AM,2,0,0,36.164480,-86.795820,CLINTON ST,,,,318.00,Feet,East,14TH AVN,,,,0.00,N,Not at Intersection, ,Non-Junction,None,,,         ,Isaac,Wood,Rain,Rear to Rear,no,no,no,no,no,False
101679793,GOODLETTSVILLE POLICE DEPT,17-22003,Davidson,Goodlettsville,6/22/2017 9:40:00 AM,2,3,0,36.306830,-86.694380,CONFERENCE DR,,,,0.00,,,VIETNAM VETERANS BLVD NB ENT R,,,,0.00,Y,OTHER,N,Entrance/Exit Ramp Related,None,,,         ,Charles,Hauskin,Rain,Front to Rear,no,no,no,no,no,False
101679796,METROPOLITAN NASHVILLE POLICE DEPT,20170548134,Davidson,Not in City Limit,6/22/2017 10:19:00 AM,2,1,0,36.337330,-86.912670,I 24,,,,0.00,,,,,,,32.20,N,Not at Intersection,N,Non-Junction,None,,,         ,William,Caillouette,Rain,"Sideswipe, Same Direction",no,no,no,no,no,False
101679798,VANDERBILT UNIVERSITY POLICE,17-0548216,Davidson,Nashville,6/22/2017 11:05:00 AM,3,1,0,36.141770,-86.816430,WEST END AV,,,,90.00,Feet,South,32ND AVS,,,,0.00,N,Not at Intersection,N,Non-Junction,None,,,         ,William,Gladu,Rain,Front to Rear,no,no,no,no,no,False
101679807,METROPOLITAN NASHVILLE POLICE DEPT,2017548141,Davidson,Nashville,6/22/2017 10:20:00 AM,4,0,0,36.159610,-86.796260,CHARLOTTE AV,,,,0.00,Feet,East,16TH AVN,,,,0.00,N,Not at Intersection,N,Non-Junction,None,,,         ,Joshua,Baker,Rain,Front to Rear,no,no,no,no,yes,False
101679818,METROPOLITAN NASHVILLE POLICE DEPT,2017547789,Davidson,Nashville,6/22/2017 7:57:00 AM,2,0,0,36.241490,-86.757780,BRILEY PKWYW,,,,165.00,Feet,West,BRILEY PKWY W ENT RAMP,,,,0.00,N,Not at Intersection,Y,Entrance/Exit Ramp Related,None,,,         ,Jack,Crouch,Rain,Angle,no,no,no,no,yes,False