master_record_number,agency,agency_tracking_number,county,city,collision_date,vehicles_involved,number_injured,number_dead,latitude,longitude,roadway_name,roadway_suffix,roadway_number,roadway_local_id,distance_from_reference,miles-feet_indicator,direction_from_reference,intersection_road_name,intersection_road_name_suffix,intersection_road_number,intersection_local_id,mile_marker,intersection_indicator,intersect_type,interchange_related_indicator,relation_to_junction,work_zone_type,construction_maintenance_zone,construction_maintenance_zone_location,fatal_case_number,officer_first_name,officer_last_name,weather_condition(s),manner_of_crash,pedestrian,bicycle,scooter,parking,hitrun,mou
101681104,METROPOLITAN NASHVILLE POLICE DEPT,20170551921,Davidson,Nashville,6/23/2017 12:58:00 PM,2,0,0,36.149240,-86.774820,I 40,,,,0.00,,,,,,,210.15,N,Not at Intersection, ,Non-Junction,None,,,         ,Seth,Quiles,Rain,Front to Rear,no,no,no,no,no,False
101681112,METROPOLITAN NASHVILLE POLICE DEPT,20170551925,Davidson,Nashville,6/23/2017 1:52:00 PM,1,0,0,36.097890,-86.763330,I 65,,,,0.00,,,,,,,78.90,N,Not at Intersection,N,Non-Junction,None,,,         ,Justin,Pinkelton,Rain,Not Collision with Motor Vehicle in Transport,no,no,no,no,no,False
101681115,METROPOLITAN NASHVILLE POLICE DEPT,2017-0551758,Davidson,Antioch,6/23/2017 12:39:00 PM,2,2,0,36.042850,-86.606550,HOBSON PKE,,,,0.00,,,MURFREESBORO PKE,,,,0.00,Y,Four-Way,N,Intersection,None,,,         ,William,Whitworth,Cloudy,Front to Rear,no,no,no,no,no,False
101681116,METROPOLITAN NASHVILLE POLICE DEPT,20170551901,Davidson,Nashville,6/23/2017 1:52:00 PM,2,2,0,36.094020,-86.762560,I 65,,,,0.00,,,,,,,78.60,N,Not at Intersection,N,Non-Junction,None,,,         ,Devonte,Coleman,Rain,HeadOn,no,no,no,no,no,False
101681134,METROPOLITAN NASHVILLE POLICE DEPT,2017-0551914,Davidson,Nashville,6/23/2017 2:02:00 PM,1,1,0,36.067230,-86.770570,I 65,,,,0.00,,,,,,,76.75,N,Not at Intersection,N,Non-Junction,None,,,         ,Timothy,Edwards,Rain,Not Collision with Motor Vehicle in Transport,no,no,no,no,no,False
101681137,METROPOLITAN NASHVILLE POLICE DEPT,20170551793,Davidson,Nashville,6/23/2017 1:04:00 PM,2,1,0,36.205890,-86.768610,E TRINITY LN,,,,0.00,,,DICKERSON PKE,,,,0.00,Y,Four-Way,N,Intersection-Related,None,,,         ,Christopher,Dickerson,,Angle,no,no,no,no,no,False
101681142,METROPOLITAN NASHVILLE POLICE DEPT,20170551608,Davidson,Nashville,6/23/2017 10:45:00 AM,2,0,0,36.090020,-86.733660,NOLENSVILLE PKE,,,,0.00,,,ZOO RD,,,,0.00,Y,Four-Way,Y,Intersection,None,,,         ,Shelby,Hughes,Rain,Angle,no,no,no,no,yes,False
101681144,METROPOLITAN NASHVILLE POLICE DEPT,2017-0551923,Davidson,Nashville,6/23/2017 2:06:00 PM,2,0,0,36.149370,-86.803470,WEST END AV,,,,0.00,,,LOUISE AV,,,,0.00,Y,T-Intersection,N,Intersection,None,,,         ,Jonathan,Seidl,Rain,Angle,no,no,no,no,no,Campus
101681160,METROPOLITAN NASHVILLE POLICE DEPT,20170551974,Davidson,Nashville,6/23/2017 2:43:00 PM,2,1,0,36.062930,-86.626440,MURFREESBORO PKE,,,,906.00,Feet,South,HAMILTON CHURCH RD,,,,0.00,N,Not at Intersection,N,Non-Junction,None,,,         ,Joseph,Progar,Rain,"Sideswipe, Opposite Direction",no,no,no,no,no,False
101681163,METROPOLITAN NASHVILLE POLICE DEPT,20170546182,Davidson,Nashville,6/21/2017 6:15:00 PM,2,0,0,36.148330,-86.758450,LEWIS ST,,,,288.00,Feet,North,LAFAYETTE ST,,,,0.00,N,Not at Intersection,N,Non-Junction,None,,,         ,John,Daugherty,Clear,Front to Rear,no,no,no,no,yes,False
101681166,METROPOLITAN NASHVILLE POLICE DEPT,20170552083,Davidson,Nashville,6/23/2017 2:48:00 PM,2,0,0,36.062940,-86.707110,YORKTOWN RD,,,,178.00,Feet,South,FAIRLANE DR,,,,0.00,N,Not at Intersection,N,Non-Junction,None,,,         ,Alyson,Cook,Rain,"Sideswipe, Opposite Direction",no,no,no,no,yes,False
101681167,METROPOLITAN NASHVILLE POLICE DEPT,20170551995,Davidson,Nashville,6/23/2017 2:40:00 PM,2,0,0,36.099870,-86.764040,I 65,,,,0.00,,,,,,,79.00,N,Not at Intersection, ,,None,,,         ,Allyson,Reis,,,no,no,no,no,no,False
101681170,METROPOLITAN NASHVILLE POLICE DEPT,20170551761,Davidson,Nashville,6/23/2017 12:30:00 PM,1,0,0,36.210680,-86.861780,QUEENS LN,,,,402.00,Feet,East,EATONS CREEK RD,,,,0.00,N,Not at Intersection,N,Non-Junction,None,,,         ,Royce,McLester,Cloudy,Not Collision with Motor Vehicle in Transport,no,no,no,no,yes,False
101681171,METROPOLITAN NASHVILLE POLICE DEPT,20170551922,Davidson,Nashville,6/23/2017 2:07:00 PM,2,0,0,36.053390,-86.672820,I 24,,,,0.00,,,,,,,58.45,N,Not at Intersection,N,Non-Junction,None,,,         ,Sara,Lober,Rain,Front to Rear,no,no,no,no,no,False
101681178,METROPOLITAN NASHVILLE POLICE DEPT,20170551994,Davidson,Nashville,6/23/2017 2:45:00 PM,1,1,0,36.235370,-86.725940,BRILEY PKWYE,,,,126.00,Feet,West,BRILEY PKWY E EXT RAMP,,,,0.00,N,Not at Intersection,N,Non-Junction,None,,,         ,Thomas,Miller,Rain,Not Collision with Motor Vehicle in Transport,no,no,no,no,no,False
101681183,METROPOLITAN NASHVILLE POLICE DEPT,20170551978,Davidson,Not in City Limit,6/23/2017 2:46:00 PM,2,0,0,36.262330,-86.681020,E OLD HICKORY BLVD,,,,0.00,,,,,,,0.00,,, ,Non-Junction,None,,,         ,Samuel,Miller,Rain,Angle,no,no,no,yes,no,False
101681184,METROPOLITAN NASHVILLE POLICE DEPT,20170552081,Davidson,Goodlettsville,6/23/2017 1:38:00 PM,2,0,0,36.296910,-86.699160,GALLATIN PKEN,,,,0.00,,,RIVERGATE PKWY,,,,0.00,Y,Four-Way,Y,Intersection-Related,None,,,         ,Samuel,Miller,Cloudy,Front to Rear,no,no,no,no,yes,False
101681191,METROPOLITAN NASHVILLE POLICE DEPT,20170552002,Davidson,Nashville,6/23/2017 2:10:00 PM,2,0,0,36.160020,-86.760490,I 24,,,,0.00,,,,,,,49.45,N,Not at Intersection, ,,None,,,         ,Wesley,Feinstein,,,no,no,no,no,no,False
101681208,METROPOLITAN NASHVILLE POLICE DEPT,20170552054,Davidson,Nashville,6/23/2017 2:45:00 PM,3,0,0,36.226310,-86.603190,SAUNDERSVILLE RD,,,,0.00,Feet,,SHUTE LN,,,,0.00,Y,T-Intersection, ,Intersection,None,,,         ,Noah,Melton,Rain,Front to Rear,no,no,no,no,no,False
101681217,METROPOLITAN NASHVILLE POLICE DEPT,20170551794,Davidson,Nashville,6/23/2017 1:00:00 PM,2,0,0,36.077310,-86.641690,MURFREESBORO PKE,,,,92.00,Feet,West,LAKEVILLA DR,,,,0.00,N,Not at Intersection,N,Non-Junction,None,,,         ,Jessie,Meadows,Rain,Front to Rear,no,no,no,no,yes,False
101681218,METROPOLITAN NASHVILLE POLICE DEPT,20170551928,Davidson,Nashville,6/23/2017 2:20:00 PM,1,0,0,36.089410,-86.702540,I 24,,,,0.00,,,,,,,55.45,N,Not at Intersection,N,Non-Junction,None,,,         ,Jessie,Meadows,Rain,Not Collision with Motor Vehicle in Transport,no,no,no,no,no,False
101681219,METROPOLITAN NASHVILLE POLICE DEPT,20170552041,Davidson,Nashville,6/23/2017 3:45:00 PM,3,1,0,36.082000,-86.697410,I 24,,,,0.00,,,,,,,56.05,N,Not at Intersection,N,Non-Junction,None,,,         ,Jessie,Meadows,Rain,Front to Rear,no,no,no,no,no,False
101681225,METROPOLITAN NASHVILLE POLICE DEPT,20170552018,Davidson,Nashville,6/23/2017 2:57:00 PM,1,1,0,36.171390,-86.869260,CENTENNIAL BLVD,,,,0.00,,,BRILEY PKWYS,,,,0.00,Y,OTHER,N,Non-Junction,None,,,         ,Regina,Lewis,Rain,Not Collision with Motor Vehicle in Transport,no,no,no,no,no,False
101681227,METROPOLITAN NASHVILLE POLICE DEPT,20170552103,Davidson,Nashville,6/23/2017 3:01:00 PM,2,1,0,36.159900,-86.773860,2ND AVS,,,,0.00,,,DEMONBREUN ST,,,,0.00,Y,Four-Way,N,Intersection,None,,,         ,Jason,King,Rain,Angle,no,no,no,no,no,False
101681228,METROPOLITAN NASHVILLE POLICE DEPT,20170552043,Davidson,Nashville,6/23/2017 2:55:00 PM,2,1,0,36.045490,-86.725200,AMALIE DR,,,,100.00,Feet,South,VILLAGE WAY,,,,0.00,N,Not at Intersection,N,Non-Junction,None,,,         ,Edin,Plancic,Rain,Not Collision with Motor Vehicle in Transport,no,no,no,no,no,False
101681230,METROPOLITAN NASHVILLE POLICE DEPT,20170551962,Davidson,Nashville,6/23/2017 2:31:00 PM,3,0,0,36.077090,-86.725560,EDMONDSON PKE,,,,0.00,,,WALLACE RD,,,,0.00,Y,Four-Way,N,Intersection,None,,,         ,Russell,Freeman,Rain,Angle,no,no,no,no,no,False
101681234,METROPOLITAN NASHVILLE POLICE DEPT,20170552207,Davidson,Not in City Limit,6/23/2017 4:20:00 PM,2,0,0,36.265580,-86.708170,DULING AV,,,,94.00,Feet,East,THELMA ST,,,,0.00,N,Not at Intersection, ,Non-Junction,None,,,         ,Samuel,Miller,Rain,Rear to Side,no,no,no,no,no,False
101681243,METROPOLITAN NASHVILLE POLICE DEPT,20170552087,Davidson,Nashville,6/23/2017 3:30:00 PM,2,1,0,36.239880,-86.753110,I 65,,,,0.00,,,,,,,90.25,N,Not at Intersection,N,Non-Junction,None,,,         ,Jesse,Cox,Cloudy,Front to Rear,no,no,no,no,no,False
101681254,METROPOLITAN NASHVILLE POLICE DEPT,20170552254,Davidson,Nashville,6/23/2017 4:00:00 PM,2,0,0,36.141420,-86.740180,MURFREESBORO PKE,,,,119.00,Feet,East,FOSTER AV,,,,0.00,N,Not at Intersection, ,Non-Junction,None,,,         ,Jessie,Meadows,Rain,Front to Rear,no,no,no,no,no,False
101681263,METROPOLITAN NASHVILLE POLICE DEPT,20170552152,Davidson,Nashville,6/23/2017 4:04:00 PM,2,1,0,36.143570,-86.702090,I 40,,,,0.00,,,,,,,214.60,N,Not at Intersection,N,Non-Junction,None,,,         ,Kimberly,Annson,Rain,Front to Rear,no,no,no,no,no,False
101681277,METROPOLITAN NASHVILLE POLICE DEPT,20170552223,Davidson,Nashville,6/23/2017 4:32:00 PM,2,0,0,36.125060,-86.816030,SHARONDALE DR,,,,0.00,,,WOODLAWN DR,,,,0.00,Y,Four-Way, ,Intersection,None,,,         ,Justin,Coyle,Cloudy,Angle,no,no,no,no,no,False
101681284,METROPOLITAN NASHVILLE POLICE DEPT,20170552243,Davidson,Nashville,6/23/2017 5:00:00 PM,2,0,0,36.164510,-86.781060,5TH AVN,,,,0.00,,,UNION ST,,,,0.00,Y,Four-Way, ,,None,,,         ,Wesley,Feinstein,,,no,no,no,no,no,False
101681288,METROPOLITAN NASHVILLE POLICE DEPT,20170552278,Davidson,Nashville,6/23/2017 4:57:00 PM,2,0,0,36.175700,-86.805850,16TH AVN,,,,200.00,Feet,North,COCKRILL ST,,,,0.00,N,Not at Intersection,N,Non-Junction,None,,,         ,Garren,Hoskins,Cloudy,Front to Rear,no,no,no,no,no,False
101681294,METROPOLITAN NASHVILLE POLICE DEPT,20170552127,Davidson,Nashville,6/23/2017 3:55:00 PM,2,0,0,36.115840,-86.771380,I440 E ENT RAMP,,,,0.00,,,I 65,,,,0.00,Y,OTHER, ,Entrance/Exit Ramp Related,None,,,         ,Allyson,Reis,Rain,Front to Rear,no,no,no,no,no,False
101681297,METROPOLITAN NASHVILLE POLICE DEPT,20170552024,Davidson,Nashville,6/23/2017 1:55:00 PM,2,0,0,36.186650,-86.686140,TWO RIVERS PKWY,,,,104.00,Feet,North,WAVE COUNTRY PVTDR,,,,0.00,N,Not at Intersection,N,Non-Junction,None,,,         ,Brent,Hedgcoth,Rain,Front to Rear,no,no,no,no,no,False
101681308,METROPOLITAN NASHVILLE POLICE DEPT,20170551951,Davidson,Nashville,6/23/2017 3:00:00 PM,2,0,0,36.079600,-86.726320,NOLENSVILLE PKE,,,,0.00,,,HARDING PL,,,,0.00,Y,Four-Way, ,Intersection-Related,None,,,         ,Jacob,Paul,Rain,"Sideswipe, Same Direction",no,no,no,no,yes,False
101681313,METROPOLITAN NASHVILLE POLICE DEPT,20170552210,Davidson,Nashville,6/23/2017 3:16:00 PM,2,0,0,36.100920,-86.730570,ANTIOCH PKE,,,,10.00,Feet,East,SOUTHLAKE DR,,,,0.00,N,Not at Intersection, ,Non-Junction,None,,,         ,Je-Marc,Sears,Cloudy,Front to Rear,no,no,no,no,no,False
101681314,METROPOLITAN NASHVILLE POLICE DEPT,20170552310,Davidson,Not in City Limit,6/23/2017 4:39:00 PM,2,0,0,36.264700,-86.790530,I 24,,,,0.00,,,,,,,41.50,N,Not at Intersection,N,Non-Junction,None,,,         ,Samuel,Miller,Cloudy,Front to Rear,no,no,no,no,yes,False
101681328,METROPOLITAN NASHVILLE POLICE DEPT,20170552121,Davidson,Nashville,6/23/2017 3:56:00 PM,2,1,0,36.219620,-86.727430,ARDEE AV,,,,0.00,,,GALLATIN PKE,,,,0.00,Y,Four-Way,Y,Intersection,None,,,         ,Benjamin,Williams,Rain,Angle,no,no,no,no,no,False
101681330,METROPOLITAN NASHVILLE POLICE DEPT,20170552191,Davidson,Nashville,6/23/2017 4:23:00 PM,2,3,0,36.028830,-86.648860,OLD FRANKLIN RD,,,,0.00,,,CANE RIDGE RD,,,,0.00,Y,Four-Way,Y,Intersection,None,,,         ,Benny,Pittman,Cloudy,Angle,no,no,no,no,no,False
101681334,METROPOLITAN NASHVILLE POLICE DEPT,20170552125,Davidson,Nashville,6/23/2017 3:54:00 PM,2,0,0,36.174100,-86.608520,CENTRAL PKE,,,,0.00,,,FRIST BLVD,,,,0.00,Y,Four-Way, ,Intersection,None,,,         ,Jonathan,Cavezza,Rain,Angle,no,no,no,no,no,False
101681336,METROPOLITAN NASHVILLE POLICE DEPT,20170552293,Davidson,Nashville,6/23/2017 3:55:00 PM,2,0,0,36.152770,-86.779320,8TH AVS,,,,0.00,,,DREXEL ST,,,,0.00,Y,T-Intersection,N,Intersection,None,,,         ,Chad,Wilkinson,Rain,Front to Rear,no,no,no,no,no,False
101681338,METROPOLITAN NASHVILLE POLICE DEPT,2017-0546710,Davidson,Nashville,6/21/2017 10:35:00 PM,2,0,0,36.119090,-86.749320,NOLENSVILLE PKE,,,,0.00,,,NEWSOME ST,,,,0.00,Y,T-Intersection,N,Non-Junction,None,,,         ,Frank,Walker,Clear,"Sideswipe, Same Direction",no,no,no,no,no,False
101681342,METROPOLITAN NASHVILLE POLICE DEPT,20170552316,Davidson,Nashville,6/23/2017 5:14:00 PM,2,0,0,36.157370,-86.774060,ALMOND ST,,,,0.00,,,KOREAN VETERANS BLVD,,,,0.00,Y,T-Intersection, ,Intersection,None,,,         ,Jason,King,Clear,"Sideswipe, Same Direction",no,no,no,no,no,False
101681344,METROPOLITAN NASHVILLE POLICE DEPT,20170552246,Davidson,Nashville,6/23/2017 4:45:00 PM,3,0,0,36.144250,-86.816540,31ST AVN,,,,135.00,Feet,South,POSTON AV,,,,0.00,N,Not at Intersection, ,Non-Junction,None,,,         ,Allyson,Reis,Cloudy,Angle,no,no,no,no,no,Campus
101681355,METROPOLITAN NASHVILLE POLICE DEPT,20170552364,Davidson,Not in City Limit,6/23/2017 5:30:00 PM,2,0,0,35.996870,-86.689890,NOLENSVILLE PKE,,,,0.00,,,CONCORD RD,,,,0.00,Y,Four-Way, ,Intersection,None,,,         ,David,Robberson,Cloudy,Front to Rear,no,no,no,no,yes,False
101681372,METROPOLITAN NASHVILLE POLICE DEPT,20170552334,Davidson,Not in City Limit,6/23/2017 5:10:00 PM,2,0,0,36.258990,-86.738280,I 65,,,,0.00,,,,,,,91.90,N,Not at Intersection, ,Non-Junction,None,,,         ,Jerry,Pirtle,Cloudy,"Sideswipe, Same Direction",no,no,no,no,no,False
101681373,METROPOLITAN NASHVILLE POLICE DEPT,20170552222,Davidson,Nashville,6/23/2017 4:32:00 PM,3,0,0,36.105860,-86.763950,POWELL AV,,,,252.00,Feet,North,ARMORY OAKS DR,,,,0.00,N,Not at Intersection, ,Non-Junction,None,,,         ,Trenton,Searcy,Clear,Front to Rear,no,no,no,no,no,False
101681374,METROPOLITAN NASHVILLE POLICE DEPT,20170552387,Davidson,Nashville,6/23/2017 5:34:00 PM,2,0,0,36.243900,-86.756630,DOVERSIDE DR,,,,10.00,Feet,West,DICKERSON PKE,,,,0.00,N,Not at Intersection,Y,Non-Junction,None,,,         ,Samuel,Miller,Cloudy,Front to Rear,no,no,no,no,yes,False
101681375,METROPOLITAN NASHVILLE POLICE DEPT,20170552435,Davidson,Nashville,6/23/2017 5:05:00 PM,3,0,0,36.053950,-86.898790,OLD HICKORY BLVD,,,,33.00,Feet,West,GAUCHO ROAD PVTDR,,,,0.00,N,Not at Intersection, ,Non-Junction,None,,,         ,Jessica,Scott,Clear,Front to Rear,no,no,no,no,no,False
101681380,METROPOLITAN NASHVILLE POLICE DEPT,20170552347,Davidson,Nashville,6/23/2017 5:30:00 PM,2,1,0,36.106970,-86.719650,I 24,,,,0.00,,,,,,,53.90,N,Not at Intersection,N,Non-Junction,None,,,         ,Jessie,Meadows,Clear,Front to Rear,no,no,no,no,no,False
101681387,METROPOLITAN NASHVILLE POLICE DEPT,20170551991,Davidson,Nashville,6/23/2017 2:51:00 PM,1,0,0,36.143550,-86.693900,KNIGHTS OF COLUMBUS BLVD,,,,2622.00,Feet,West,MCGAVOCK PKE,,,,0.00,N,Not at Intersection, ,Non-Junction,None,,,         ,Reuben,Hewit,Rain,Not Collision with Motor Vehicle in Transport,no,no,no,no,no,False
101681398,METROPOLITAN NASHVILLE POLICE DEPT,20170552415,Davidson,Nashville,6/23/2017 5:34:00 PM,2,0,0,36.122550,-86.909730,I 40,,,,0.00,,,,,,,200.30,N,Not at Intersection, ,Non-Junction,None,,,         ,Brandon,Pedigo,Clear,"Sideswipe, Same Direction",no,no,no,no,no,False
101681400,METROPOLITAN NASHVILLE POLICE DEPT,20170552414,Davidson,Nashville,6/23/2017 5:54:00 PM,2,0,0,36.192430,-86.616160,OLD HICKORY BLVD,,,,0.00,,,JUAREZ DR,,,,0.00,Y,T-Intersection, ,Non-Junction,None,,,         ,Jonathon,Sheppard,Clear,Front to Rear,no,no,no,no,no,False
101681402,METROPOLITAN NASHVILLE POLICE DEPT,20170552355,Davidson,Nashville,6/23/2017 5:25:00 PM,2,0,0,36.067070,-86.690370,APACHE TRL,,,,39.00,Feet,West,HICKORY LAKE APTS PVTDR,,,,0.00,N,Not at Intersection, ,Non-Junction,None,,,         ,Alyson,Cook,Clear,Angle,no,no,no,no,no,False
101681417,METROPOLITAN NASHVILLE POLICE DEPT,20170552470,Davidson,Nashville,6/23/2017 6:24:00 PM,2,0,0,36.079600,-86.726320,NOLENSVILLE PKE,,,,0.00,,,HARDING PL,,,,0.00,Y,OTHER, ,Non-Junction,None,,,         ,Jacob,Paul,Rain,Angle,no,no,no,no,no,False
101681424,METROPOLITAN NASHVILLE POLICE DEPT,20170552119,Davidson,Nashville,6/23/2017 3:53:00 PM,2,0,0,36.144290,-86.695230,I 40,,,,0.00,,,,,,,215.00,N,Not at Intersection, ,,None,,,         ,Jonathan,Cavezza,,,no,no,no,no,no,False
101681425,METROPOLITAN NASHVILLE POLICE DEPT,20170552282,Davidson,Nashville,6/23/2017 4:32:00 PM,3,0,0,36.110790,-86.742960,THOMPSON LN,,,,0.00,,,FOSTER AV,,,,0.00,Y,OTHER, ,Non-Junction,None,,,         ,Jedidayah,Merriweather,Clear,Angle,no,no,no,no,no,False
101681427,METROPOLITAN NASHVILLE POLICE DEPT,20170552602,Davidson,Nashville,6/23/2017 7:21:00 PM,1,0,0,36.245720,-86.779620,BRICK CHURCH PKE,,,,185.00,Feet,South,CHESAPEAKE DR,,,,0.00,N,Not at Intersection, ,Non-Junction,None,,,         ,Samuel,Miller,Cloudy,Not Collision with Motor Vehicle in Transport,no,no,no,no,no,False
101681431,METROPOLITAN NASHVILLE POLICE DEPT,20170552390,Davidson,Not in City Limit,6/23/2017 5:50:00 PM,1,1,0,36.074650,-86.970710,I 40,,,,0.00,,,,,,,195.40,N,Not at Intersection,N,Non-Junction,None,,,         ,Walter,Gray II,Clear,Not Collision with Motor Vehicle in Transport,no,no,no,no,no,False
101681435,METROPOLITAN NASHVILLE POLICE DEPT,20170552442,Davidson,Nashville,6/23/2017 6:12:00 PM,2,0,0,36.068040,-86.687950,I 24,,,,0.00,,,,,,,57.15,N,Not at Intersection,N,Non-Junction,None,,,         ,Alyson,Cook,Clear,Front to Rear,no,no,no,no,no,False
101681455,METROPOLITAN NASHVILLE POLICE DEPT,20170546098,Davidson,Goodlettsville,6/21/2017 12:00:00 AM,2,0,0,36.301970,-86.691140,RIVERGATE MARKETPLACE PVTDR,,,,256.00,Feet,East,TWIN HILLS DR,,,,0.00,N,Not at Intersection,N,Non-Junction,None,,,         ,Joel,Callies,Clear,Unknown,no,no,no,yes,no,False
101681466,METROPOLITAN NASHVILLE POLICE DEPT,2017-0518481,Davidson,Nashville,6/13/2017 8:02:00 AM,2,0,0,36.214390,-86.838080,CLARKSVILLE PKE,,,,0.00,,,CEDAR CIR,,,,0.00,Y,OTHER, ,Non-Junction,None,,,         ,Paxton,Montgomery,Clear,Front to Rear,no,no,no,no,no,False
101681470,METROPOLITAN NASHVILLE POLICE DEPT,20170552577,Davidson,Nashville,6/23/2017 6:58:00 PM,2,0,0,36.099730,-86.871410,HARDING PKE,,,,0.00,,,HIGHWAY 100,,,,0.00,Y,Y-Intersection, ,Intersection,None,,,         ,Walter,Gray II,Clear,"Sideswipe, Opposite Direction",no,no,no,no,no,False
101681472,METROPOLITAN NASHVILLE POLICE DEPT,20170552647,Davidson,Nashville,6/23/2017 7:45:00 PM,2,0,0,36.252670,-86.717180,GALLATIN PKES,,,,228.00,Feet,South,MADISON SQ,,,,0.00,N,Not at Intersection,N,Non-Junction,None,,,         ,Cecilia,Gomez,Clear,Rear to Side,no,no,no,no,yes,False
101681475,METROPOLITAN NASHVILLE POLICE DEPT,2017-0518481,Davidson,Nashville,6/23/2017 8:02:00 AM,2,0,0,36.211000,-86.838930,CLARKSVILLE PKE,,,,0.00,,,CLARKSVILLE PKE,,,,0.00,Y,OTHER, ,,None,,,         ,Paxton,Montgomery,,,no,no,no,no,no,False
101681481,METROPOLITAN NASHVILLE POLICE DEPT,20170552232,Davidson,Nashville,6/23/2017 4:05:00 PM,2,0,0,36.029410,-86.740490,MARC DR,,,,0.00,,,CLOVERLAND DR,,,,0.00,Y,Four-Way, ,Intersection-Related,None,,,         ,Jacob,Paul,Rain,HeadOn,no,no,no,no,no,False
101681490,METROPOLITAN NASHVILLE POLICE DEPT,20170552303,Davidson,Nashville,6/23/2017 4:24:00 PM,2,0,0,36.045680,-86.721460,OLD HICKORY BLVD,,,,198.00,Feet,West,HICKORY VILLA DR,,,,0.00,N,Not at Intersection, ,Non-Junction,None,,,         ,Melissa,Flores,Clear,"Sideswipe, Same Direction",no,no,no,no,no,False
101681495,METROPOLITAN NASHVILLE POLICE DEPT,20170552864,Davidson,Nashville,6/23/2017 9:02:00 PM,2,0,0,36.159650,-86.772760,1ST AVS,,,,109.00,Feet,North,MOLLOY ST,,,,0.00,N,Not at Intersection,N,Non-Junction,None,,,         ,Chad,Wilkinson,Clear,"Sideswipe, Same Direction",no,no,no,no,no,False
101681496,METROPOLITAN NASHVILLE POLICE DEPT,20170552717,Davidson,Nashville,6/23/2017 8:10:00 PM,2,1,0,36.141650,-86.713740,I 40,,,,0.00,,,,,,,214.00,N,Not at Intersection,N,Non-Junction,None,,,         ,Jonathan,Cavezza,Cloudy,Front to Rear,no,no,no,no,no,False
101681506,METROPOLITAN NASHVILLE POLICE DEPT,20170552288,Davidson,Nashville,6/23/2017 4:57:00 PM,2,0,0,36.114580,-86.918530,I 40,,,,0.00,,,,,,,199.55,N,Not at Intersection, ,Non-Junction,None,,,         ,Walter,Gray II,Clear,Front to Rear,no,no,no,no,no,False
101681512,METROPOLITAN NASHVILLE POLICE DEPT,20170552101,Davidson,Nashville,6/23/2017 3:26:00 PM,2,1,0,36.164570,-86.776910,CHURCH ST,,,,0.00,,,2ND AVN,,,,0.00,Y,Four-Way,N,Non-Junction,None,,,         ,Michael,Douglas,Rain,Front to Rear,no,no,no,no,no,False
101681515,METROPOLITAN NASHVILLE POLICE DEPT,20170552449,Davidson,Nashville,6/23/2017 5:43:00 PM,2,0,0,36.137080,-86.764330,RAINS AV,,,,0.00,,,MOORE AV,,,,0.00,Y,OTHER, ,Non-Junction,None,,,         ,Jacob,Paul,Clear,Front to Rear,no,no,no,no,no,False
101681516,METROPOLITAN NASHVILLE POLICE DEPT,20170552264,Davidson,Nashville,6/23/2017 4:35:00 PM,2,0,0,36.112280,-86.922630,I40 W EXT RAMP,,,,50.00,Feet,East,OLD HICKORY BLVD,,,,0.00,N,Not at Intersection, ,Non-Junction,None,,,         ,Walter,Gray II,Clear,Front to Rear,no,no,no,no,no,False
101681532,GOODLETTSVILLE POLICE DEPT,17-22213,Davidson,Goodlettsville,6/23/2017 8:50:00 PM,2,1,0,36.300930,-86.721160,DICKERSON PKES,,,,26.00,Feet,North,ROLLING MEADOWS DR,,,,0.00,N,Not at Intersection,N,Non-Junction,None,,,         ,Jeffery,Hunter,Cloudy,Front to Rear,no,no,no,no,no,False
101681543,METROPOLITAN NASHVILLE POLICE DEPT,20170553070,Davidson,Nashville,6/23/2017 9:25:00 PM,2,0,0,36.069120,-86.683840,ANTIOCH PKE,,,,0.00,,,RICHARDS RD,,,,0.00,Y,T-Intersection,N,Intersection,None,,,         ,Alyson,Cook,Clear,Angle,no,no,no,no,yes,False
101681601,METROPOLITAN NASHVILLE POLICE DEPT,20170553132,Davidson,Nashville,6/23/2017 8:13:00 PM,1,0,0,36.078140,-86.784370,TYNE BLVD,,,,716.00,Feet,West,OVERTON LEA RD,,,,0.00,N,Not at Intersection, ,Non-Junction,None,,,         ,Nicholas,Smith,Cloudy,Not Collision with Motor Vehicle in Transport,no,no,no,no,no,False
101681635,METROPOLITAN NASHVILLE POLICE DEPT,20170553243,Davidson,Nashville,6/23/2017 10:36:00 PM,1,1,0,36.115370,-86.745790,FANNIE WILLIAMS ST,,,,0.00,,,WHITSETT RD,,,,0.00,Y,T-Intersection,N,Intersection,None,,,         ,William,Coy,Clear,Not Collision with Motor Vehicle in Transport,no,no,no,no,no,False
101681656,METROPOLITAN NASHVILLE POLICE DEPT,20170553140,Davidson,Nashville,6/23/2017 11:13:00 PM,2,0,0,36.176760,-86.772820,SPRING ST,,,,0.00,,,I24 E ENT RAMP,,,,0.00,Y,OTHER,N,Entrance/Exit Ramp Related,None,,,         ,Jason,Hogan,Clear,"Sideswipe, Same Direction",no,no,no,no,yes,False
101681680,METROPOLITAN NASHVILLE POLICE DEPT,20170551045,Davidson,Nashville,6/23/2017 6:24:00 AM,2,1,0,36.046070,-86.659290,I24 W ENT RAMP,,,,0.00,,,I 24,,,,0.00,Y,OTHER,N,Non-Junction,None,,,         ,Dezmond,Hughes,Clear,Front to Rear,no,no,no,no,no,False
101681701,METROPOLITAN NASHVILLE POLICE DEPT,20170553683,Davidson,Nashville,6/23/2017 11:39:00 PM,1,0,0,36.211880,-86.845590,MILFORD RD,,,,98.00,Feet,South,FAIRVIEW DR,,,,0.00,N,Not at Intersection,N,Non-Junction,None,,,         ,Armonty,Houston,Clear,Not Collision with Motor Vehicle in Transport,no,no,no,yes,yes,False