master_record_number,agency,agency_tracking_number,county,city,collision_date,vehicles_involved,number_injured,number_dead,latitude,longitude,roadway_name,roadway_suffix,roadway_number,roadway_local_id,distance_from_reference,miles-feet_indicator,direction_from_reference,intersection_road_name,intersection_road_name_suffix,intersection_road_number,intersection_local_id,mile_marker,intersection_indicator,intersect_type,interchange_related_indicator,relation_to_junction,work_zone_type,construction_maintenance_zone,construction_maintenance_zone_location,fatal_case_number,officer_first_name,officer_last_name,weather_condition(s),manner_of_crash,pedestrian,bicycle,scooter,parking,hitrun,mou
101682100,METROPOLITAN NASHVILLE POLICE DEPT,20170554694,Davidson,Nashville,6/24/2017 1:40:00 PM,3,1,0,36.145740,-86.764720,CHESTNUT ST,,,,0.00,Feet,,2ND AVS,,,,0.00,Y,Four-Way,N,Intersection,None,,,         ,Shelby,Hughes,Clear,Angle,no,no,no,no,no,False
101682129,METROPOLITAN NASHVILLE POLICE DEPT,20170554754,Davidson,Nashville,6/24/2017 2:52:00 PM,2,1,0,36.104480,-86.720990,GLENCLIFF RD,,,,136.00,Feet,North,TWIN OAKS DR,,,,0.00,N,Not at Intersection,N,OtherLocation,None,,,         ,Andrew,Mullen,Clear,Not Collision with Motor Vehicle in Transport,yes,no,no,yes,no,False
101682138,METROPOLITAN NASHVILLE POLICE DEPT,20170554886,Davidson,Nashville,6/24/2017 3:55:00 PM,2,1,0,36.134240,-86.776370,I65 S ENT RAMP,,,,0.00,,,I65 S EXT RAMP,,,,0.00,Y,Four-Way,N,Entrance/Exit Ramp Related,None,,,         ,Hillary,Sherman,Clear,Angle,no,no,no,no,no,False
101682145,METROPOLITAN NASHVILLE POLICE DEPT,20170554980,Davidson,Nashville,6/24/2017 4:49:00 PM,2,0,0,36.110690,-86.701790,MCGAVOCK PKE,,,,437.00,Feet,South,SCHOOL LN,,,,0.00,N,Not at Intersection,N,Non-Junction,None,,,         ,Aimee,Ortiz,Clear,HeadOn,no,no,no,no,no,False
101682166,METROPOLITAN NASHVILLE POLICE DEPT,20170555012,Davidson,Nashville,6/24/2017 4:30:00 PM,2,0,0,36.177650,-86.800990,I 65,,,,0.00,,,,,,,84.85,N,Not at Intersection,N,Non-Junction,None,,,         ,Kevin,Reynolds,Clear,Front to Rear,no,no,no,no,no,False
101682180,METROPOLITAN NASHVILLE POLICE DEPT,2017-0554881,Davidson,Nashville,6/24/2017 3:25:00 PM,2,0,0,36.202300,-86.607170,ANDREW JACKSON PKWY,,,,101.00,Feet,South,RACHELS PL,,,,0.00,N,Not at Intersection,N,Non-Junction,None,,,         ,Sandra,Talavera,Clear,Front to Rear,no,no,no,no,no,False
101682211,METROPOLITAN NASHVILLE POLICE DEPT,20170554818,Davidson,Nashville,6/24/2017 3:19:00 PM,2,0,0,36.044770,-86.661530,CANE RIDGE RD,,,,0.00,,,BELL RD,,,,0.00,Y,OTHER,N,Non-Junction,None,,,         ,Jedidayah,Merriweather,Clear,Angle,no,no,no,no,no,False
101682230,METROPOLITAN NASHVILLE POLICE DEPT,20170555025,Davidson,Nashville,6/24/2017 4:39:00 PM,1,1,0,36.074430,-86.745970,BLACKMAN RD,,,,0.00,,,DANBY DR,,,,0.00,Y,OTHER,N,Non-Junction,None,,,         ,Jacob,Paul,Clear,Not Collision with Motor Vehicle in Transport,no,no,no,no,no,False
101682231,METROPOLITAN NASHVILLE POLICE DEPT,20170555119,Davidson,Nashville,6/24/2017 4:47:00 PM,2,0,0,36.152650,-86.846020,49TH AVN,,,,186.00,Feet,South,ALABAMA AV,,,,0.00,N,Not at Intersection, ,,None,,,         ,Shaun,Heath,,,no,no,no,no,no,False
101682251,METROPOLITAN NASHVILLE POLICE DEPT,20170555316,Davidson,Nashville,6/24/2017 7:01:00 PM,2,0,0,36.100050,-86.924040,OLD HICKORY BLVD,,,,989.00,Feet,North,BELLE VALLEY DR,,,,0.00,N,Not at Intersection,N,"Driveway, Alley Access, etc",None,,,         ,Adam,Reese,Clear,Front to Rear,no,no,no,no,no,False
101682252,METROPOLITAN NASHVILLE POLICE DEPT,20170555353,Davidson,Nashville,6/24/2017 7:15:00 PM,2,0,0,36.150260,-86.858580,CHARLOTTE PKE,,,,259.00,Feet,East,OBRIEN AV,,,,0.00,N,Not at Intersection,N,Non-Junction,None,,,         ,Justin,Coyle,Clear,HeadOn,no,no,no,yes,yes,False
101682253,METROPOLITAN NASHVILLE POLICE DEPT,20170555351,Davidson,Nashville,6/24/2017 5:36:00 PM,2,0,0,36.157680,-86.772440,2ND AVS,,,,100.00,Feet,South,KOREAN VETERANS BLVD,,,,0.00,N,Not at Intersection, ,Non-Junction,None,,,         ,Ruben,Mariano,Clear,"Sideswipe, Same Direction",no,no,no,no,yes,False
101682258,METROPOLITAN NASHVILLE POLICE DEPT,20170555084,Davidson,Not in City Limit,6/24/2017 4:01:00 PM,2,0,0,36.283180,-86.705170,EDGEMEADE BLVD,,,,140.00,Feet,West,EDGEMEADE DR,,,,0.00,N,Not at Intersection,N,Non-Junction,None,,,         ,Janelle,Keslar,Clear,Rear to Rear,no,no,no,no,yes,False
101682284,METROPOLITAN NASHVILLE POLICE DEPT,20170554804,Davidson,Nashville,6/24/2017 2:46:00 PM,2,0,0,36.068200,-86.719110,NOLENSVILLE PKE,,,,0.00,,,HAYWOOD LN,,,,0.00,Y,OTHER, ,Non-Junction,None,,,         ,Jacob,Paul,Clear,Angle,no,no,no,no,no,False
101682295,METROPOLITAN NASHVILLE POLICE DEPT,20170555141,Davidson,Nashville,6/24/2017 5:25:00 PM,3,1,0,36.096560,-86.656240,MURFREESBORO PKE,,,,66.00,Feet,West,SMITH SPRINGS RD,,,,0.00,N,Not at Intersection,N,Non-Junction,None,,,         ,Luis,De Los Santos,Cloudy,Front to Rear,no,no,no,no,no,False
101682307,METROPOLITAN NASHVILLE POLICE DEPT,20170555507,Davidson,Nashville,6/24/2017 7:07:00 PM,2,0,0,36.253100,-86.716880,GALLATIN PKES,,,,75.00,Feet,South,EMMITT AV,,,,0.00,N,Not at Intersection,N,Non-Junction,None,,,         ,Christopher,Littles,Clear,Front to Rear,no,no,no,no,yes,False
101682309,METROPOLITAN NASHVILLE POLICE DEPT,20170555002,Davidson,Nashville,6/24/2017 4:48:00 PM,2,0,0,36.042900,-86.654580,I 24,,,,0.00,,,,,,,59.70,N,Not at Intersection,N,Non-Junction,None,,,         ,Pamela,Caulder,Clear,Front to Rear,no,no,no,no,no,False
101682322,METROPOLITAN NASHVILLE POLICE DEPT,20170555222,Davidson,Nashville,6/24/2017 5:15:00 PM,2,0,0,36.147660,-86.768470,4TH AVS,,,,0.00,,,CAMERON ST,,,,0.00,Y,OTHER,N,Non-Junction,None,,,         ,Jacob,Paul,Clear,"Sideswipe, Same Direction",no,no,no,no,no,False
101682333,METROPOLITAN NASHVILLE POLICE DEPT,20170555610,Davidson,Nashville,6/24/2017 8:35:00 PM,2,0,0,36.226540,-86.778020,I65 N ENT RAMP,,,,0.00,Feet,East,I 65,,,,0.00,N,Not at Intersection, ,Entrance/Exit Ramp Related,Construction Zone,,,         ,Landon,Bagwell,Clear,"Sideswipe, Same Direction",no,no,no,no,no,False
101682334,METROPOLITAN NASHVILLE POLICE DEPT,20170555649,Davidson,Nashville,6/24/2017 8:50:00 PM,2,2,0,36.100940,-86.818730,HILLSBORO PKE,,,,0.00,,,HOBBS RD,,,,0.00,Y,Four-Way,N,Intersection,None,,,         ,Allyson,Reis,Clear,Front to Rear,no,no,no,no,no,False
101682335,METROPOLITAN NASHVILLE POLICE DEPT,20170555715,Davidson,Nashville,6/24/2017 9:00:00 PM,2,0,0,36.068060,-86.669050,RICHARDS RD,,,,0.00,,,DOWDY DR,,,,0.00,Y,Four-Way, ,Intersection,None,,,         ,Eric,Keller,Clear,Angle,no,no,no,no,no,False
101682340,METROPOLITAN NASHVILLE POLICE DEPT,20170555491,Davidson,Nashville,6/24/2017 7:55:00 PM,2,0,0,36.225250,-86.694760,BRILEY PKWYN,,,,354.00,Feet,North,BRILEY PKWYS,,,,0.00,N,Not at Intersection,N,Non-Junction,None,,,         ,John,Kelley,Clear,"Sideswipe, Same Direction",no,no,no,no,yes,False
101682344,METROPOLITAN NASHVILLE POLICE DEPT,20170555754,Davidson,Goodlettsville,6/24/2017 8:59:00 PM,2,0,0,36.304800,-86.688840,GALLATIN PKEN,,,,50.00,Feet,East,LIBERTY LN,,,,0.00,N,Not at Intersection, ,Non-Junction,None,,,         ,Janelle,Keslar,Clear,Front to Rear,no,no,no,no,no,False
101682345,METROPOLITAN NASHVILLE POLICE DEPT,20170555744,Davidson,Nashville,6/24/2017 9:32:00 PM,2,0,0,36.214650,-86.775450,I 65,,,,0.00,,,,,,,87.90,N,Not at Intersection, ,Non-Junction,Work Zone,,,         ,Brandon,Rardin,Clear,"Sideswipe, Same Direction",no,no,no,no,no,False
101682353,METROPOLITAN NASHVILLE POLICE DEPT,20170555778,Davidson,Nashville,6/24/2017 9:13:00 PM,2,0,0,36.145080,-86.666740,DONELSON PKE,,,,53.00,Feet,South,SHACKLETT DR,,,,0.00,N,Not at Intersection,N,OtherLocation,None,,,         ,Johnathan,Pannell,Clear,Not Collision with Motor Vehicle in Transport,no,no,no,no,yes,False
101682355,METROPOLITAN NASHVILLE POLICE DEPT,20170555145,Davidson,Not in City Limit,6/24/2017 5:45:00 PM,2,0,0,36.325050,-86.873230,I 24,,,,0.00,,,,,,,34.65,N,Not at Intersection, ,Non-Junction,None,,,         ,Andrew,Delke,Clear,Not Collision with Motor Vehicle in Transport,no,no,no,no,no,False
101682372,METROPOLITAN NASHVILLE POLICE DEPT,20170555753,Davidson,Not in City Limit,6/24/2017 9:05:00 PM,2,0,0,35.991200,-86.683490,NOLENSVILLE RD,,,,0.00,,,BURKITT RD,,,,0.00,Y,T-Intersection, ,Non-Junction,None,,,         ,Marcus,Darden,Clear,Front to Rear,no,no,no,no,no,False
101682375,METROPOLITAN NASHVILLE POLICE DEPT,20170555505,Davidson,Nashville,6/24/2017 6:55:00 PM,2,0,0,36.150290,-86.801630,WEST END AV,,,,141.00,Feet,West,21ST AVN,,,,0.00,N,Not at Intersection, ,Non-Junction,None,,,         ,Trenton,Searcy,Clear,Angle,no,no,no,no,no,Campus
101682390,METROPOLITAN NASHVILLE POLICE DEPT,20170555766,Davidson,Nashville,6/24/2017 9:39:00 PM,2,3,0,36.151440,-86.801990,21ST AVN,,,,0.00,,,HAYES ST,,,,0.00,Y,OTHER,N,Intersection,None,,,         ,Bradley,Pope,Clear,Angle,no,no,no,no,no,Campus
101682393,METROPOLITAN NASHVILLE POLICE DEPT,20170555787,Davidson,Nashville,6/24/2017 9:49:00 PM,2,0,0,36.074120,-86.663260,PEBBLE CREEK DR,,,,0.00,,,UNA ANTIOCH PKE,,,,0.00,Y,Four-Way,N,Intersection,None,,,         ,Luis,De Los Santos,Clear,Angle,no,no,no,no,yes,False
101682394,METROPOLITAN NASHVILLE POLICE DEPT,20170555730,Davidson,Nashville,6/24/2017 9:28:00 PM,1,2,0,36.185010,-86.731350,PORTER RD,,,,16.00,Feet,North,TILLMAN LN,,,,0.00,N,Not at Intersection,N,Non-Junction,None,,,         ,Ryan,Howard,Clear,Not Collision with Motor Vehicle in Transport,no,no,no,no,no,False
101682410,METROPOLITAN NASHVILLE POLICE DEPT,20170555869,Davidson,Not in City Limit,6/24/2017 12:00:00 AM,2,0,0,36.267940,-86.703410,N DUPONT AV,,,,0.00,,,DELAWARE AV,,,,0.00,Y,T-Intersection,N,Intersection-Related,None,,,         ,Colin,Bleem,Clear,Angle,no,no,no,no,no,False
101682411,METROPOLITAN NASHVILLE POLICE DEPT,20170555825,Davidson,Nashville,6/24/2017 10:18:00 PM,2,1,0,36.153840,-86.756080,HERMITAGE AV,,,,0.00,,,FAIRFIELD AV,,,,0.00,Y,Four-Way,N,Intersection-Related,None,,,         ,Kimberly,Annson,Cloudy,Front to Rear,no,no,no,no,no,False
101682432,METROPOLITAN NASHVILLE POLICE DEPT,20170555906,Davidson,Nashville,6/24/2017 11:10:00 PM,2,0,0,36.168020,-86.765610,I24 W ENT RAMP,,,,0.00,Feet,East,I 24,,,,0.00,N,Not at Intersection, ,Non-Junction,None,,,         ,Audrean,Manquero,Clear,"Sideswipe, Same Direction",no,no,no,no,no,False
101682435,METROPOLITAN NASHVILLE POLICE DEPT,20170555954,Davidson,Nashville,6/24/2017 11:15:00 PM,2,2,0,36.106210,-86.673060,MURFREESBORO PKE,,,,0.00,,,DONELSON PKE,,,,0.00,Y,Four-Way,N,Intersection,None,,,         ,Douglas,Sykes,Clear,Angle,no,no,no,no,no,False
101682446,METROPOLITAN NASHVILLE POLICE DEPT,20170556028,Davidson,Nashville,6/24/2017 9:50:00 PM,2,0,0,36.161200,-86.792680,GEORGE L DAVIS BLVD,,,,0.00,,,CHARLOTTE AV,,,,0.00,Y,Four-Way, ,Intersection,None,,,         ,Nicholas,Smith,Clear,"Sideswipe, Opposite Direction",no,no,no,no,no,False
101682469,METROPOLITAN NASHVILLE POLICE DEPT,20170556096,Davidson,Nashville,6/25/2017 12:32:00 AM,2,0,0,36.134240,-86.776370,I65 S ENT RAMP,,,,0.00,,,I65 S EXT RAMP,,,,0.00,Y,Four-Way, ,Entrance/Exit Ramp Related,None,,,         ,Stephen,Waterman,Clear,"Sideswipe, Same Direction",no,no,no,no,no,False
101682472,METROPOLITAN NASHVILLE POLICE DEPT,20170555915,Davidson,Nashville,6/24/2017 11:05:00 PM,3,0,0,36.157060,-86.793410,CHURCH ST,,,,0.00,,,MCMILLIN ST,,,,0.00,Y,T-Intersection,N,Intersection,None,,,         ,Brian,Birch,Clear,Front to Rear,no,no,no,no,no,False
101682482,METROPOLITAN NASHVILLE POLICE DEPT,20170555945,Davidson,Nashville,6/24/2017 11:19:00 PM,2,0,0,36.140520,-86.731650,I 40,,,,0.00,,,,,,,213.00,N,Not at Intersection, ,Non-Junction,None,,,         ,Terrance,McBride,Clear,Front to Rear,no,no,no,no,no,False
101682498,METROPOLITAN NASHVILLE POLICE DEPT,20170556135,Davidson,Nashville,6/25/2017 12:48:00 AM,2,0,0,36.153250,-86.794010,17TH AVS,,,,0.00,,,BROADWAY,,,,0.00,Y,T-Intersection,N,Intersection,None,,,         ,Craig,Oakley,Clear,Angle,no,no,no,no,no,False
101682506,METROPOLITAN NASHVILLE POLICE DEPT,20170556017,Davidson,Nashville,6/24/2017 11:47:00 PM,2,0,0,36.156010,-86.788850,BROADWAY,,,,0.00,,,I40 W ENT RAMP,,,,0.00,Y,Four-Way, ,,None,,,         ,Paxton,Montgomery,,,no,no,no,no,no,False
101682526,METROPOLITAN NASHVILLE POLICE DEPT,20170556237,Davidson,Nashville,6/25/2017 1:47:00 AM,2,0,0,36.161020,-86.777200,BROADWAY,,,,0.00,,,4TH AVN,,,,0.00,Y,Four-Way, ,Intersection,None,,,         ,Ruben,Mariano,Clear,"Sideswipe, Same Direction",no,no,no,no,no,False
101682535,METROPOLITAN NASHVILLE POLICE DEPT,20170556183,Davidson,Nashville,6/24/2017 11:50:00 PM,2,0,0,36.236010,-86.706170,BRILEY PKWYW,,,,442.00,Feet,South,BRILEY PKWYE,,,,0.00,N,Not at Intersection,N,Non-Junction,None,,,         ,Abbey,Sawl,Clear,"Sideswipe, Same Direction",no,no,no,no,yes,False
101682536,METROPOLITAN NASHVILLE POLICE DEPT,20170556121,Davidson,Not in City Limit,6/25/2017 12:00:00 AM,1,0,0,36.272070,-86.687990,ANDERSON LN,,,,146.00,Feet,West,ARCHWOOD DR,,,,0.00,N,Not at Intersection,N,Non-Junction,None,,,         ,Colin,Bleem,Clear,Not Collision with Motor Vehicle in Transport,no,no,no,no,no,False
101682561,METROPOLITAN NASHVILLE POLICE DEPT,20170556154,Davidson,Nashville,6/25/2017 1:01:00 AM,2,2,0,36.164960,-86.834100,39TH AVN,,,,256.00,Feet,South,JOHN L DRIVER BLVD,,,,0.00,N,Not at Intersection,N,Non-Junction,None,,,         ,Benjamin,Fisher,Clear,HeadOn,no,no,no,no,no,False
101682569,METROPOLITAN NASHVILLE POLICE DEPT,20170556130,Davidson,Nashville,6/24/2017 8:11:00 PM,2,1,0,36.077020,-86.641300,MURFREESBORO PKE,,,,63.00,Feet,East,LAKEVILLA DR,,,,0.00,N,Not at Intersection,N,Non-Junction,None,,,         ,Sandra,Fly,Clear,Front to Rear,no,no,no,no,no,False
101682570,METROPOLITAN NASHVILLE POLICE DEPT,20170556352,Davidson,Nashville,6/25/2017 2:42:00 AM,1,1,0,36.124580,-86.806900,I440 W ENT RAMP,,,,0.00,,,I 440,,,,0.00,Y,OTHER,Y,Entrance/Exit Ramp Related,None,,,         ,Brian,Birch,Clear,Not Collision with Motor Vehicle in Transport,no,no,no,no,no,False
101682571,METROPOLITAN NASHVILLE POLICE DEPT,20170556232,Davidson,Nashville,6/25/2017 1:08:00 AM,2,0,0,36.165860,-86.781910,CHARLOTTE AV,,,,0.00,Feet,,5TH AVN,,,,0.00,Y,Four-Way,N,Intersection,None,,,         ,Jason,Hogan,Clear,Angle,no,no,no,no,no,False
101682573,METROPOLITAN NASHVILLE POLICE DEPT,20170555979,Davidson,Nashville,6/24/2017 11:15:00 PM,2,0,0,36.151070,-86.784340,DIVISION ST,,,,0.00,,,12TH AVS,,,,0.00,Y,Four-Way, ,Intersection,None,,,         ,John,Anderson,Clear,Angle,no,no,no,no,no,False
101682580,METROPOLITAN NASHVILLE POLICE DEPT,20170556230,Davidson,Nashville,6/25/2017 1:41:00 AM,2,0,0,36.085070,-86.702980,HARDING PL,,,,44.00,Feet,West,I24 E ENT RAMP,,,,0.00,N,Not at Intersection,N,Non-Junction,None,,,         ,Gary,Peters,Clear,Front to Rear,no,no,no,yes,yes,False
101682581,METROPOLITAN NASHVILLE POLICE DEPT,20170556274,Davidson,Nashville,6/25/2017 4:43:00 AM,2,0,0,36.161540,-86.775970,3RD AVS,,,,0.00,,,BROADWAY,,,,0.00,Y,Four-Way, ,,None,,,         ,Paxton,Montgomery,,,no,no,no,no,no,False
101682585,METROPOLITAN NASHVILLE POLICE DEPT,20170556459,Davidson,Nashville,6/25/2017 12:00:00 AM,1,0,0,36.090500,-86.627160,SMITH SPRINGS RD,,,,204.00,Feet,West,BELL RD,,,,0.00,N,Not at Intersection,N,Unknown,Unknown,Unknown,Unknown,         ,Kyle,Berkheiser,Clear,Unknown,no,no,no,no,yes,False
101682597,METROPOLITAN NASHVILLE POLICE DEPT,20170556315,Davidson,Nashville,6/24/2017 11:36:00 PM,2,0,0,36.181960,-86.607910,OLD HICKORY BLVD,,,,89.00,Feet,South,ANDREW JACKSON WAY,,,,0.00,N,Not at Intersection, ,,None,,,         ,Tyler,Manivong,,,no,no,no,no,no,False
101682598,METROPOLITAN NASHVILLE POLICE DEPT,20170555888,Davidson,Nashville,6/24/2017 10:26:00 PM,2,0,0,36.134720,-86.727110,I 24,,,,0.00,,,,,,,52.15,N,Not at Intersection, ,Non-Junction,None,,,         ,William,Coy,Clear,Front to Rear,no,no,no,no,no,False
101682599,METROPOLITAN NASHVILLE POLICE DEPT,20170556510,Davidson,Nashville,6/25/2017 4:46:00 AM,3,1,0,36.133550,-86.721860,MURFREESBORO PKE,,,,269.00,Feet,East,PLUS PARK BLVD,,,,0.00,N,Not at Intersection,N,Non-Junction,None,,,         ,Erik,Dabbs,Clear,Front to Rear,no,no,no,no,no,False
101682611,METROPOLITAN NASHVILLE POLICE DEPT,20170556628,Davidson,Nashville,6/25/2017 6:16:00 AM,1,0,0,36.178690,-86.741670,N 16TH ST,,,,79.00,Feet,South,GARTLAND AV,,,,0.00,N,Not at Intersection,N,Non-Junction,None,,,         ,Ky,Luu,Clear,Not Collision with Motor Vehicle in Transport,no,no,no,no,yes,False
101682649,METROPOLITAN NASHVILLE POLICE DEPT,20170556748,Davidson,Nashville,6/25/2017 6:15:00 AM,1,0,0,36.070660,-86.622860,CEDARCLIFF RD,,,,0.00,,,,,,,0.00,,, ,Non-Junction,None,,,         ,Robert,Erickson,Clear,Not Collision with Motor Vehicle in Transport,no,no,no,no,yes,False
101682667,METROPOLITAN NASHVILLE POLICE DEPT,20170556680,Davidson,Nashville,6/25/2017 6:59:00 AM,1,0,0,36.183180,-86.773870,GRACE ST,,,,0.00,,,DICKERSON PKE,,,,0.00,Y,T-Intersection,N,Non-Junction,None,,,         ,Daniel,Wadham,Clear,Not Collision with Motor Vehicle in Transport,no,no,no,no,no,False
101682699,METROPOLITAN NASHVILLE POLICE DEPT,2017-0556903,Davidson,Nashville,6/25/2017 9:43:00 AM,1,0,0,36.235590,-86.831290,CLARKSVILLE PKE,,,,2577.00,Feet,North,BRILEY PKWYE,,,,0.00,N,Not at Intersection, ,Non-Junction,None,,,         ,William,Caillouette,Clear,Not Collision with Motor Vehicle in Transport,no,no,no,no,no,False
101682712,METROPOLITAN NASHVILLE POLICE DEPT,20170556892,Davidson,Nashville,6/25/2017 9:36:00 AM,2,0,0,36.080370,-86.685700,ANTIOCH PKE,,,,0.00,Feet,East,FRANKLIN LIMESTONE RD,,,,0.00,N,Not at Intersection, ,Non-Junction,None,,,         ,Peter,Vaught,Clear,Front to Rear,no,no,no,no,no,False
101682737,METROPOLITAN NASHVILLE POLICE DEPT,20170556947,Davidson,Nashville,6/25/2017 10:02:00 AM,1,0,0,36.119600,-86.726440,I 24,,,,0.00,,,,,,,53.00,N,Not at Intersection,N,Entrance/Exit Ramp Related,None,,,         ,Stephen,Soule,Clear,Not Collision with Motor Vehicle in Transport,no,no,no,no,no,False
101682746,METROPOLITAN NASHVILLE POLICE DEPT,20170557008,Davidson,Nashville,6/25/2017 10:32:00 AM,2,0,0,36.127320,-86.632580,PRIEST WOODS CT,,,,167.00,Feet,South,PRIEST WOODS DR,,,,0.00,N,Not at Intersection,N,Non-Junction,None,,,         ,Steven,Rowlett,Clear,"Sideswipe, Same Direction",no,no,no,no,no,False
101682747,METROPOLITAN NASHVILLE POLICE DEPT,20170556687,Davidson,Nashville,6/25/2017 9:35:00 AM,2,0,0,36.158430,-86.790640,I40 W ENT RAMP,,,,0.00,Feet,,I 40,,,,0.00,Y,Four-Way, ,Intersection,None,,,         ,William,Gibbs,Clear,Front to Rear,no,no,no,no,no,False
101682774,METROPOLITAN NASHVILLE POLICE DEPT,20170556966,Davidson,Nashville,6/25/2017 10:19:00 AM,2,3,0,36.183500,-86.610760,OLD HICKORY BLVD,,,,0.00,,,DODSON CHAPEL RD,,,,0.00,Y,Four-Way,N,Intersection,None,,,         ,Michael,Brooks,Clear,Angle,no,no,no,no,no,False
101682777,METROPOLITAN NASHVILLE POLICE DEPT,20170556997,Davidson,Nashville,6/25/2017 10:36:00 AM,2,0,0,36.068590,-86.718240,HAYWOOD LN,,,,293.00,Feet,East,NOLENSVILLE PKE,,,,0.00,N,Not at Intersection, ,"Driveway, Alley Access, etc",None,,,         ,Nathan,Kemp,Clear,"Sideswipe, Opposite Direction",no,no,no,no,no,False
101682787,METROPOLITAN NASHVILLE POLICE DEPT,2017-0557042,Davidson,Not in City Limit,6/25/2017 11:13:00 AM,2,0,0,36.264130,-86.726570,OLD HICKORY BLVDW,,,,0.00,,,RONNIE RD,,,,0.00,Y,T-Intersection,N,Intersection,None,,,         ,Arthur,Hipp,Clear,Angle,no,no,no,no,no,False
101682802,METROPOLITAN NASHVILLE POLICE DEPT,20170556772,Davidson,Nashville,6/25/2017 8:17:00 AM,2,2,0,36.031690,-86.639610,I 24,,,,0.00,,,,,,,60.85,N,Not at Intersection,N,Non-Junction,None,,,         ,Jason,Dudley,Clear,Front to Rear,no,no,no,no,no,False
101682804,METROPOLITAN NASHVILLE POLICE DEPT,20170557150,Davidson,Nashville,6/25/2017 11:55:00 AM,2,0,0,36.162600,-86.600070,BELL RD,,,,395.00,Feet,South,ARBOR LAKE BLVD,,,,0.00,N,Not at Intersection, ,Non-Junction,None,,,         ,Michael,Brooks,Clear,Front to Rear,no,no,no,no,no,False
101682817,METROPOLITAN NASHVILLE POLICE DEPT,20170557125,Davidson,Nashville,6/25/2017 12:10:00 PM,2,0,0,36.187020,-86.726150,ROSEBANK AV,,,,0.00,,,RIVERSIDE DR,,,,0.00,Y,OTHER, ,Intersection-Related,None,,,         ,Christopher,Dickerson,Clear,Front to Rear,no,no,no,no,no,False
101682824,METROPOLITAN NASHVILLE POLICE DEPT,20170557209,Davidson,Nashville,6/25/2017 1:15:00 PM,2,3,0,36.119380,-86.749460,NOLENSVILLE PKE,,,,150.00,Feet,North,ELBERTA ST,,,,0.00,N,Not at Intersection,N,Non-Junction,None,,,         ,Nathan,Kemp,Clear,"Sideswipe, Same Direction",no,no,no,no,yes,False
101682848,METROPOLITAN NASHVILLE POLICE DEPT,20170557059,Davidson,Nashville,6/25/2017 11:24:00 AM,2,0,0,36.045150,-86.699400,BELL RD,,,,676.00,Feet,East,BENZING RD,,,,0.00,N,Not at Intersection,N,Non-Junction,None,,,         ,Sara,Lober,Clear,"Sideswipe, Same Direction",no,no,no,no,yes,False
101682865,GOODLETTSVILLE POLICE DEPT,17-22390,Davidson,Goodlettsville,6/25/2017 11:51:00 AM,2,0,0,36.298140,-86.699850,RIVERGATE PKWY,,,,0.00,,,GLEAVES ST,,,,0.00,Y,Four-Way, ,Intersection,None,,,         ,John,Spencer,Clear,Angle,no,no,no,no,no,False
101682873,METROPOLITAN NASHVILLE POLICE DEPT,20170557233,Davidson,Nashville,6/25/2017 1:33:00 PM,3,0,0,36.184000,-86.611600,OLD HICKORY BLVD,,,,304.00,Feet,West,ANDREW JACKSON PKWY,,,,0.00,N,Not at Intersection, ,Non-Junction,None,,,         ,Michael,Brooks,Clear,Front to Rear,no,no,no,no,no,False
101682874,METROPOLITAN NASHVILLE POLICE DEPT,20170557083,Davidson,Nashville,6/25/2017 11:20:00 AM,2,0,0,36.151380,-86.783590,DIVISION ST,,,,248.00,Feet,East,12TH AVS,,,,0.00,N,Not at Intersection,N,Non-Junction,None,,,         ,Seth,Quiles,Clear,Front to Rear,no,no,no,yes,yes,False
101682898,METROPOLITAN NASHVILLE POLICE DEPT,20170557253,Davidson,Not in City Limit,6/25/2017 1:41:00 PM,1,1,0,35.996870,-86.689890,NOLENSVILLE PKE,,,,0.00,,,CONCORD RD,,,,0.00,Y,Four-Way,N,Intersection,None,,,         ,Nathan,Kemp,Clear,Not Collision with Motor Vehicle in Transport,yes,no,no,no,no,False
101682901,METROPOLITAN NASHVILLE POLICE DEPT,20170557254,Davidson,Nashville,6/25/2017 2:05:00 PM,2,0,0,36.141940,-86.781060,EDGEHILL AV,,,,0.00,,,HILLSIDE AV,,,,0.00,Y,Four-Way, ,Non-Junction,None,,,         ,Citlaly,Juarez,Clear,Other,no,no,no,no,no,False
101682903,METROPOLITAN NASHVILLE POLICE DEPT,20170557171,Davidson,Nashville,6/25/2017 12:45:00 PM,2,3,0,36.219620,-86.727430,ARDEE AV,,,,0.00,Feet,,GALLATIN PKE,,,,0.00,Y,Four-Way,N,Intersection,None,,,         ,Eric,Knight,Clear,Angle,no,no,no,no,no,False
101682911,METROPOLITAN NASHVILLE POLICE DEPT,20170557193,Davidson,Nashville,6/25/2017 1:00:00 PM,2,1,0,36.105520,-86.868230,HARDING PKE,,,,0.00,,,LEAKE AV,,,,0.00,Y,T-Intersection,N,Intersection,None,,,         ,Gregory,McDaniel,Clear,Angle,no,no,no,no,no,False
101682923,METROPOLITAN NASHVILLE POLICE DEPT,20170557219,Davidson,Nashville,6/25/2017 12:30:00 PM,2,0,0,36.158560,-86.787590,11TH AVN,,,,0.00,,,GRUNDY ST,,,,0.00,Y,T-Intersection, ,Intersection-Related,None,,,         ,William,Gibbs,Clear,Front to Rear,no,no,no,no,no,False
101682951,METROPOLITAN NASHVILLE POLICE DEPT,20170557332,Davidson,Nashville,6/25/2017 2:35:00 PM,2,0,0,36.120830,-86.727100,I 24,,,,0.00,,,,,,,52.85,N,Not at Intersection,N,Non-Junction,None,,,         ,Marcus,Darden,Clear,"Sideswipe, Same Direction",no,no,no,no,yes,False