master_record_number,agency,agency_tracking_number,county,city,collision_date,vehicles_involved,number_injured,number_dead,latitude,longitude,roadway_name,roadway_suffix,roadway_number,roadway_local_id,distance_from_reference,miles-feet_indicator,direction_from_reference,intersection_road_name,intersection_road_name_suffix,intersection_road_number,intersection_local_id,mile_marker,intersection_indicator,intersect_type,interchange_related_indicator,relation_to_junction,work_zone_type,construction_maintenance_zone,construction_maintenance_zone_location,fatal_case_number,officer_first_name,officer_last_name,weather_condition(s),manner_of_crash,pedestrian,bicycle,scooter,parking,hitrun,mou
101682962,METROPOLITAN NASHVILLE POLICE DEPT,20170557312,Davidson,Nashville,6/25/2017 2:45:00 PM,2,0,0,36.082780,-86.628700,MOSSDALE DR,,,,0.00,,,BELL RD,,,,0.00,Y,Four-Way,N,Intersection,None,,,         ,Kimberly,Annson,Clear,HeadOn,no,no,no,no,no,False
101683005,METROPOLITAN NASHVILLE POLICE DEPT,20170557415,Davidson,Nashville,6/25/2017 3:30:00 PM,2,0,0,36.125260,-86.789830,BEECHWOOD AV,,,,110.00,Feet,West,12TH AVS,,,,0.00,N,Not at Intersection, ,Non-Junction,None,,,         ,Akira,McSwain,Clear,Front to Rear,no,no,no,no,no,False
101683030,METROPOLITAN NASHVILLE POLICE DEPT,20170557529,Davidson,Goodlettsville,6/25/2017 2:28:00 PM,2,0,0,36.297460,-86.698730,GALLATIN PKEN,,,,236.00,Feet,North,RIVERGATE PKWY,,,,0.00,N,Not at Intersection, ,Non-Junction,None,,,         ,Rodney,Phipps,Clear,"Sideswipe, Same Direction",no,no,no,no,no,False
101683033,METROPOLITAN NASHVILLE POLICE DEPT,20170557653,Davidson,Nashville,6/25/2017 4:50:00 PM,2,0,0,36.134070,-86.727100,I 24,,,,0.00,,,,,,,52.10,N,Not at Intersection,N,Non-Junction,None,,,         ,Andrew,Swint,Clear,Front to Rear,no,no,no,no,no,False
101683052,METROPOLITAN NASHVILLE POLICE DEPT,20170557643,Davidson,Nashville,6/25/2017 5:25:00 PM,2,4,0,36.168070,-86.796170,I 40,,,,0.00,,,,,,,208.20,N,Not at Intersection,N,Non-Junction,None,,,         ,Wesley,Feinstein,Clear,"Sideswipe, Same Direction",no,no,no,no,yes,False
101683067,METROPOLITAN NASHVILLE POLICE DEPT,20170557697,Davidson,Nashville,6/25/2017 6:10:00 PM,2,1,0,36.233270,-86.768320,I 65,,,,0.00,,,,,,,89.25,N,Not at Intersection,N,Non-Junction,None,,,         ,Christopher,Littles,Clear,Front to Rear,no,no,no,no,no,False
101683070,METROPOLITAN NASHVILLE POLICE DEPT,20170557764,Davidson,Not in City Limit,6/25/2017 4:46:00 PM,2,0,0,36.266130,-86.756840,DICKERSON PKE,,,,299.00,Feet,South,DARBYTOWN DR,,,,0.00,N,Not at Intersection, ,OtherLocation,None,,,         ,Rodney,Phipps,Clear,Rear to Rear,no,no,no,no,yes,False
101683071,METROPOLITAN NASHVILLE POLICE DEPT,20170557709,Davidson,Nashville,6/25/2017 6:15:00 PM,2,0,0,36.167210,-86.779650,3RD AVN,,,,0.00,,,JAMES ROBERTSON PKWY,,,,0.00,Y,Four-Way, ,Intersection-Related,None,,,         ,Derek,Betty,Clear,"Sideswipe, Same Direction",no,no,no,no,no,False
101683081,METROPOLITAN NASHVILLE POLICE DEPT,20170557759,Davidson,Nashville,6/25/2017 6:10:00 PM,2,0,0,36.079470,-86.720790,BROOKRIDGE TRL,,,,144.00,Feet,North,WALLACE RD,,,,0.00,N,Not at Intersection, ,Non-Junction,None,,,         ,Eric,Keller,Clear,"Sideswipe, Same Direction",no,no,no,yes,no,False
101683090,METROPOLITAN NASHVILLE POLICE DEPT,20170557804,Davidson,Nashville,6/25/2017 6:00:00 PM,2,0,0,36.109450,-86.728050,BRILEY PKWYN,,,,0.00,,,BRILEY PKWYS,,,,0.00,Y,Four-Way,N,Non-Junction,None,,,         ,Benjamin,Froehlich,Clear,"Sideswipe, Same Direction",no,no,no,no,yes,False
101683101,METROPOLITAN NASHVILLE POLICE DEPT,20170557796,Davidson,Not in City Limit,6/25/2017 7:07:00 PM,1,0,0,36.325120,-86.873760,I 24,,,,0.00,,,,,,,34.65,N,Not at Intersection,N,Non-Junction,None,,,         ,Brandon,Rardin,Clear,Not Collision with Motor Vehicle in Transport,no,no,no,no,no,False
101683103,METROPOLITAN NASHVILLE POLICE DEPT,20170557927,Davidson,Nashville,6/25/2017 8:22:00 PM,2,0,0,36.130140,-86.900780,CABOT DR,,,,26.00,Feet,North,CHARLOTTE PKE,,,,0.00,N,Not at Intersection, ,,None,,,         ,Ethan,Usherwood,,,no,no,no,no,no,False
101683121,METROPOLITAN NASHVILLE POLICE DEPT,20170557844,Davidson,Nashville,6/25/2017 7:30:00 PM,2,0,0,36.181690,-86.807220,12TH AVN,,,,764.00,Feet,South,CLAY ST,,,,0.00,N,Not at Intersection, ,Non-Junction,None,,,         ,Clayton,Lewis,Clear,Front to Rear,no,no,no,no,no,False
101683138,METROPOLITAN NASHVILLE POLICE DEPT,20170557652,Davidson,Nashville,6/25/2017 5:25:00 PM,3,0,0,36.171980,-86.591770,CENTRAL PKE,,,,30.00,Feet,West,VALLEY GROVE DR,,,,0.00,N,Not at Intersection,N,Non-Junction,None,,,         ,Adam,Nicholson,Clear,Front to Rear,no,no,no,no,no,False
101683156,METROPOLITAN NASHVILLE POLICE DEPT,20170557761,Davidson,Nashville,6/25/2017 2:21:00 PM,2,0,0,36.253980,-86.685770,LARKIN SPRINGS RD,,,,0.00,,,HOSPITAL DR,,,,0.00,Y,Four-Way,N,Intersection,None,,,         ,Bradley,Campbell,Clear,Angle,no,no,no,no,yes,False
101683158,METROPOLITAN NASHVILLE POLICE DEPT,20170557352,Davidson,Not in City Limit,6/25/2017 3:12:00 PM,2,1,0,36.260420,-86.712750,GALLATIN PKES,,,,0.00,,,,,,,0.00,,,N,Non-Junction,None,,,         ,Christopher,Kelly,Clear,Angle,no,no,no,no,no,False
101683161,METROPOLITAN NASHVILLE POLICE DEPT,20170557929,Davidson,Nashville,6/25/2017 8:00:00 PM,2,0,0,36.125400,-86.709430,MURFREESBORO PKE,,,,147.00,Feet,East,BOWWOOD CT,,,,0.00,N,Not at Intersection,N,Non-Junction,None,,,         ,Jonathon,Sheppard,Clear,"Sideswipe, Same Direction",no,no,no,no,no,False
101683189,VANDERBILT UNIVERSITY POLICE,2017-0557298,Davidson,Nashville,6/25/2017 10:00:00 AM,2,0,0,36.149070,-86.800150,21ST AVS,,,,198.00,Feet,South,TERRACE PL,,,,0.00,N,Not at Intersection,N,Non-Junction,None,,,         ,Alan,Reed,Clear,Rear to Side,no,no,no,yes,yes,Campus
101683191,METROPOLITAN NASHVILLE POLICE DEPT,20170557943,Davidson,Nashville,6/25/2017 8:31:00 PM,2,0,0,36.090960,-86.651100,MURFREESBORO PKE,,,,0.00,,,BOROWOOD DR,,,,0.00,Y,T-Intersection,N,Intersection,None,,,         ,Kimberly,Annson,Clear,Front to Rear,no,no,no,no,no,False
101683195,METROPOLITAN NASHVILLE POLICE DEPT,20170558064,Davidson,Nashville,6/25/2017 9:37:00 PM,2,0,0,36.122060,-86.717700,EAST THOMPSON LN,,,,101.00,Feet,South,LAWNDALE DR,,,,0.00,N,Not at Intersection, ,Non-Junction,None,,,         ,Andrew,Mullen,Clear,Front to Rear,no,no,no,no,yes,False
101683197,METROPOLITAN NASHVILLE POLICE DEPT,20170557982,Davidson,Nashville,6/25/2017 8:56:00 PM,2,1,0,36.198440,-86.620270,LEBANON PKE,,,,0.00,,,OLD HICKORY BLVD,,,,0.00,Y,Four-Way,N,Intersection,None,,,         ,Tyler,Maupin,Clear,Front to Rear,no,no,no,no,no,False
101683266,METROPOLITAN NASHVILLE POLICE DEPT,20170557853,Davidson,Nashville,6/25/2017 7:20:00 PM,2,0,0,36.163750,-86.594260,LAKE PKWY,,,,0.00,,,,,,,0.00,,,N,OtherLocation,None,,,         ,Codey,Mullins,Clear,Other,no,no,no,yes,yes,False
101683278,METROPOLITAN NASHVILLE POLICE DEPT,20170558109,Davidson,Nashville,6/25/2017 10:05:00 PM,1,2,0,36.063070,-86.677530,ANTIOCH PKE,,,,850.00,Feet,South,MILL CREEK BLUE HOLE GRNWY,,,,0.00,N,Not at Intersection,N,Non-Junction,None,,,         ,Marcus,Darden,Clear,Not Collision with Motor Vehicle in Transport,no,no,no,no,no,False
101683286,METROPOLITAN NASHVILLE POLICE DEPT,20170558156,Davidson,Nashville,6/25/2017 10:38:00 PM,2,2,0,36.045740,-86.674350,BELL RD,,,,0.00,Feet,,BLUE HOLE RD,,,,0.00,Y,Four-Way,N,Intersection,None,,,         ,Nakia,Reid,Clear,"Sideswipe, Same Direction",no,no,no,no,no,False
101683313,METROPOLITAN NASHVILLE POLICE DEPT,20170558177,Davidson,Nashville,6/25/2017 8:46:00 PM,2,0,0,36.032230,-86.765280,CLOVERLAND DR,,,,0.00,,,FREDERICKSBURG WAY,,,,0.00,Y,T-Intersection, ,Non-Junction,None,,,         ,Jacob,West,Clear,"Sideswipe, Opposite Direction",no,no,no,no,no,False
101683318,METROPOLITAN NASHVILLE POLICE DEPT,20170558303,Davidson,Nashville,6/25/2017 9:09:00 PM,2,0,0,36.166310,-86.798280,14TH AVN,,,,8.00,Feet,South,HERMAN ST,,,,0.00,N,Not at Intersection,N,Non-Junction,None,,,         ,Christopher,Lawson,Clear,Front to Rear,no,no,no,no,yes,False
101683319,METROPOLITAN NASHVILLE POLICE DEPT,20170558190,Davidson,Nashville,6/25/2017 10:59:00 PM,1,1,0,36.110390,-86.722540,I24 E ENT RAMP,,,,0.00,Feet,East,I 24,,,,0.00,N,Not at Intersection,Y,Entrance/Exit Ramp Related,None,,,         ,Autumn,Manning,Clear,Not Collision with Motor Vehicle in Transport,no,no,no,no,no,False
101683320,METROPOLITAN NASHVILLE POLICE DEPT,20170558202,Davidson,Nashville,6/25/2017 11:05:00 PM,2,0,0,36.045740,-86.674350,BELL RD,,,,0.00,,,BLUE HOLE RD,,,,0.00,Y,Four-Way,N,Intersection-Related,None,,,         ,William,Williams,Clear,Front to Rear,no,no,no,no,no,False
101683326,METROPOLITAN NASHVILLE POLICE DEPT,20170558234,Davidson,Not in City Limit,6/25/2017 7:30:00 PM,2,0,0,36.270780,-86.706610,ROOSEVELT AV,,,,0.00,,,BROOKS AV,,,,0.00,Y,Four-Way,N,Intersection,None,,,         ,Abbey,Sawl,Clear,Angle,no,no,no,no,yes,False
101683328,METROPOLITAN NASHVILLE POLICE DEPT,20170558476,Davidson,Nashville,6/26/2017 12:51:00 AM,1,1,0,36.238920,-86.779510,BRILEY PKWY W EXT RAMP,,,,0.00,Feet,East,DOVERSIDE CT,,,,0.00,N,Not at Intersection,N,Entrance/Exit Ramp Related,None,,,         ,Craig,Amabile,Clear,Not Collision with Motor Vehicle in Transport,no,no,no,no,no,False
101683331,METROPOLITAN NASHVILLE POLICE DEPT,20170558428,Davidson,Not in City Limit,6/26/2017 12:27:00 AM,1,2,0,36.071070,-86.926780,HICKS RD,,,,65.00,Feet,North,WESTERLY PVTDR,,,,0.00,N,Not at Intersection,N,Non-Junction,None,,,         ,Kristen,Morgan,Clear,Not Collision with Motor Vehicle in Transport,no,no,no,no,no,False
101683332,METROPOLITAN NASHVILLE POLICE DEPT,558357,Davidson,Nashville,6/25/2017 11:58:00 PM,2,1,0,36.151370,-86.799330,20TH AVS,,,,0.00,,,WEST END AV,,,,0.00,Y,Four-Way,N,Intersection,None,,,         ,Matthew,Moses,Clear,Angle,no,no,no,no,no,Campus
101683380,METROPOLITAN NASHVILLE POLICE DEPT,20170558274,Davidson,Nashville,6/25/2017 11:29:00 PM,2,0,0,36.044950,-86.659750,I24 E ENT RAMP,,,,0.00,,,I 24,,,,0.00,Y,Four-Way,N,Entrance/Exit Ramp Related,None,,,         ,Megan,Arnett,Clear,Angle,no,no,no,no,yes,False
101683384,METROPOLITAN NASHVILLE POLICE DEPT,20170558209,Davidson,Nashville,6/25/2017 11:02:00 PM,2,1,0,36.124990,-86.752200,NOLENSVILLE PKE,,,,0.00,,,ROSEDALE AV,,,,0.00,Y,T-Intersection,N,Intersection,None,,,         ,Patrick,Martin,Clear,Angle,no,no,no,no,no,False
101683392,METROPOLITAN NASHVILLE POLICE DEPT,20170558812,Davidson,Nashville,6/26/2017 12:00:00 AM,1,0,0,36.132280,-86.899870,CABOT DR,,,,688.00,Feet,North,I40 W EXT RAMP,,,,0.00,N,Not at Intersection,N,Non-Junction,None,,,         ,Terrance,Stuckey,Clear,Not Collision with Motor Vehicle in Transport,no,no,no,no,yes,False
101683396,METROPOLITAN NASHVILLE POLICE DEPT,20170558743,Davidson,Nashville,6/26/2017 2:41:00 AM,2,0,0,36.084850,-86.703680,HARDING PL,,,,77.00,Feet,West,TRAVELERS INN DR,,,,0.00,N,Not at Intersection,N,Non-Junction,None,,,         ,Gary,Peters,Clear,Angle,no,no,no,no,no,False
101683418,METROPOLITAN NASHVILLE POLICE DEPT,20170559077,Davidson,Nashville,6/26/2017 5:30:00 AM,2,0,0,36.050730,-86.646910,BELL RD,,,,0.00,,,HICKORY HOLLOW TER,,,,0.00,Y,Four-Way,N,Intersection,None,,,         ,William,Coy,Clear,Angle,no,no,no,no,no,False
101683467,METROPOLITAN NASHVILLE POLICE DEPT,20170559218,Davidson,Nashville,6/26/2017 6:50:00 AM,2,1,0,36.152900,-86.689560,ELM HILL PKE,,,,0.00,,,ELM HILL PKE WB EXT RAMP,,,,0.00,Y,T-Intersection,N,Intersection,None,,,         ,Michael,Dance,Clear,"Sideswipe, Same Direction",no,no,no,no,yes,False
101683470,METROPOLITAN NASHVILLE POLICE DEPT,20170559197,Davidson,Nashville,6/26/2017 5:58:00 AM,2,0,0,36.167030,-86.610820,I 40,,,,0.00,,,,,,,220.30,N,Not at Intersection, ,,None,,,         ,James,Curtis,,,no,no,no,no,no,False
101683476,METROPOLITAN NASHVILLE POLICE DEPT,20170559333,Davidson,Nashville,6/26/2017 7:42:00 AM,2,1,0,36.108700,-86.744070,NOLENSVILLE PKE,,,,0.00,,,TANKSLEY AV,,,,0.00,Y,Four-Way,N,Intersection,None,,,         ,Nathan,Kemp,Clear,Angle,no,no,no,no,yes,False
101683477,METROPOLITAN NASHVILLE POLICE DEPT,20170559212,Davidson,Nashville,6/26/2017 6:50:00 AM,3,1,0,36.215700,-86.775330,I 65,,,,0.00,,,,,,,88.00,N,Not at Intersection,N,Non-Junction,None,,,         ,Michael,McCord,Cloudy,Front to Rear,no,no,no,no,no,False
101683480,METROPOLITAN NASHVILLE POLICE DEPT,2017-0559266,Davidson,Nashville,6/26/2017 7:12:00 AM,2,0,0,36.084870,-86.692010,PERIMETER HILL DR,,,,443.00,Feet,West,ANTIOCH PKE,,,,0.00,N,Not at Intersection, ,"Driveway, Alley Access, etc",None,,,         ,William,Whitworth,Cloudy,"Sideswipe, Same Direction",no,no,no,no,no,False
101683502,METROPOLITAN NASHVILLE POLICE DEPT,20170559387,Davidson,Not in City Limit,6/26/2017 8:01:00 AM,2,1,0,36.317400,-86.835710,I 24,,,,0.00,,,,,,,37.00,N,Not at Intersection,N,Non-Junction,None,,,         ,Thomas,Odom,Clear,Not Collision with Motor Vehicle in Transport,no,no,no,no,no,False
101683536,METROPOLITAN NASHVILLE POLICE DEPT,20170559490,Davidson,Nashville,6/26/2017 8:00:00 AM,2,0,0,36.142200,-86.762400,HART ST,,,,0.00,,,2ND AVS,,,,0.00,Y,T-Intersection, ,Intersection,None,,,         ,Todd,Watson,Cloudy,Front to Rear,no,no,no,no,no,False
101683539,METROPOLITAN NASHVILLE POLICE DEPT,20170559658,Davidson,Nashville,6/26/2017 9:44:00 AM,2,0,0,36.134020,-86.826800,WEST END AV,,,,292.00,Feet,East,CRAIGHEAD AV,,,,0.00,N,Not at Intersection, ,,None,,,         ,Curtis,Rich,,,no,no,no,no,no,False
101683573,METROPOLITAN NASHVILLE POLICE DEPT,20170559623,Davidson,Nashville,6/26/2017 9:29:00 AM,2,0,0,36.153260,-86.792180,MCGAVOCK ST,,,,0.00,,,16TH AVS,,,,0.00,Y,Four-Way,N,Intersection,None,,,         ,Nathan,Kemp,Clear,"Sideswipe, Same Direction",no,no,no,no,no,False
101683586,METROPOLITAN NASHVILLE POLICE DEPT,20170559594,Davidson,Nashville,6/26/2017 9:00:00 AM,1,1,0,36.162490,-86.791640,SHANKLAND ST,,,,245.00,Feet,West,11TH AVN,,,,0.00,N,Not at Intersection,N,Non-Junction,None,,,         ,Bryan,Musgrave,Clear,Not Collision with Motor Vehicle in Transport,yes,no,no,no,no,False
101683588,METROPOLITAN NASHVILLE POLICE DEPT,2017-559597,Davidson,Nashville,6/26/2017 8:00:00 AM,3,0,0,36.168050,-86.796340,I 40,,,,0.00,,,,,,,208.20,N,Not at Intersection, ,Non-Junction,None,,,         ,Darren,Key,Clear,Front to Rear,no,no,no,no,no,False
101683589,METROPOLITAN NASHVILLE POLICE DEPT,20170559522,Davidson,Nashville,6/26/2017 12:00:00 AM,2,0,0,36.168250,-86.796490,I 40,,,,0.00,,,,,,,208.15,N,Not at Intersection,N,Entrance/Exit Ramp Related,None,,,         ,Amery,Milligan,Clear,Front to Rear,no,no,no,no,no,False
101683590,METROPOLITAN NASHVILLE POLICE DEPT,20170559758,Davidson,Nashville,6/26/2017 10:15:00 AM,2,0,0,36.157310,-86.770860,PEABODY ST,,,,0.00,,,RUTLEDGE ST,,,,0.00,Y,T-Intersection, ,Intersection,None,,,         ,Charles,Coe,Cloudy,Angle,no,no,no,no,no,False
101683597,THP District 9 - Administrative,317037642,Davidson,Nashville,6/26/2017 7:59:00 AM,2,0,0,36.165990,-86.787440,ROSA PARKS BLVD,ALY,,,0.00,,,ROSA  PARKS BLVD,ALY,,,0.00,Y,Roundabout, ,,None,,,         ,William,Gregory,,,no,no,no,yes,no,False
101683605,METROPOLITAN NASHVILLE POLICE DEPT,20170559882,Davidson,Nashville,6/26/2017 11:00:00 AM,2,0,0,36.131110,-86.857000,WHITE BRIDGE PKE,,,,177.00,Feet,North,TN TECHNOLOGY CTR PVTDR,,,,0.00,N,Not at Intersection, ,Non-Junction,None,,,         ,Curtis,Rich,Cloudy,Angle,no,no,no,no,no,False
101683613,METROPOLITAN NASHVILLE POLICE DEPT,20170559785,Davidson,Nashville,6/26/2017 10:16:00 AM,2,0,0,36.182140,-86.608120,OLD HICKORY BLVD,,,,0.00,,,FRIST BLVD,,,,0.00,Y,Four-Way,N,Intersection,None,,,         ,Michael,Dance,Clear,Front to Rear,no,no,no,no,yes,False
101683614,METROPOLITAN NASHVILLE POLICE DEPT,20170559791,Davidson,Nashville,6/26/2017 10:30:00 AM,3,0,0,36.041230,-86.778500,OLD HICKORY BLVD,,,,300.00,Feet,East,FRANKLIN PIKE CIR,,,,0.00,N,Not at Intersection, ,Non-Junction,None,,,         ,Earl,Davis,Cloudy,Front to Rear,no,no,no,no,no,False
101683616,METROPOLITAN NASHVILLE POLICE DEPT,20170559914,Davidson,Nashville,6/26/2017 11:24:00 AM,2,1,0,36.151190,-86.750700,I 40,,,,0.00,,,,,,,211.55,N,Not at Intersection,N,Non-Junction,None,,,         ,Nathan,Kemp,Clear,Front to Rear,no,no,no,no,no,False
101683621,METROPOLITAN NASHVILLE POLICE DEPT,20170559701,Davidson,Nashville,6/26/2017 9:45:00 AM,4,2,0,36.133280,-86.774650,I65 N EXT RAMP,,,,0.00,Feet,East,I 65,,,,0.00,N,Not at Intersection,N,Non-Junction,None,,,         ,Citlaly,Juarez,Clear,Front to Rear,no,no,no,no,no,False
101683622,METROPOLITAN NASHVILLE POLICE DEPT,20170559913,Davidson,Not in City Limit,6/26/2017 11:20:00 AM,2,0,0,36.078540,-86.950810,HIGHWAY 70S,,,,0.00,Feet,,BELLEVUE CTR PVTDR,,,,0.00,Y,Four-Way, ,Intersection-Related,None,,,         ,Douglas,Atwood,Clear,Front to Rear,no,no,no,no,no,False
101683631,Nashville Airport Police,2017-02118,Davidson,Nashville,6/26/2017 10:28:00 AM,2,0,0,36.133180,-86.664330,BNA DR,,,,0.00,,,DONELSON PKES,,,,0.00,Y,OTHER, ,Non-Junction,Construction Zone,,,         ,Gary,Glover,Clear,"Sideswipe, Same Direction",no,no,no,no,no,False
101683636,METROPOLITAN NASHVILLE POLICE DEPT,20170560009,Davidson,Nashville,6/26/2017 12:00:00 PM,2,2,0,36.115030,-86.887850,WEST MEADE DR,,,,0.00,,,BROOK HOLLOW RD,,,,0.00,Y,Four-Way,N,Intersection,None,,,         ,Curtis,Rich,Clear,Angle,no,no,no,no,no,False
101683637,METROPOLITAN NASHVILLE POLICE DEPT,20170560013,Davidson,Nashville,6/26/2017 12:07:00 PM,2,0,0,36.040590,-86.771070,OLD HICKORY BLVD,,,,0.00,,,SEVEN SPRINGS WAY PVTDR,,,,0.00,Y,Four-Way, ,Intersection,None,,,         ,Earl,Davis,Clear,HeadOn,no,no,no,no,no,False
101683640,METROPOLITAN NASHVILLE POLICE DEPT,20170559906,Davidson,Nashville,6/26/2017 10:54:00 AM,2,0,0,36.195060,-86.795350,VENTURE CIR,,,,485.00,Feet,East,FRENCH LANDING DR,,,,0.00,N,Not at Intersection, ,"Driveway, Alley Access, etc",None,,,         ,Ronald,Bright,Clear,"Sideswipe, Opposite Direction",no,no,no,no,no,False
101683661,METROPOLITAN NASHVILLE POLICE DEPT,20170560162,Davidson,Nashville,6/26/2017 1:01:00 PM,2,0,0,36.153130,-86.721620,SPENCE LN,,,,213.00,Feet,South,LEBANON PKE,,,,0.00,N,Not at Intersection, ,"Driveway, Alley Access, etc",None,,,         ,Michael,Dance,Clear,Angle,no,no,no,no,no,False
101683691,METROPOLITAN NASHVILLE POLICE DEPT,20170559968,Davidson,Nashville,6/26/2017 11:46:00 AM,4,2,0,36.153540,-86.722820,LEBANON PKE,,,,375.00,Feet,West,SPENCE LN,,,,0.00,N,Not at Intersection,N,Non-Junction,None,,,         ,Wesley,Young,Clear,Front to Rear,no,no,no,no,no,False
101683692,METROPOLITAN NASHVILLE POLICE DEPT,20170560129,Davidson,Nashville,6/26/2017 12:45:00 PM,2,0,0,36.183260,-86.610920,DODSON CHAPEL RD,,,,101.00,Feet,South,OLD HICKORY BLVD,,,,0.00,N,Not at Intersection, ,Non-Junction,None,,,         ,Wesley,Young,Clear,"Sideswipe, Same Direction",no,no,no,no,no,False
101683702,METROPOLITAN NASHVILLE POLICE DEPT,20170560273,Davidson,Nashville,6/26/2017 1:41:00 PM,2,0,0,36.088320,-86.791000,BATTERY LN,,,,0.00,,,LEALAND LN,,,,0.00,Y,Four-Way, ,Intersection,None,,,         ,Nathan,Kemp,Clear,Front to Rear,no,no,no,no,no,False
101683704,METROPOLITAN NASHVILLE POLICE DEPT,20170560137,Davidson,Nashville,6/26/2017 12:24:00 PM,2,0,0,36.071350,-86.654150,PEBBLE CREEK DR,,,,0.00,,,JOHNSON PASS DR,,,,0.00,Y,T-Intersection, ,Intersection,None,,,         ,Brandon,O'Guin,Clear,Front to Rear,no,no,no,no,yes,False
101683712,METROPOLITAN NASHVILLE POLICE DEPT,2017560099,Davidson,Nashville,6/26/2017 12:15:00 PM,1,0,0,36.118110,-86.787850,LEALAND LN,,,,0.00,,,,,,,0.00,,, ,Non-Junction,None,,,         ,William,Waters,Clear,Not Collision with Motor Vehicle in Transport,no,no,no,no,no,False
101683716,METROPOLITAN NASHVILLE POLICE DEPT,20170560301,Davidson,Nashville,6/26/2017 1:55:00 PM,2,2,0,36.128190,-86.845590,ST THOMAS DR,,,,119.00,Feet,West,BOSLEY SPRINGS RD,,,,0.00,N,Not at Intersection,N,Non-Junction,None,,,         ,Curtis,Rich,Cloudy,Front to Rear,no,no,no,no,no,False
101683740,METROPOLITAN NASHVILLE POLICE DEPT,20170560225,Davidson,Nashville,6/26/2017 1:00:00 PM,2,0,0,36.158050,-86.790910,I 40,,,,0.00,,,,,,,209.00,N,Not at Intersection, ,Entrance/Exit Ramp Related,None,,,         ,Charles,Coe,Clear,"Sideswipe, Same Direction",no,no,no,no,no,False
101683744,METROPOLITAN NASHVILLE POLICE DEPT,20170560352,Davidson,Nashville,6/26/2017 2:00:00 PM,2,0,0,36.150210,-86.785060,I 40,,,,0.00,,,,,,,209.50,N,Not at Intersection, ,Entrance/Exit Ramp Related,None,,,         ,Ian,Hammond,Clear,Front to Rear,no,no,no,no,no,False
101683745,METROPOLITAN NASHVILLE POLICE DEPT,20170560384,Davidson,Nashville,6/26/2017 2:10:00 PM,1,0,0,36.181960,-86.799790,I 65,,,,0.00,,,,,,,85.15,N,Not at Intersection,N,Non-Junction,None,,,         ,Joshua,Baker,Clear,Not Collision with Motor Vehicle in Transport,no,no,no,no,no,False
101683770,METROPOLITAN NASHVILLE POLICE DEPT,20170560361,Davidson,Nashville,6/26/2017 2:10:00 PM,2,0,0,36.093860,-86.652900,MURFREESBORO PKE,,,,0.00,,,OLD MURFREESBORO PKE,,,,0.00,Y,T-Intersection, ,Intersection,None,,,         ,Wesley,Young,Clear,"Sideswipe, Same Direction",no,no,no,no,no,False
101683772,METROPOLITAN NASHVILLE POLICE DEPT,20170560362,Davidson,Not in City Limit,6/26/2017 2:00:00 PM,2,0,0,36.274320,-86.763930,OLD HICKORY BLVD,,,,338.00,Feet,South,LAWING DR,,,,0.00,N,Not at Intersection,N,Non-Junction,None,,,         ,Thomas,Odom,Clear,Front to Rear,no,no,no,no,no,False
101683776,METROPOLITAN NASHVILLE POLICE DEPT,20170560403,Davidson,Nashville,6/26/2017 2:30:00 PM,1,0,0,36.066180,-86.686320,I 24,,,,0.00,,,,,,,57.30,N,Not at Intersection, ,,None,,,         ,Jessie,Meadows,,,no,no,no,no,no,False
101683789,METROPOLITAN NASHVILLE POLICE DEPT,20170560385,Davidson,Nashville,6/26/2017 2:07:00 PM,2,0,0,36.152020,-86.802400,21ST AVN,,,,189.00,Feet,South,CHURCH ST,,,,0.00,N,Not at Intersection, ,Non-Junction,Utility Zone,,,         ,Tien,Nguyen,Clear,"Sideswipe, Same Direction",no,no,no,no,no,Campus
101683790,METROPOLITAN NASHVILLE POLICE DEPT,20170560426,Davidson,Nashville,6/26/2017 2:32:00 PM,2,0,0,36.149280,-86.861730,CHARLOTTE PKE,,,,539.00,Feet,East,OCEOLA AV,,,,0.00,N,Not at Intersection, ,,None,,,         ,Ethan,Usherwood,,,no,no,no,no,no,False
101683802,METROPOLITAN NASHVILLE POLICE DEPT,20170558005,Davidson,Nashville,6/25/2017 9:08:00 PM,2,1,0,36.247670,-86.720560,GALLATIN PKES,,,,137.00,Feet,South,DUE WEST AVW,,,,0.00,N,Not at Intersection,N,Non-Junction,None,,,         ,Jesse,Cox,Clear,"Sideswipe, Same Direction",no,no,no,no,no,False
101683805,METROPOLITAN NASHVILLE POLICE DEPT,20170560423,Davidson,Nashville,6/26/2017 2:32:00 PM,2,0,0,36.040790,-86.779590,OLD HICKORY BLVD,,,,100.00,Feet,West,STONE BROOK DR,,,,0.00,N,Not at Intersection, ,,None,,,         ,Russell,Freeman,,,no,no,no,no,no,False
101683820,METROPOLITAN NASHVILLE POLICE DEPT,20170560529,Davidson,Nashville,6/26/2017 12:00:00 AM,2,0,0,36.207480,-86.777800,BRICK CHURCH PKE,,,,23.00,Feet,South,I65 S EXT RAMP,,,,0.00,N,Not at Intersection, ,Non-Junction,None,,,         ,Melvin,Taylor,Clear,"Sideswipe, Same Direction",no,no,no,no,no,False
101683822,METROPOLITAN NASHVILLE POLICE DEPT,20170560476,Davidson,Nashville,6/26/2017 3:04:00 PM,2,0,0,36.089070,-86.649990,MURFREESBORO PKE,,,,0.00,,,RANSOM PL,,,,0.00,Y,T-Intersection,N,Intersection-Related,None,,,         ,Alyson,Cook,Cloudy,Front to Rear,no,no,no,no,no,False