master_record_number,agency,agency_tracking_number,county,city,collision_date,vehicles_involved,number_injured,number_dead,latitude,longitude,roadway_name,roadway_suffix,roadway_number,roadway_local_id,distance_from_reference,miles-feet_indicator,direction_from_reference,intersection_road_name,intersection_road_name_suffix,intersection_road_number,intersection_local_id,mile_marker,intersection_indicator,intersect_type,interchange_related_indicator,relation_to_junction,work_zone_type,construction_maintenance_zone,construction_maintenance_zone_location,fatal_case_number,officer_first_name,officer_last_name,weather_condition(s),manner_of_crash,pedestrian,bicycle,scooter,parking,hitrun,mou
101683830,METROPOLITAN NASHVILLE POLICE DEPT,20170560709,Davidson,Nashville,6/26/2017 4:14:00 PM,2,0,0,36.118900,-86.767570,I65 ENT RAMP,,,,0.00,Feet,East,I 440,,,,0.00,N,Not at Intersection, ,Non-Junction,None,,,         ,Tien,Nguyen,Clear,Front to Rear,no,no,no,no,no,False
101683835,METROPOLITAN NASHVILLE POLICE DEPT,20170560619,Davidson,Not in City Limit,6/26/2017 3:35:00 PM,2,0,0,36.306560,-86.684330,NORTHSIDE MARKETPLACE PVTDR,,,,0.00,Feet,East,GALLATIN PKEN,,,,0.00,N,Not at Intersection, ,Non-Junction,None,,,         ,Janelle,Keslar,Clear,Front to Rear,no,no,no,no,no,False
101683836,METROPOLITAN NASHVILLE POLICE DEPT,20170560475,Davidson,Madison,6/26/2017 3:00:00 PM,2,0,0,36.271440,-86.721210,HERITAGE CIR,,,,36.00,Feet,South,HERITAGE LN,,,,0.00,N,Not at Intersection, ,Non-Junction,None,,,         ,Marvis,Malone,Clear,Angle,no,no,no,no,yes,False
101683843,METROPOLITAN NASHVILLE POLICE DEPT,20170560701,Davidson,Nashville,6/26/2017 4:10:00 PM,2,2,0,36.214610,-86.604660,LEBANON PKE,,,,0.00,,,SHUTE LN,,,,0.00,Y,T-Intersection,N,Intersection,None,,,         ,Codey,Mullins,Clear,Front to Rear,no,no,no,no,no,False
101683844,Nashville Airport Police,2017-02111,Davidson,Nashville,6/25/2017 5:55:00 PM,2,0,0,36.136340,-86.664270,TERMINAL DR,,,,0.00,,,SATELLITE WAY ENT RAMP,,,,0.00,Y,T-Intersection, ,Intersection,None,,,         ,Kou,Vang,Clear,Other,no,no,no,no,no,False
101683852,METROPOLITAN NASHVILLE POLICE DEPT,20170560607,Davidson,Nashville,6/26/2017 3:46:00 PM,2,1,0,36.087150,-86.726340,ELYSIAN FIELDS RD,,,,485.00,Feet,East,SAM BONEY DR,,,,0.00,N,Not at Intersection,N,Non-Junction,None,,,         ,Jessie,Meadows,Clear,Not Collision with Motor Vehicle in Transport,no,no,no,no,no,False
101683861,METROPOLITAN NASHVILLE POLICE DEPT,20170560821,Davidson,Nashville,6/26/2017 4:45:00 PM,2,0,0,36.250910,-86.718370,GALLATIN PKES,,,,86.00,Feet,South,BRINK HAVEN AV,,,,0.00,N,Not at Intersection,N,Non-Junction,None,,,         ,Ryan,Sabel,Clear,"Sideswipe, Same Direction",no,no,no,no,yes,False
101683862,METROPOLITAN NASHVILLE POLICE DEPT,20170560691,Davidson,Nashville,6/26/2017 4:09:00 PM,2,1,0,36.168310,-86.781950,JAMES ROBERTSON PKWY,,,,0.00,,,GAY ST,,,,0.00,Y,Four-Way,N,Intersection,None,,,         ,Chad,Wilkinson,Clear,Front to Rear,no,no,no,no,no,False
101683874,METROPOLITAN NASHVILLE POLICE DEPT,20170560741,Davidson,Nashville,6/26/2017 4:23:00 PM,2,0,0,36.124830,-86.813370,I 440,,,,0.00,,,,,,,2.40,N,Not at Intersection,N,Non-Junction,None,,,         ,Walter,Gray II,Clear,"Sideswipe, Same Direction",no,no,no,no,no,False
101683878,METROPOLITAN NASHVILLE POLICE DEPT,20170560665,Davidson,Nashville,6/26/2017 4:00:00 PM,2,0,0,36.153540,-86.788380,14TH AVS,,,,0.00,,,DEMONBREUN ST,,,,0.00,Y,Four-Way, ,,None,,,         ,Eric,Burford,,,no,no,no,no,no,False
101683880,METROPOLITAN NASHVILLE POLICE DEPT,20170560832,Davidson,Nashville,6/26/2017 4:18:00 PM,2,0,0,36.040230,-86.744920,OLD HICKORY BLVD,,,,435.00,Feet,West,EDMONDSON PKE,,,,0.00,N,Not at Intersection, ,Non-Junction,None,,,         ,Tien,Nguyen,Clear,"Sideswipe, Same Direction",no,no,no,no,no,False
101683891,METROPOLITAN NASHVILLE POLICE DEPT,20170560772,Davidson,Nashville,6/26/2017 12:00:00 AM,3,0,0,36.189090,-86.792670,I 65,,,,0.00,,,,,,,85.60,N,Not at Intersection, ,Non-Junction,None,,,         ,Melvin,Taylor,Clear,Front to Rear,no,no,no,no,no,False
101683892,METROPOLITAN NASHVILLE POLICE DEPT,20170560861,Davidson,Nashville,6/26/2017 5:04:00 PM,2,0,0,36.163380,-86.787800,10TH AVN,,,,0.00,,,CHARLOTTE AV,,,,0.00,Y,Four-Way,N,Intersection,None,,,         ,Michael,Baron,Clear,Front to Rear,no,no,no,no,yes,False
101683895,METROPOLITAN NASHVILLE POLICE DEPT,20170560776,Davidson,Nashville,6/26/2017 4:41:00 PM,2,0,0,36.196630,-86.741960,CAHAL AV,,,,83.00,Feet,East,GALLATIN AV,,,,0.00,N,Not at Intersection, ,Non-Junction,None,,,         ,Benjamin,Williams,Clear,Angle,no,no,no,no,no,False
101683898,METROPOLITAN NASHVILLE POLICE DEPT,20170560842,Davidson,Nashville,6/26/2017 5:09:00 PM,2,0,0,36.153190,-86.721620,SPENCE LN,,,,192.00,Feet,South,LEBANON PKE,,,,0.00,N,Not at Intersection, ,Non-Junction,None,,,         ,Johnathan,Pannell,Clear,Angle,no,no,no,no,no,False
101683904,METROPOLITAN NASHVILLE POLICE DEPT,20170560683,Davidson,Nashville,6/26/2017 4:07:00 PM,2,0,0,36.232230,-86.787430,EWING DR,,,,668.00,Feet,North,EWING LN,,,,0.00,N,Not at Intersection,N,Non-Junction,None,,,         ,Kenneth,Oneal,Clear,Angle,no,no,no,no,no,False
101683910,METROPOLITAN NASHVILLE POLICE DEPT,20170560749,Davidson,Not in City Limit,6/26/2017 4:00:00 PM,2,0,0,35.996870,-86.689890,NOLENSVILLE PKE,,,,0.00,,,CONCORD RD,,,,0.00,Y,Four-Way, ,Intersection,None,,,         ,David,Robberson,Clear,Front to Rear,no,no,no,no,no,False
101683915,METROPOLITAN NASHVILLE POLICE DEPT,20170561034,Davidson,Nashville,6/26/2017 5:27:00 PM,2,0,0,36.081250,-86.744760,LYNN DR,,,,0.00,,,DANBY DR,,,,0.00,Y,Four-Way, ,Intersection-Related,None,,,         ,Tien,Nguyen,Clear,Not Collision with Motor Vehicle in Transport,no,no,no,no,no,False
101683916,METROPOLITAN NASHVILLE POLICE DEPT,20170560958,Davidson,Nashville,6/26/2017 5:32:00 PM,2,1,0,36.139440,-86.819930,MURPHY RD,,,,0.00,,,PARK DR,,,,0.00,Y,T-Intersection,N,Intersection-Related,None,,,         ,Eric,Burford,Clear,"Sideswipe, Same Direction",no,no,no,no,no,False
101683917,METROPOLITAN NASHVILLE POLICE DEPT,20170560934,Davidson,Nashville,6/26/2017 12:00:00 AM,3,1,0,36.179340,-86.800750,I 65,,,,0.00,,,,,,,85.00,N,Not at Intersection,N,Non-Junction,None,,,         ,Melvin,Taylor,Clear,Front to Rear,no,no,no,no,no,False
101683918,METROPOLITAN NASHVILLE POLICE DEPT,20170560851,Davidson,Nashville,6/26/2017 12:00:00 AM,1,0,0,36.162410,-86.817530,27TH AVN,,,,171.00,Feet,North,HERMAN ST,,,,0.00,N,Not at Intersection,N,Non-Junction,None,,,         ,Seth,Vaughn,Clear,Not Collision with Motor Vehicle in Transport,no,no,no,no,no,False
101683919,METROPOLITAN NASHVILLE POLICE DEPT,20170560998,Davidson,Nashville,6/26/2017 5:38:00 PM,2,0,0,36.149110,-86.746960,I 40,,,,0.00,,,,,,,211.80,N,Not at Intersection, ,Non-Junction,None,,,         ,Johnathan,Pannell,Clear,"Sideswipe, Same Direction",no,no,no,no,no,False
101683924,METROPOLITAN NASHVILLE POLICE DEPT,20170560970,Davidson,Nashville,6/26/2017 5:47:00 PM,2,0,0,36.149080,-86.780690,I 40,,,,0.00,,,,,,,209.80,N,Not at Intersection, ,Non-Junction,None,,,         ,Chad,Wilkinson,Clear,Front to Rear,no,no,no,no,no,False
101683940,METROPOLITAN NASHVILLE POLICE DEPT,20170561029,Davidson,Not in City Limit,6/26/2017 6:20:00 PM,2,0,0,36.261150,-86.757610,DICKERSON PKE,,,,0.00,,,TUCKAHOE DR,,,,0.00,Y,T-Intersection, ,Non-Junction,None,,,         ,Jesse,Cox,Clear,Angle,no,no,no,no,no,False
101683941,METROPOLITAN NASHVILLE POLICE DEPT,20170560927,Davidson,Nashville,6/26/2017 5:47:00 PM,2,0,0,36.247430,-86.681600,NEELYS BEND RD,,,,0.00,,,SIOUX TER,,,,0.00,Y,T-Intersection, ,Intersection,None,,,         ,Cecilia,Gomez,Clear,Front to Rear,no,no,no,no,no,False
101683949,METROPOLITAN NASHVILLE POLICE DEPT,20170560559,Davidson,Nashville,6/26/2017 3:25:00 PM,2,0,0,36.152810,-86.768010,LINDSLEY AV,,,,105.00,Feet,West,1ST AVS,,,,0.00,N,Not at Intersection, ,,None,,,         ,William,Gibbs,,,no,no,no,yes,no,False
101683957,METROPOLITAN NASHVILLE POLICE DEPT,20170560743,Davidson,Nashville,6/26/2017 4:22:00 PM,2,0,0,36.141800,-86.675200,I 40,,,,0.00,,,,,,,215.00,N,Not at Intersection, ,Non-Junction,None,,,         ,Dontaveous,Eubanks,Clear,Front to Rear,no,no,no,no,no,False
101683959,METROPOLITAN NASHVILLE POLICE DEPT,20170560537,Davidson,Nashville,6/26/2017 3:15:00 PM,3,1,0,36.193180,-86.624380,JACKSONIAN DR,,,,196.00,Feet,West,LEBANON PKE,,,,0.00,N,Not at Intersection,N,Non-Junction,None,,,         ,Brent,Hedgcoth,Clear,Front to Rear,no,no,no,no,no,False
101683960,METROPOLITAN NASHVILLE POLICE DEPT,20170561014,Davidson,Not in City Limit,6/26/2017 6:17:00 PM,2,0,0,36.272550,-86.689530,MYATT DR,,,,156.00,Feet,North,ANDERSON LN,,,,0.00,N,Not at Intersection,N,Non-Junction,None,,,         ,Bradley,Campbell,Clear,"Sideswipe, Same Direction",no,no,no,no,yes,False
101683961,Nashville Airport Police,2017-02124,Davidson,Nashville,6/26/2017 5:21:00 PM,2,0,0,36.144820,-86.689750,MARRIOTT DR,,,,0.00,Miles,,ERMAC DR,,,,0.00,Y,OTHER, ,Non-Junction,None,,,         ,Gary,Polk,Clear,Angle,no,no,no,yes,no,False
101683962,METROPOLITAN NASHVILLE POLICE DEPT,20170561210,Davidson,Nashville,6/26/2017 7:33:00 PM,2,0,0,36.144150,-86.813670,29TH AVS,,,,0.00,,,WEST END AV,,,,0.00,Y,T-Intersection, ,Intersection-Related,None,,,         ,Tien,Nguyen,Clear,Front to Rear,no,no,no,no,no,Campus
101683964,METROPOLITAN NASHVILLE POLICE DEPT,20170560872,Davidson,Nashville,6/26/2017 4:53:00 PM,2,1,0,36.179920,-86.643880,LEBANON PKE,,,,0.00,,,DANYACREST DR,,,,0.00,Y,Four-Way,Y,Intersection,None,,,         ,Samuel,Sundra,Clear,Angle,no,no,no,no,no,False
101683969,METROPOLITAN NASHVILLE POLICE DEPT,20170561075,Davidson,Nashville,6/26/2017 7:33:00 PM,2,0,0,36.106870,-86.719550,I 24,,,,0.00,,,,,,,53.95,N,Not at Intersection, ,Non-Junction,None,,,         ,Alyson,Cook,Clear,Front to Rear,no,no,no,no,no,False
101683997,METROPOLITAN NASHVILLE POLICE DEPT,20170561087,Davidson,Nashville,6/26/2017 12:00:00 AM,2,0,0,36.120210,-86.743030,PEACHTREE ST,,,,0.00,,,FOSTER AV,,,,0.00,Y,Four-Way,N,Non-Junction,None,,,         ,Benjamin,Froehlich,Clear,Front to Rear,no,no,no,no,yes,False
101683998,METROPOLITAN NASHVILLE POLICE DEPT,20170561051,Davidson,Nashville,6/26/2017 6:29:00 PM,2,0,0,36.112280,-86.922630,I40 W EXT RAMP,,,,0.00,Feet,East,OLD HICKORY BLVD,,,,0.00,N,Not at Intersection, ,Non-Junction,None,,,         ,Walter,Gray II,Clear,Front to Rear,no,no,no,no,no,False
101683999,METROPOLITAN NASHVILLE POLICE DEPT,20170561078,Davidson,Nashville,6/26/2017 6:12:00 PM,3,0,0,36.096040,-86.708200,I 24,,,,0.00,,,,,,,54.90,N,Not at Intersection,N,Non-Junction,None,,,         ,Alyson,Cook,Clear,Front to Rear,no,no,no,no,no,False
101684001,METROPOLITAN NASHVILLE POLICE DEPT,20170560483,Davidson,Not in City Limit,6/26/2017 3:05:00 PM,1,0,0,36.293020,-86.686150,HARBOR VILLAGE DR,,,,0.00,Feet,East,VAL MARIE DR,,,,0.00,N,Not at Intersection,N,Non-Junction,None,,,         ,Christopher,Littles,Clear,Not Collision with Motor Vehicle in Transport,no,no,no,no,no,False
101684002,METROPOLITAN NASHVILLE POLICE DEPT,20170560809,Davidson,Nashville,6/26/2017 4:45:00 PM,2,0,0,36.256190,-86.714390,NEELYS BEND RD,,,,0.00,,,GALLATIN PKES,,,,0.00,Y,T-Intersection,N,Intersection-Related,None,,,         ,Christopher,Littles,Clear,Angle,no,no,no,no,yes,False
101684003,METROPOLITAN NASHVILLE POLICE DEPT,20170560976,Davidson,Not in City Limit,6/26/2017 6:03:00 PM,3,0,0,36.280490,-86.732980,I 65,,,,0.00,,,,,,,93.40,N,Not at Intersection,N,Non-Junction,None,,,         ,Christopher,Littles,Clear,Front to Rear,no,no,no,no,no,False
101684004,METROPOLITAN NASHVILLE POLICE DEPT,20170561144,Davidson,Nashville,6/26/2017 6:50:00 PM,2,0,0,36.241970,-86.757130,BRILEY PKWY W ENT RAMP,,,,0.00,Feet,,DICKERSON PKE ENT RAMP,,,,0.00,Y,Four-Way,N,Intersection-Related,None,,,         ,Christopher,Littles,Clear,Front to Rear,no,no,no,no,yes,False
101684005,METROPOLITAN NASHVILLE POLICE DEPT,20170561425,Davidson,Not in City Limit,6/26/2017 8:12:00 PM,2,0,0,36.262080,-86.712250,GALLATIN PKES,,,,50.00,Feet,South,E OLD HICKORY BLVD,,,,0.00,N,Not at Intersection,N,Non-Junction,None,,,         ,Christopher,Littles,Clear,Rear to Side,no,no,no,no,yes,False
101684007,METROPOLITAN NASHVILLE POLICE DEPT,20170561239,Davidson,Nashville,6/26/2017 7:06:00 PM,2,0,0,36.084580,-86.703300,TRAVELERS INN DR,,,,80.00,Feet,North,LARGO DR,,,,0.00,N,Not at Intersection,N,Non-Junction,None,,,         ,Alyson,Cook,Clear,Front to Rear,no,no,no,no,yes,False
101684014,METROPOLITAN NASHVILLE POLICE DEPT,20170561174,Davidson,Nashville,6/26/2017 7:23:00 PM,2,0,0,36.096400,-86.862140,HARDING PL,,,,250.00,Feet,West,WESTOVER AV,,,,0.00,N,Not at Intersection,N,Non-Junction,None,,,         ,Walter,Gray II,Clear,Not Collision with Motor Vehicle in Transport,no,no,no,no,no,False
101684017,METROPOLITAN NASHVILLE POLICE DEPT,20170561332,Davidson,Nashville,6/26/2017 3:15:00 PM,2,0,0,36.048430,-86.716520,HICKORY TRACE DR PVTDR,,,,0.00,,,,,,,0.00,,,N,Non-Junction,None,,,         ,Bradley,Pope,Clear,Unknown,no,no,no,yes,yes,False
101684029,METROPOLITAN NASHVILLE POLICE DEPT,20170561530,Davidson,Nashville,6/26/2017 9:12:00 PM,1,1,0,36.099160,-86.763740,I 65,,,,0.00,,,,,,,79.00,N,Not at Intersection,N,Non-Junction,None,,,         ,Tien,Nguyen,Clear,Not Collision with Motor Vehicle in Transport,no,no,no,no,no,False
101684031,METROPOLITAN NASHVILLE POLICE DEPT,20170561422,Davidson,Nashville,6/26/2017 12:00:00 AM,2,0,0,36.177130,-86.809880,OSAGE ST,,,,14.00,Feet,West,DR D B TODD JR BLVD,,,,0.00,N,Not at Intersection,N,Non-Junction,None,,,         ,Melvin,Taylor,Clear,"Sideswipe, Opposite Direction",no,no,no,no,no,False
101684038,METROPOLITAN NASHVILLE POLICE DEPT,20170561198,Davidson,Nashville,6/26/2017 7:25:00 PM,2,1,0,36.167880,-86.664030,LEBANON PKE,,,,0.00,,,OLD LEBANON PKE,,,,0.00,Y,T-Intersection,Y,Intersection,None,,,         ,John,Kelley,Clear,Angle,no,no,no,no,no,False
101684042,METROPOLITAN NASHVILLE POLICE DEPT,20170561517,Davidson,Nashville,6/26/2017 9:05:00 PM,2,0,0,36.215120,-86.597670,LEBANON PKE,,,,0.00,Feet,,ANDREW JACKSON PKWY,,,,0.00,Y,Four-Way,N,Intersection,None,,,         ,Jonathon,Sheppard,Clear,HeadOn,no,no,no,no,yes,False
101684049,METROPOLITAN NASHVILLE POLICE DEPT,20170561551,Davidson,Nashville,6/26/2017 9:20:00 PM,2,0,0,36.177980,-86.809490,17TH AVN,,,,0.00,,,CENTURY ST,,,,0.00,Y,OTHER, ,Non-Junction,None,,,         ,Keiara,Ward,Clear,"Sideswipe, Same Direction",no,no,no,no,no,False
101684057,METROPOLITAN NASHVILLE POLICE DEPT,20170561252,Davidson,Nashville,6/26/2017 5:52:00 PM,4,0,0,36.081370,-86.714620,HARDING PL,,,,164.00,Feet,East,HUMBER DR,,,,0.00,N,Not at Intersection,N,Non-Junction,None,,,         ,Alyson,Cook,Clear,Unknown,no,no,no,yes,yes,False
101684075,METROPOLITAN NASHVILLE POLICE DEPT,20170561563,Davidson,Nashville,6/26/2017 9:25:00 PM,2,0,0,36.046580,-86.713410,NOLENSVILLE PKE,,,,445.00,Feet,North,OLD HICKORY BLVD,,,,0.00,N,Not at Intersection,N,Non-Junction,None,,,         ,Alyson,Cook,Clear,Front to Rear,no,no,no,no,no,False
101684110,METROPOLITAN NASHVILLE POLICE DEPT,20170561863,Davidson,Nashville,6/26/2017 10:15:00 PM,2,0,0,36.049790,-86.585110,LAKEWOOD VILLAGE,DR,,,200.00,Feet,East,PORT JAMES,CIR,,,0.00,N,Not at Intersection, ,Non-Junction,None,,,         ,Kevin,Breeding,Clear,Rear to Side,no,no,no,no,no,False
101684121,METROPOLITAN NASHVILLE POLICE DEPT,20170561891,Davidson,Nashville,6/26/2017 11:30:00 PM,2,0,0,36.013440,-86.620690,I24 E ENT RAMP,,,,0.00,,,I 24,,,,0.00,Y,T-Intersection, ,Entrance/Exit Ramp Related,None,,,         ,David,Moser,Clear,Angle,no,no,no,no,no,False
101684143,METROPOLITAN NASHVILLE POLICE DEPT,20170561974,Davidson,Nashville,6/27/2017 12:00:00 AM,1,0,0,36.189620,-86.837750,HYDES FERRY RD,,,,36.00,Feet,North,COUNTY HOSPITAL RD,,,,0.00,N,Not at Intersection,N,Non-Junction,None,,,         ,Bryant,Presley,Clear,Not Collision with Motor Vehicle in Transport,no,no,no,no,yes,False
101684144,METROPOLITAN NASHVILLE POLICE DEPT,20170561901,Davidson,Nashville,6/26/2017 11:30:00 PM,2,2,0,36.153880,-86.846100,I40 W ENT RAMP,,,,0.00,Feet,East,I 40,,,,0.00,N,Not at Intersection,N,Non-Junction,None,,,         ,Christopher,Lawson,Clear,Front to Rear,no,no,no,no,no,False
101684151,Nashville Airport Police,2017-02101,Davidson,Nashville,6/24/2017 11:00:00 PM,2,0,0,36.107030,-86.672600,DONELSON PKE,,,,370.00,Feet,North,MURFREESBORO PKE,,,,0.00,N,Not at Intersection, ,Non-Junction,None,,,         ,Keneil,Williams,Clear,Front to Rear,no,no,no,no,no,False
101684153,METROPOLITAN NASHVILLE POLICE DEPT,20170561707,Davidson,Nashville,6/26/2017 10:25:00 PM,3,1,0,36.160670,-86.856830,TENNESSEE AV,,,,0.00,Feet,East,57TH AVN,,,,0.00,N,Not at Intersection,N,Non-Junction,None,,,         ,Ian,Ward,Clear,Front to Rear,no,no,no,no,no,False
101684155,METROPOLITAN NASHVILLE POLICE DEPT,20170562093,Davidson,Nashville,6/27/2017 12:12:00 AM,1,1,0,36.168460,-86.782190,JAMES ROBERTSON PKWY,,,,81.00,Feet,North,GAY ST,,,,0.00,N,Not at Intersection,N,Non-Junction,None,,,         ,Katelin,Ehrhardt,Clear,Not Collision with Motor Vehicle in Transport,no,no,no,no,no,False
101684156,METROPOLITAN NASHVILLE POLICE DEPT,20170562314,Davidson,Nashville,6/27/2017 2:16:00 AM,1,0,0,36.102140,-86.772450,FRANKLIN PKE,,,,518.00,Feet,South,GLEN LEVEN DR,,,,0.00,N,Not at Intersection, ,Non-Junction,None,,,         ,Kevin,McGinniss,Clear,Not Collision with Motor Vehicle in Transport,no,no,no,no,no,False
101684175,METROPOLITAN NASHVILLE POLICE DEPT,20170562568,Davidson,Nashville,6/27/2017 4:01:00 AM,1,0,0,36.239400,-86.753480,I65 N EXT RAMP,,,,0.00,Feet,East,I 65,,,,0.00,N,Not at Intersection,N,Entrance/Exit Ramp Related,None,,,         ,Harris,Smith,Clear,Not Collision with Motor Vehicle in Transport,no,no,no,no,no,False
101684201,METROPOLITAN NASHVILLE POLICE DEPT,20170562848,Davidson,Nashville,6/27/2017 5:49:00 AM,2,0,0,36.153270,-86.769560,2ND AVS,,,,0.00,,,ASH ST,,,,0.00,Y,T-Intersection, ,Non-Junction,None,,,         ,Paxton,Montgomery,Clear,Angle,no,no,no,no,no,False
101684206,BERRY HILL POLICE DEPT,17-2124,Davidson,Berry Hill,6/26/2017 10:05:00 AM,2,1,0,36.118860,-86.774590,FRANKLIN PKE,,,,0.00,,,BERRY RD,,,,0.00,Y,Four-Way,Y,Intersection,None,,,         ,Ronnie,Hill,Cloudy,Angle,no,no,no,no,no,False
101684238,METROPOLITAN NASHVILLE POLICE DEPT,20170563043,Davidson,Not in City Limit,6/27/2017 7:33:00 AM,2,2,0,36.045050,-86.952920,HIGHWAY 100,,,,714.00,Feet,West,TEMPLE RD,,,,0.00,N,Not at Intersection,N,Non-Junction,None,,,         ,Curtis,Rich,Cloudy,Front to Rear,no,no,no,no,no,False
101684241,METROPOLITAN NASHVILLE POLICE DEPT,20170562979,Davidson,Nashville,6/27/2017 6:55:00 AM,3,0,0,36.211890,-86.838710,CLARKSVILLE PKE,,,,330.00,Feet,North,NORTHSIDE STATION PVTDR,,,,0.00,N,Not at Intersection, ,Non-Junction,None,,,         ,Jeanine,Sarno,Cloudy,Front to Rear,no,no,no,no,yes,False
101684252,METROPOLITAN NASHVILLE POLICE DEPT,2017-0563014,Davidson,Nashville,6/27/2017 7:17:00 AM,2,0,0,36.149250,-86.625560,BELL RD,,,,702.00,Feet,North,TRAILS CIR,,,,0.00,N,Not at Intersection, ,Non-Junction,None,,,         ,Bradley,Rumbley,Clear,Front to Rear,no,no,no,no,no,False
101684254,METROPOLITAN NASHVILLE POLICE DEPT,20170563135,Davidson,Nashville,6/27/2017 7:43:00 AM,2,0,0,36.232740,-86.724800,GALLATIN PKE,,,,59.00,Feet,North,GALLATIN PKE NB EXT RAMP,,,,0.00,N,Not at Intersection, ,Non-Junction,None,,,         ,Richard,Conger,Clear,"Sideswipe, Same Direction",no,no,no,no,no,False
101684268,METROPOLITAN NASHVILLE POLICE DEPT,20170563080,Davidson,Nashville,6/27/2017 7:47:00 AM,1,1,0,36.161880,-86.783190,CHURCH ST,,,,57.00,Feet,East,POLK AV,,,,0.00,N,Not at Intersection,N,Non-Junction,None,,,         ,Seth,Quiles,Cloudy,Not Collision with Motor Vehicle in Transport,no,yes,no,no,yes,False
101684275,METROPOLITAN NASHVILLE POLICE DEPT,20170563161,Davidson,Nashville,6/27/2017 8:16:00 AM,2,1,0,36.044020,-86.656530,I 24,,,,0.00,,,,,,,59.55,N,Not at Intersection,N,Non-Junction,None,,,         ,Randall,Combs,Cloudy,Front to Rear,no,no,no,no,no,False
101684284,METROPOLITAN NASHVILLE POLICE DEPT,20170563232,Davidson,Nashville,6/27/2017 8:44:00 AM,2,0,0,36.045540,-86.711520,OLD HICKORY BLVD,,,,500.00,Feet,East,NOLENSVILLE PKE,,,,0.00,N,Not at Intersection, ,,None,,,         ,Caleb,Jernigan,,,no,no,no,no,no,False
101684285,METROPOLITAN NASHVILLE POLICE DEPT,20170563228,Davidson,Nashville,6/27/2017 8:25:00 AM,2,0,0,36.166510,-86.787370,ROSA L PARKS BLVD,,,,0.00,,,JAMES ROBERTSON PKWY,,,,0.00,Y,T-Intersection, ,Intersection,None,,,         ,Charles,Coe,Cloudy,Front to Rear,no,no,no,no,no,False
101684296,METROPOLITAN NASHVILLE POLICE DEPT,20170563070,Davidson,Nashville,6/27/2017 7:42:00 AM,2,3,0,36.221140,-86.804900,REVELS DR,,,,0.00,,,WHITES CREEK PKE,,,,0.00,Y,Four-Way,N,Intersection,None,,,         ,Michael,McCord,Cloudy,Angle,no,no,no,no,no,False
101684300,METROPOLITAN NASHVILLE POLICE DEPT,20170563046,Davidson,Nashville,6/27/2017 7:31:00 AM,2,0,0,36.141720,-86.778670,CHESTNUT ST,,,,0.00,,,8TH AVS,,,,0.00,Y,Four-Way, ,,None,,,         ,Nathan,Kemp,,,no,no,no,no,no,False
101684301,METROPOLITAN NASHVILLE POLICE DEPT,20170563093,Davidson,Nashville,6/27/2017 7:51:00 AM,1,3,0,36.109000,-86.784890,GENERAL BATE DR,,,,215.00,Feet,West,DRAUGHON AV,,,,0.00,N,Not at Intersection,N,Non-Junction,None,,,         ,Nathan,Kemp,Clear,Not Collision with Motor Vehicle in Transport,no,no,no,no,no,False
101684302,METROPOLITAN NASHVILLE POLICE DEPT,20170563066,Davidson,Nashville,6/27/2017 7:40:00 AM,2,0,0,36.044810,-86.670060,BELL RD,,,,110.00,Feet,East,HICKORY PARK DR,,,,0.00,N,Not at Intersection,N,Non-Junction,None,,,         ,Peter,Vaught,Clear,"Sideswipe, Same Direction",no,no,no,no,no,False
101684322,METROPOLITAN NASHVILLE POLICE DEPT,20170563481,Davidson,Nashville,6/27/2017 10:16:00 AM,2,0,0,36.133250,-86.788250,12TH AVS,,,,150.00,Feet,East,CALDWELL AV,,,,0.00,N,Not at Intersection, ,,None,,,         ,Nathan,Kemp,,,no,no,no,no,no,False
101684325,METROPOLITAN NASHVILLE POLICE DEPT,20170563439,Davidson,Nashville,6/27/2017 9:52:00 AM,2,0,0,36.143890,-86.694590,I40 E ENT RAMP,,,,0.00,,,I 40,,,,0.00,Y,OTHER, ,Entrance/Exit Ramp Related,None,,,         ,Michael,Dance,Clear,"Sideswipe, Same Direction",no,no,no,no,no,False
101684329,METROPOLITAN NASHVILLE POLICE DEPT,20170563385,Davidson,Nashville,6/27/2017 12:00:00 AM,2,0,0,36.168310,-86.781950,JAMES ROBERTSON PKWY,,,,0.00,,,GAY ST,,,,0.00,Y,OTHER,N,OtherLocation,None,,,         ,Frank,Campbell,Clear,Unknown,no,no,no,no,yes,False
101684336,METROPOLITAN NASHVILLE POLICE DEPT,20170563398,Davidson,Nashville,6/27/2017 12:00:00 AM,2,0,0,36.176250,-86.787100,4TH AVN,,,,183.00,Feet,North,MADISON ST,,,,0.00,N,Not at Intersection,N,Non-Junction,None,,,         ,Joshua,Baker,Unknown,Unknown,no,no,no,no,yes,False
101684368,METROPOLITAN NASHVILLE POLICE DEPT,20170563693,Davidson,Nashville,6/27/2017 11:42:00 AM,1,1,0,36.131760,-86.778970,8TH AVS,,,,0.00,,,SOUTH DOUGLAS AV,,,,0.00,Y,T-Intersection,N,Intersection,None,,,         ,Nathan,Kemp,Clear,Not Collision with Motor Vehicle in Transport,no,yes,no,no,no,False
101684369,METROPOLITAN NASHVILLE POLICE DEPT,20170563456,Davidson,Nashville,6/27/2017 10:05:00 AM,2,0,0,36.116210,-86.833360,WOODMONT BLVD,,,,28.00,Feet,East,CANTRELL AV,,,,0.00,N,Not at Intersection,N,Non-Junction,Utility Zone,Work On Shoulder Or Median,Activity Area,         ,Blaine,Whited,Clear,"Sideswipe, Same Direction",no,no,no,no,no,False