master_record_number,agency,agency_tracking_number,county,city,collision_date,vehicles_involved,number_injured,number_dead,latitude,longitude,roadway_name,roadway_suffix,roadway_number,roadway_local_id,distance_from_reference,miles-feet_indicator,direction_from_reference,intersection_road_name,intersection_road_name_suffix,intersection_road_number,intersection_local_id,mile_marker,intersection_indicator,intersect_type,interchange_related_indicator,relation_to_junction,work_zone_type,construction_maintenance_zone,construction_maintenance_zone_location,fatal_case_number,officer_first_name,officer_last_name,weather_condition(s),manner_of_crash,pedestrian,bicycle,scooter,parking,hitrun,mou
101684375,METROPOLITAN NASHVILLE POLICE DEPT,20170563642,Davidson,Antioch,6/27/2017 11:30:00 AM,1,0,0,36.072260,-86.598290,DOVE CREEK RD,,,,188.00,Feet,North,QUAISE MOORE,,,,0.00,N,Not at Intersection, ,Non-Junction,None,,,         ,Thomas,White,Clear,Not Collision with Motor Vehicle in Transport,no,no,no,no,no,False
101684380,METROPOLITAN NASHVILLE POLICE DEPT,20170563517,Davidson,Antioch,6/27/2017 10:36:00 AM,2,0,0,36.011680,-86.617300,I 24,,,,0.00,,,,,,,62.80,N,Not at Intersection, ,Non-Junction,None,,,         ,Jessie,Meadows,Clear,"Sideswipe, Same Direction",no,no,no,no,no,False
101684388,METROPOLITAN NASHVILLE POLICE DEPT,20170563776,Davidson,Nashville,6/27/2017 12:11:00 PM,2,0,0,36.153870,-86.857500,BRILEY PKWY,,,,0.00,,,BRILEY PKWYN,,,,0.00,Y,Four-Way, ,,None,,,         ,Curtis,Rich,,,no,no,no,no,no,False
101684394,METROPOLITAN NASHVILLE POLICE DEPT,20170563484,Davidson,Nashville,6/27/2017 10:16:00 AM,2,0,0,36.204270,-86.729880,MCGAVOCK PKE,,,,49.00,Feet,East,HUFFINE ST,,,,0.00,N,Not at Intersection,N,Non-Junction,None,,,         ,Richard,Conger,Clear,Angle,no,no,no,no,no,False
101684395,METROPOLITAN NASHVILLE POLICE DEPT,20170563687,Davidson,Nashville,6/27/2017 11:36:00 AM,3,2,0,36.175820,-86.757570,MAIN ST,,,,0.00,,,NEILL AV,,,,0.00,Y,T-Intersection,N,Intersection-Related,None,,,         ,Richard,Conger,Clear,Front to Rear,no,no,no,no,no,False
101684400,METROPOLITAN NASHVILLE POLICE DEPT,20170563631,Davidson,Nashville,6/27/2017 11:05:00 AM,2,1,0,36.194270,-86.618240,OLD HICKORY BLVD,,,,0.00,Feet,,HERMITAGE MARKETPLACE PVTDR,,,,0.00,Y,Four-Way,N,Intersection,None,,,         ,Brian,Ewing,Clear,Angle,no,no,no,no,no,False
101684401,METROPOLITAN NASHVILLE POLICE DEPT,20170563853,Davidson,Nashville,6/27/2017 12:33:00 PM,2,0,0,36.160760,-86.793690,I40 E EXT RAMP,,,,0.00,,,CHARLOTTE AV,,,,0.00,Y,Four-Way,N,Intersection,None,,,         ,Nathan,Kemp,Clear,"Sideswipe, Same Direction",no,no,no,no,no,False
101684406,METROPOLITAN NASHVILLE POLICE DEPT,2017-0563606,Davidson,Nashville,6/27/2017 10:53:00 AM,1,0,0,36.061100,-86.623830,MURFREESBORO PKE,,,,1348.00,Feet,West,HAMILTON CHURCH RD,,,,0.00,N,Not at Intersection,N,Non-Junction,None,,,         ,William,Whitworth,Clear,Not Collision with Motor Vehicle in Transport,no,no,no,no,no,False
101684419,METROPOLITAN NASHVILLE POLICE DEPT,20170563348,Davidson,Not in City Limit,6/27/2017 9:33:00 AM,2,0,0,36.321050,-86.867470,GIFFORD PL,,,,0.00,,,WHITES CREEK PKE,,,,0.00,Y,Four-Way, ,Intersection,None,,,         ,Jeanine,Sarno,Clear,"Sideswipe, Same Direction",no,no,no,no,no,False
101684441,METROPOLITAN NASHVILLE POLICE DEPT,20170563918,Davidson,Nashville,6/27/2017 1:03:00 PM,2,0,0,36.256150,-86.714110,NEELYS BEND RD,,,,83.00,Feet,East,GALLATIN PKES,,,,0.00,N,Not at Intersection,N,Non-Junction,None,,,         ,Thomas,Odom,Clear,Front to Rear,no,no,no,no,no,False
101684442,BERRY HILL POLICE DEPT,17-2120,Davidson,Berry Hill,6/26/2017 7:45:00 AM,2,0,0,36.118860,-86.774590,FRANKLIN PKE,,,,0.00,,,BERRY RD,,,,0.00,Y,Four-Way,Y,Intersection,Construction Zone,Lane Shift-Crossover,Before First Warning Area,         ,Ronnie,Hill,Cloudy,Angle,no,no,no,no,no,False
101684445,VANDERBILT UNIVERSITY POLICE,2017 - 0563901,Davidson,Nashville,6/27/2017 12:35:00 PM,2,0,0,36.142510,-86.804820,24TH AVS,,,,0.00,,,HIGHLAND AV,,,,0.00,Y,Four-Way, ,Non-Junction,None,,,         ,Charles,Payton,Clear,"Sideswipe, Same Direction",no,no,no,no,no,Campus
101684450,METROPOLITAN NASHVILLE POLICE DEPT,20170563060,Davidson,Nashville,6/27/2017 7:40:00 AM,2,0,0,36.090250,-86.626160,SMITH SPRINGS RD,,,,104.00,Feet,East,BELL RD,,,,0.00,N,Not at Intersection, ,,None,,,         ,James,Curtis,,,no,no,no,no,no,False
101684458,METROPOLITAN NASHVILLE POLICE DEPT,20170563360,Davidson,Nashville,6/27/2017 9:30:00 AM,2,0,0,36.162290,-86.783680,POLK AV,,,,200.00,Feet,North,CHURCH ST,,,,0.00,N,Not at Intersection, ,Non-Junction,None,,,         ,Wesley,Henderson,Clear,Front to Rear,no,no,no,no,no,False
101684464,METROPOLITAN NASHVILLE POLICE DEPT,20170564069,Davidson,Nashville,6/27/2017 2:00:00 PM,2,0,0,36.138150,-86.861220,KNOB RD,,,,0.00,,,KENDALL DR,,,,0.00,Y,Four-Way,N,Intersection,None,,,         ,Curtis,Rich,Clear,Angle,no,no,no,no,no,False
101684500,METROPOLITAN NASHVILLE POLICE DEPT,20170564070,Davidson,Nashville,6/27/2017 1:53:00 PM,2,0,0,36.151320,-86.691920,BRILEY PKWY S EXT RAMP,,,,0.00,,,ELM HILL PKE,,,,0.00,Y,T-Intersection, ,Intersection,None,,,         ,Michael,Dance,Clear,Front to Rear,no,no,no,no,no,False
101684505,METROPOLITAN NASHVILLE POLICE DEPT,20170564020,Davidson,Nashville,6/27/2017 1:31:00 PM,2,0,0,36.093640,-86.736380,NOLENSVILLE PKE,,,,84.00,Feet,North,NATCHEZ CT,,,,0.00,N,Not at Intersection, ,Non-Junction,None,,,         ,Darrell,Osment,Cloudy,Front to Rear,no,no,no,no,no,False
101684535,METROPOLITAN NASHVILLE POLICE DEPT,20170563620,Davidson,Lakewood,6/27/2017 11:09:00 AM,3,3,0,36.238780,-86.630010,PITTS AV,,,,0.00,,,LAKESHORE DR,,,,0.00,Y,Four-Way,N,Intersection,None,,,         ,James,Curtis,Clear,Angle,no,no,no,no,yes,False
101684547,METROPOLITAN NASHVILLE POLICE DEPT,20170564076,Davidson,Nashville,6/27/2017 1:51:00 PM,1,0,0,36.204890,-86.737720,GALLATIN PKE,,,,57.00,Feet,South,MCGAVOCK PKE,,,,0.00,N,Not at Intersection, ,,None,,,         ,Jamell,Randall,,,no,no,no,no,no,False
101684561,METROPOLITAN NASHVILLE POLICE DEPT,20170564245,Davidson,Old Hickory,6/27/2017 1:55:00 PM,2,0,0,36.262990,-86.662680,ROBINSON,RD,,,0.00,,,CLAUDIA,DR,,,0.00,Y,Four-Way,N,Intersection,None,,,         ,Codey,Mullins,Clear,Front to Rear,no,no,no,no,no,False
101684569,METROPOLITAN NASHVILLE POLICE DEPT,20170564303,Davidson,Nashville,6/27/2017 3:22:00 PM,2,0,0,36.148900,-86.782480,I 40,,,,0.00,,,,,,,209.70,N,Not at Intersection, ,Non-Junction,None,,,         ,Tien,Nguyen,Clear,Front to Rear,no,no,no,no,no,False
101684576,METROPOLITAN NASHVILLE POLICE DEPT,20170564237,Davidson,Nashville,6/27/2017 3:00:00 PM,2,0,0,36.166490,-86.764860,I 24,,,,0.00,,,,,,,49.00,N,Not at Intersection, ,,None,,,         ,Pedro,Rivera Chaparro,,,no,no,no,no,no,False
101684577,METROPOLITAN NASHVILLE POLICE DEPT,20170564168,Davidson,Nashville,6/27/2017 2:41:00 PM,2,0,0,36.048570,-86.653940,BELL RD,,,,696.00,Feet,East,HICKORY HOLLOW MALL PVTDR PL,,,,0.00,N,Not at Intersection,N,Non-Junction,None,,,         ,William,Durham,Clear,"Sideswipe, Same Direction",no,no,no,no,yes,False
101684580,METROPOLITAN NASHVILLE POLICE DEPT,2017-0564080,Davidson,Nashville,6/27/2017 2:01:00 PM,3,3,0,36.089000,-86.732520,NOLENSVILLE PKE,,,,500.00,Feet,South,ZOO RD,,,,0.00,N,Not at Intersection,N,Non-Junction,None,,,         ,Allen,Bates,Clear,Front to Rear,no,no,no,no,no,False
101684581,BERRY HILL POLICE DEPT,17-2144,Davidson,Berry Hill,6/27/2017 3:10:00 PM,2,0,0,36.125080,-86.765880,BRANSFORD AV,,,,0.00,,,ROSEDALE AV,,,,0.00,Y,T-Intersection, ,,None,,,         ,Monty,Sands,,,no,no,no,no,no,False
101684600,METROPOLITAN NASHVILLE POLICE DEPT,20170564127,Davidson,Nashville,6/27/2017 2:35:00 PM,1,1,0,36.234390,-86.783550,PARKWOOD VILLA APTS PVTDR,,,,0.00,,,I24 W EXT RAMP,,,,0.00,Y,OTHER,N,OtherLocation,None,,,         ,Broderick,Jones,Clear,Not Collision with Motor Vehicle in Transport,yes,no,no,yes,yes,False
101684612,METROPOLITAN NASHVILLE POLICE DEPT,20170564123,Davidson,Nashville,6/27/2017 2:10:00 PM,2,0,0,36.059100,-86.714470,TUSCULUM RD,,,,54.00,Feet,West,RAYWOOD LN,,,,0.00,N,Not at Intersection, ,Non-Junction,None,,,         ,Jessie,Meadows,Clear,Angle,no,no,no,no,no,False
101684613,METROPOLITAN NASHVILLE POLICE DEPT,20170564128,Davidson,Nashville,6/27/2017 2:30:00 PM,2,1,0,36.071410,-86.690920,I 24,,,,0.00,,,,,,,56.85,N,Not at Intersection,N,Non-Junction,None,,,         ,Jessie,Meadows,Clear,"Sideswipe, Same Direction",no,no,no,no,no,False
101684617,METROPOLITAN NASHVILLE POLICE DEPT,20170564417,Davidson,Nashville,6/27/2017 4:30:00 PM,1,0,0,36.077880,-86.702590,WILLARD DR,,,,555.00,Feet,North,WILLOW LN,,,,0.00,N,Not at Intersection, ,Non-Junction,None,,,         ,Jessie,Meadows,Clear,Not Collision with Motor Vehicle in Transport,no,no,no,no,no,False
101684618,METROPOLITAN NASHVILLE POLICE DEPT,2017-0564512,Davidson,Nashville,6/27/2017 4:28:00 PM,2,0,0,36.153130,-86.847120,ALABAMA AV,,,,50.00,Feet,East,50TH AVN,,,,0.00,N,Not at Intersection,N,Non-Junction,None,,,         ,Michael,Rogers,Clear,"Sideswipe, Same Direction",no,no,no,no,yes,False
101684620,METROPOLITAN NASHVILLE POLICE DEPT,20170564378,Davidson,Antioch,6/27/2017 3:55:00 PM,2,0,0,36.030450,-86.588980,HICKORY WAY,,,,0.00,,,LAVERGNE COUCHVILLE PKE,,,,0.00,Y,T-Intersection, ,Non-Junction,None,,,         ,Joseph,Progar,Cloudy,Angle,no,no,no,no,no,False
101684623,METROPOLITAN NASHVILLE POLICE DEPT,20170564282,Davidson,Nashville,6/27/2017 3:27:00 PM,2,0,0,36.041960,-86.726520,OLD HICKORY BLVD,,,,124.00,Feet,South,WOODLANDS AV,,,,0.00,N,Not at Intersection, ,Non-Junction,None,,,         ,Jacob,Paul,Clear,Front to Rear,no,no,no,no,no,False
101684624,METROPOLITAN NASHVILLE POLICE DEPT,20170564410,Davidson,Nashville,6/27/2017 3:49:00 PM,2,0,0,36.141240,-86.814470,31ST AVS,,,,0.00,,,VANDERBILT PL,,,,0.00,Y,Four-Way, ,Intersection-Related,None,,,         ,Tien,Nguyen,Clear,Angle,no,no,no,no,no,Campus
101684633,GOODLETTSVILLE POLICE DEPT,17-22641,Davidson,Goodlettsville,6/27/2017 4:00:00 PM,2,0,0,36.323240,-86.705820,I65 S ENT RAMP,,,,0.00,,,LONG HOLLOW PKE,,,,0.00,Y,Y-Intersection, ,Non-Junction,None,,,         ,Daniel,Knalls,Clear,Front to Rear,no,no,no,no,no,False
101684635,METROPOLITAN NASHVILLE POLICE DEPT,20170564372,Davidson,Nashville,6/27/2017 3:55:00 PM,2,0,0,36.153640,-86.756610,I 40,,,,0.00,,,,,,,211.20,N,Not at Intersection, ,Non-Junction,None,,,         ,Cressie,Prill,Clear,Front to Rear,no,no,no,no,no,False
101684637,METROPOLITAN NASHVILLE POLICE DEPT,2017-0545438,Davidson,Nashville,6/27/2017 2:54:00 PM,2,1,0,36.155640,-86.785350,11TH AVS,,,,174.00,Feet,South,MCGAVOCK ST,,,,0.00,N,Not at Intersection,N,Non-Junction,None,,,         ,Pedro,Rivera Chaparro,Clear,Front to Rear,no,no,no,no,no,False
101684649,METROPOLITAN NASHVILLE POLICE DEPT,20170564608,Davidson,Nashville,6/27/2017 5:05:00 PM,2,0,0,36.142020,-86.711610,I 40,,,,0.00,,,,,,,214.10,N,Not at Intersection, ,Non-Junction,None,,,         ,Michael,Apsey,Clear,Front to Rear,no,no,no,no,no,False
101684651,METROPOLITAN NASHVILLE POLICE DEPT,20170564542,Davidson,Nashville,6/27/2017 1:52:00 PM,1,0,0,36.069370,-86.639670,RURAL HILL RD,,,,249.00,Feet,North,RICE RD,,,,0.00,N,Not at Intersection, ,Non-Junction,None,,,         ,Alyson,Cook,Clear,Not Collision with Motor Vehicle in Transport,no,no,no,no,no,False
101684652,METROPOLITAN NASHVILLE POLICE DEPT,20170564447,Davidson,Not in City Limit,6/27/2017 12:00:00 AM,2,0,0,36.304620,-86.813960,I 24,,,,0.00,,,,,,,38.50,N,Not at Intersection, ,Non-Junction,None,,,         ,Melvin,Taylor,Clear,Front to Rear,no,no,no,no,no,False
101684657,METROPOLITAN NASHVILLE POLICE DEPT,20170564507,Davidson,Nashville,6/27/2017 4:32:00 PM,2,1,0,36.149040,-86.782850,I 40,,,,0.00,,,,,,,209.65,N,Not at Intersection,N,Non-Junction,None,,,         ,Tien,Nguyen,Clear,Front to Rear,no,no,no,no,no,False
101684660,METROPOLITAN NASHVILLE POLICE DEPT,20170564396,Davidson,Nashville,6/27/2017 3:50:00 PM,2,0,0,36.142270,-86.666640,I40 W ENT RAMP,,,,0.00,,,I 40,,,,0.00,Y,Four-Way, ,Non-Junction,None,,,         ,Jaby,Djabbarov,Clear,Front to Rear,no,no,no,no,no,False
101684662,METROPOLITAN NASHVILLE POLICE DEPT,20170564681,Davidson,Nashville,6/27/2017 5:30:00 PM,2,0,0,36.124380,-86.728080,I 24,,,,0.00,,,,,,,52.60,N,Not at Intersection, ,Non-Junction,None,,,         ,Jessie,Meadows,Clear,Front to Rear,no,no,no,no,no,False
101684663,METROPOLITAN NASHVILLE POLICE DEPT,20170564588,Davidson,Nashville,6/27/2017 4:56:00 PM,2,0,0,36.146560,-86.755690,MURFREESBORO PKE,,,,564.00,Feet,West,EXPRESSWAY PARK DR,,,,0.00,N,Not at Intersection, ,Non-Junction,None,,,         ,Johnathan,Pannell,Clear,"Sideswipe, Same Direction",no,no,no,no,no,False
101684670,METROPOLITAN NASHVILLE POLICE DEPT,20170564624,Davidson,Nashville,6/27/2017 5:12:00 PM,2,0,0,36.140660,-86.732090,I 40,,,,0.00,,,,,,,213.00,N,Not at Intersection,Y,Non-Junction,None,,,         ,Dontaveous,Eubanks,Clear,Front to Rear,no,no,no,no,yes,False
101684672,METROPOLITAN NASHVILLE POLICE DEPT,20170564501,Davidson,Nashville,6/27/2017 4:26:00 PM,2,0,0,36.044770,-86.661120,BELL RD,,,,118.00,Feet,East,CANE RIDGE RD,,,,0.00,N,Not at Intersection,N,Non-Junction,None,,,         ,William,Durham,Clear,"Sideswipe, Same Direction",no,no,no,no,yes,False
101684677,METROPOLITAN NASHVILLE POLICE DEPT,20170564773,Davidson,Nashville,6/27/2017 4:55:00 PM,2,0,0,36.131320,-86.773840,I 65,,,,0.00,,,,,,,81.15,N,Not at Intersection,N,Non-Junction,None,,,         ,Tien,Nguyen,Clear,Front to Rear,no,no,no,no,yes,False
101684680,METROPOLITAN NASHVILLE POLICE DEPT,20170564557,Davidson,Not in City Limit,6/27/2017 4:48:00 PM,1,1,0,36.257930,-86.698480,LANIER DR,,,,13.00,Feet,East,MCCARLEY AV,,,,0.00,N,Not at Intersection,N,Non-Junction,None,,,         ,Byron,Dewalt,Clear,Not Collision with Motor Vehicle in Transport,no,no,no,no,no,False
101684685,METROPOLITAN NASHVILLE POLICE DEPT,20170564750,Davidson,Nashville,6/27/2017 5:16:00 PM,2,0,0,36.115020,-86.917940,I 40,,,,0.00,,,,,,,199.60,N,Not at Intersection,N,Non-Junction,None,,,         ,Adam,Reese,Clear,Front to Rear,no,no,no,no,no,False
101684691,METROPOLITAN NASHVILLE POLICE DEPT,20170564679,Davidson,Nashville,6/27/2017 5:00:00 PM,2,0,0,36.163780,-86.868130,BRILEY PKWYN,,,,43.00,Feet,South,63RD AVN,,,,0.00,N,Not at Intersection,N,Non-Junction,None,,,         ,Walter,Gray II,Clear,Front to Rear,no,no,no,no,no,False
101684694,METROPOLITAN NASHVILLE POLICE DEPT,20170564606,Davidson,Not in City Limit,6/27/2017 5:04:00 PM,2,0,0,35.996230,-86.688960,NOLENSVILLE PKE,,,,359.00,Feet,East,CONCORD RD,,,,0.00,N,Not at Intersection,N,Non-Junction,None,,,         ,Alyson,Cook,Clear,Front to Rear,no,no,no,no,no,False
101684697,METROPOLITAN NASHVILLE POLICE DEPT,20170564700,Davidson,Nashville,6/27/2017 5:10:00 PM,2,0,0,36.151300,-86.751420,I 40,,,,0.00,,,,,,,211.50,N,Not at Intersection, ,,None,,,         ,John,Kelley,,,no,no,no,no,no,False
101684702,BELLE MEADE POLICE DEPT,17-0184,Davidson,Nashville,6/27/2017 5:58:00 PM,2,0,0,36.113270,-86.862950,JACKSON BLVD,,,,0.00,Feet,,HARDING PKE,,,,0.00,Y,T-Intersection, ,Intersection-Related,None,,,         ,Donald,Lawman,Clear,Front to Rear,no,no,no,no,no,False
101684703,METROPOLITAN NASHVILLE POLICE DEPT,20170564602,Davidson,Nashville,6/27/2017 4:30:00 PM,2,0,0,36.175590,-86.603100,OLD HICKORY BLVD,,,,427.00,Feet,North,BURNING TREE DR,,,,0.00,N,Not at Intersection,N,Non-Junction,None,,,         ,Sandra,Talavera,Clear,Angle,no,no,no,no,no,False
101684704,METROPOLITAN NASHVILLE POLICE DEPT,20170564594,Davidson,Nashville,6/27/2017 4:59:00 PM,2,0,0,36.242090,-86.757050,DICKERSON PKE,,,,47.00,Feet,North,DICKERSON PKE ENT RAMP,,,,0.00,N,Not at Intersection,N,Non-Junction,None,,,         ,Bradley,Fort,Clear,Angle,no,no,no,no,no,False
101684709,METROPOLITAN NASHVILLE POLICE DEPT,20170564883,Davidson,Nashville,6/27/2017 5:27:00 PM,2,0,0,36.058880,-86.920480,HIGHWAY 100,,,,0.00,,,WILLOUGHBY WAY,,,,0.00,Y,T-Intersection,N,Intersection-Related,None,,,         ,Adam,Reese,Clear,Front to Rear,no,no,no,no,no,False
101684713,METROPOLITAN NASHVILLE POLICE DEPT,20170564798,Davidson,Not in City Limit,6/27/2017 5:57:00 PM,2,0,0,36.264210,-86.734830,OLD HICKORY BLVDW,,,,105.00,Feet,East,BOYDS HILLTOP DR,,,,0.00,N,Not at Intersection,N,Non-Junction,None,,,         ,Rodney,Phipps,Clear,"Sideswipe, Opposite Direction",no,no,no,no,no,False
101684715,METROPOLITAN NASHVILLE POLICE DEPT,20170564666,Davidson,Nashville,6/27/2017 12:00:00 AM,2,0,0,36.169860,-86.808550,I 40,,,,0.00,,,,,,,207.20,N,Not at Intersection,N,Non-Junction,None,,,         ,Frederick,Ware,Clear,Rear to Side,no,no,no,no,no,False
101684716,METROPOLITAN NASHVILLE POLICE DEPT,20170564740,Davidson,Nashville,6/27/2017 5:57:00 PM,2,3,0,36.082780,-86.628700,MOSSDALE DR,,,,0.00,,,BELL RD,,,,0.00,Y,Four-Way,N,Intersection,None,,,         ,Michael,Apsey,Clear,Angle,no,no,no,no,yes,False
101684719,METROPOLITAN NASHVILLE POLICE DEPT,20170564807,Davidson,Nashville,6/27/2017 6:06:00 PM,2,0,0,36.148820,-86.774850,I 40,,,,0.00,,,,,,,210.10,N,Not at Intersection,Y,Non-Junction,None,,,         ,Johnathan,Pannell,Clear,"Sideswipe, Same Direction",no,no,no,no,yes,False
101684742,METROPOLITAN NASHVILLE POLICE DEPT,20170564586,Davidson,Nashville,6/27/2017 4:35:00 PM,2,0,0,36.187590,-86.811410,CECILIA AV,,,,0.00,Feet,,15TH AVN,,,,0.00,Y,Four-Way, ,Intersection-Related,None,,,         ,Seth,Vaughn,Clear,Angle,no,no,no,no,no,False
101684745,METROPOLITAN NASHVILLE POLICE DEPT,20170564928,Davidson,Not in City Limit,6/27/2017 5:32:00 PM,2,0,0,36.257910,-86.682960,MANZANO RD,,,,359.00,Feet,West,FAWN LN,,,,0.00,N,Not at Intersection, ,Non-Junction,None,,,         ,Janelle,Keslar,Clear,"Sideswipe, Same Direction",no,no,no,no,no,False
101684748,METROPOLITAN NASHVILLE POLICE DEPT,20170564437,Davidson,Nashville,6/27/2017 4:15:00 PM,2,0,0,36.060870,-86.916190,OLD HICKORY BLVD,,,,50.00,Feet,North,HIGHWAY 100,,,,0.00,N,Not at Intersection, ,Non-Junction,None,,,         ,Walter,Gray II,Clear,Front to Rear,no,no,no,no,no,False
101684749,METROPOLITAN NASHVILLE POLICE DEPT,20170564976,Davidson,Nashville,6/27/2017 7:17:00 PM,2,1,0,36.046820,-86.661840,I 24,,,,0.00,,,,,,,59.20,N,Not at Intersection,N,Non-Junction,None,,,         ,Alyson,Cook,Clear,Front to Rear,no,no,no,no,no,False
101684752,VANDERBILT UNIVERSITY POLICE,17-0564800,Davidson,Nashville,6/27/2017 12:00:00 AM,2,1,0,36.142650,-86.810200,NATCHEZ TRC,,,,145.00,Feet,South,JESS NEELY DR,,,,0.00,N,Not at Intersection,N,Non-Junction,None,,,         ,Cameron,Hoppe,Clear,Front to Rear,no,no,no,no,no,Campus
101684758,METROPOLITAN NASHVILLE POLICE DEPT,20170564894,Davidson,Not in City Limit,6/27/2017 6:53:00 PM,2,1,0,36.276030,-86.689600,MYATT DR,,,,0.00,,,MYATT CENTER LN,,,,0.00,Y,T-Intersection,N,Intersection-Related,None,,,         ,Christopher,Littles,Clear,Not Collision with Motor Vehicle in Transport,no,no,no,no,no,False
101684759,METROPOLITAN NASHVILLE POLICE DEPT,20170564850,Davidson,Nashville,6/27/2017 5:42:00 PM,2,0,0,36.125420,-86.814030,I 440,,,,0.00,,,,,,,2.35,N,Not at Intersection, ,Non-Junction,None,,,         ,Shaun,Heath,Clear,"Sideswipe, Same Direction",no,no,no,no,no,False
101684765,VANDERBILT UNIVERSITY POLICE,17-0565038,Davidson,Nashville,6/27/2017 12:00:00 AM,2,0,0,36.107960,-86.763050,POWELL AVE,,,,0.00,,,,,,,0.00,,Not at Intersection, ,Non-Junction,None,,,         ,Nancy,Douglas,Clear,Unknown,no,no,no,yes,yes,OHO
101684785,METROPOLITAN NASHVILLE POLICE DEPT,20170564934,Davidson,Nashville,6/27/2017 6:10:00 PM,2,0,0,36.073530,-86.637760,MURFREESBORO PKE,,,,432.00,Feet,South,RURAL HILL RD,,,,0.00,N,Not at Intersection,N,Non-Junction,None,,,         ,Alyson,Cook,Clear,Front to Rear,no,no,no,no,no,False
101684788,METROPOLITAN NASHVILLE POLICE DEPT,20170564730,Davidson,Nashville,6/27/2017 5:37:00 PM,2,0,0,36.140860,-86.718520,I 40,,,,0.00,,,,,,,213.70,N,Not at Intersection, ,Non-Junction,None,,,         ,Dontaveous,Eubanks,Clear,Angle,no,no,no,no,no,False
101684816,METROPOLITAN NASHVILLE POLICE DEPT,20170565191,Davidson,Nashville,6/27/2017 7:40:00 PM,2,0,0,36.152230,-86.625390,BLACKWOOD DR,,,,92.00,Feet,West,BELL RD,,,,0.00,N,Not at Intersection,N,Non-Junction,None,,,         ,Marcus,Mitchell,Clear,"Sideswipe, Same Direction",no,no,no,no,yes,False
101684817,METROPOLITAN NASHVILLE POLICE DEPT,20170564821,Davidson,Not in City Limit,6/27/2017 5:35:00 PM,2,0,0,36.264030,-86.689750,STATE RT 45,,,,157.00,Feet,East,MYATT DR,,,,0.00,N,Not at Intersection, ,,None,,,         ,Bradley,Campbell,,,no,no,no,no,no,False
101684825,METROPOLITAN NASHVILLE POLICE DEPT,20170565080,Davidson,Nashville,6/27/2017 7:26:00 PM,2,0,0,36.161350,-86.799930,17TH AVN,,,,0.00,,,JO JOHNSTON AV,,,,0.00,Y,Four-Way, ,Intersection,None,,,         ,Seth,Vaughn,Clear,Angle,no,no,no,no,yes,False
101684835,METROPOLITAN NASHVILLE POLICE DEPT,20170564919,Davidson,Nashville,6/27/2017 4:44:00 PM,2,0,0,36.120080,-86.743050,FOSTER AV,,,,0.00,Feet,,PEACHTREE ST,,,,0.00,Y,Four-Way, ,Intersection,None,,,         ,Aimee,Ortiz,Clear,Front to Rear,no,no,no,no,no,False
101684840,METROPOLITAN NASHVILLE POLICE DEPT,20170565273,Davidson,Nashville,6/27/2017 8:30:00 PM,2,0,0,36.079600,-86.726320,NOLENSVILLE PKE,,,,0.00,,,HARDING PL,,,,0.00,Y,Four-Way, ,Intersection-Related,None,,,         ,Tien,Nguyen,Clear,Front to Rear,no,no,no,no,no,False
101684855,METROPOLITAN NASHVILLE POLICE DEPT,20170564660,Davidson,Nashville,6/27/2017 5:23:00 PM,2,1,0,36.155590,-86.771070,2ND AVS,,,,0.00,,,LEA AV,,,,0.00,Y,Four-Way,N,Intersection,None,,,         ,Michael,Douglas,Cloudy,Angle,no,no,no,no,no,False
101684871,METROPOLITAN NASHVILLE POLICE DEPT,20170564654,Davidson,Nashville,6/27/2017 5:10:00 PM,1,0,0,36.081350,-86.759320,HARDING PL,,,,298.00,Feet,West,TROUSDALE DR,,,,0.00,N,Not at Intersection, ,Non-Junction,None,,,         ,Jacob,Paul,Clear,Not Collision with Motor Vehicle in Transport,no,no,no,no,no,False
101684892,METROPOLITAN NASHVILLE POLICE DEPT,20170565570,Davidson,Nashville,6/27/2017 9:53:00 PM,2,0,0,36.167150,-86.779610,3RD AVN,,,,0.00,,,JAMES ROBERTSON PKWY,,,,0.00,Y,Four-Way,N,Intersection,None,,,         ,David,Snowden,Clear,Angle,no,no,no,no,no,False
101684905,METROPOLITAN NASHVILLE POLICE DEPT,20170564851,Davidson,Nashville,6/27/2017 6:37:00 PM,4,2,0,36.045100,-86.659310,BELL RD,,,,142.00,Feet,East,I24 E ENT RAMP,,,,0.00,N,Not at Intersection,N,Non-Junction,None,,,         ,William,Durham,Clear,"Sideswipe, Same Direction",no,no,no,no,no,False
101684908,METROPOLITAN NASHVILLE POLICE DEPT,20170565752,Davidson,Nashville,6/27/2017 10:32:00 PM,2,0,0,36.125350,-86.752360,NOLENSVILLE PKE,,,,140.00,Feet,North,ROSEDALE AV,,,,0.00,N,Not at Intersection, ,Non-Junction,None,,,         ,Kevin,McGinniss,Clear,"Sideswipe, Same Direction",no,no,no,no,no,False
101684916,GOODLETTSVILLE POLICE DEPT,17-22645,Davidson,Goodlettsville,6/27/2017 4:39:00 PM,3,0,0,36.323080,-86.699440,NORTHCREEK BLVD,,,,0.00,,,NORTHGATE CIR,,,,0.00,Y,Four-Way,N,Intersection,None,,,         ,William,Hunter,Clear,Angle,no,no,no,no,no,False